TICKER,SETOR,DY,P/L,P/VP,P/ATIVOS,MARGEM BRUTA,MARGEM EBIT,MARG. LIQUIDA,P/EBIT,EV/EBIT,DIVIDA LIQUIDA / EBIT,DIV. LIQ. / PATRI.,PSR,P/CAP. GIRO,P. AT CIR. LIQ.,LIQ. CORRENTE,ROE,ROA,ROIC,PATRIMONIO / ATIVOS,PASSIVOS / ATIVOS,GIRO ATIVOS,CAGR RECEITAS 5 ANOS,CAGR LUCROS 5 ANOS,VPA,LPA,PEG RATIO
ABCB,Financeiro e Outros,0.753831862986112,0.5046011625358492,0.691691593290855,0.6004281497932297,-1.0948145058533507,-0.4833369971153452,-0.473973381184809,-0.4376824735846313,-0.5697050493567412,,,0.6685769225355553,-0.1197841425572846,0.674741324588316,-0.6493153001043598,-0.09778093590687159,-0.4851905359651094,,-0.7285620085940397,0.7806736488866912,-0.1906171899702759,2.0756476004873092,0.13723228562984643,0.7612533252509611,0.9333026563293122,-0.22354598435143555
ABEV,Consumo não Cíclico,0.8531760689207881,-0.9649735196723397,-0.27509310964868366,-2.727051688023579,1.894594017545285,1.6769462664729011,1.2873748422883806,0.4931264675045742,0.2157620423333682,0.9413118501180434,-0.5399833407778235,-2.8993114067698667,-0.13741686045539123,-1.7406143350104788,-0.9462288839267385,0.32496988162169554,1.1057506424773191,1.38686132406234,1.7492273883315512,-1.7182389205781856,-0.7118311491345609,-0.5471961770559063,-0.757647497593301,-0.5543423262957726,-0.0609295564114391,-4.116685490863088
AESB,Utilidade Pública,,1.9673876889541893,0.33391584732268453,0.5456977440946195,-0.7808021008930219,-0.7070791917550543,-2.0422874669270352,1.569349872788062,2.652623892903927,-2.993174325299886,1.004594482343135,-0.1389342402551142,-0.242301909268663,0.7454333518909805,-1.2560236106508993,-2.188117412095684,-2.158066588859046,-1.4697821548398744,-0.33351746065343385,0.04097939429917602,-0.9263517033481312,,,-1.0149985253715474,-1.3526162204986554,-0.2482832142106341
AGRO,Consumo não Cíclico,1.0907609392859077,-0.0736104964101789,0.20625112183309924,-0.18722887362190951,0.9773003662151893,2.153560411022928,1.8636403312234153,0.20953858052968694,0.18708666408708974,-0.235610152907474,-0.29701491677928615,-1.7216481048951229,-0.23061069205486648,0.22138205272752803,-0.1487735022365907,0.3051072491436873,0.8612680353426376,0.1111610507382164,1.2795447389135577,-1.1887154357360168,-1.3197905112260668,-0.3251226011413152,-0.4249431553983148,0.9281003391761002,0.5916651484373673,0.2594368924658585
ALOS,Financeiro e Outros,-0.6301273572388579,-0.354689700779925,0.6239833136901116,0.20025656036714518,0.7864693319347943,0.2773496610891367,-0.028277460355235692,-0.18359388851882438,-0.47105874994736024,0.0044740917124410085,-0.29843900365190845,-0.4734869641699472,0.1109113591516133,0.3643330369736275,0.06086110494407143,-0.7502389471267311,-0.31736956912397213,-0.0019981785540146074,0.8558674730306682,-0.8554687290195488,-0.524197272418259,1.5633430079329937,3.6159312388766067,0.6357802815509945,-0.35615704111965657,-0.3114945625165465
ALPA,Consumo Cíclico,-1.4067995766973385,-1.8833064900663108,0.134721929641744,-0.6885705229150583,0.009602664384566273,-0.765208457477208,-0.5632907523437553,0.42227495463725545,0.35414952849297093,-0.1013835604524393,-0.6451962349417147,-0.48719207254367586,0.14334917578954157,-0.12394142346163925,-0.09682190947193078,-0.5294775496185488,-0.4940786539012752,-0.2116362634296322,1.4366867701944765,-1.4173937707173536,0.18404362695955415,-1.2439903605510765,-0.6839455285916816,-0.7287319642952558,-0.43975849693781643,-0.07084146967519533
ALUP,Utilidade Pública,-1.0324602945019181,0.02038442532678949,0.36017316451814074,0.8564673651191509,1.9836579250295894,1.8067317393279267,0.5933648257204995,-0.7462305231888106,-0.5386051602988526,0.23417807891062456,0.20254085547241052,-0.8390811897318063,-0.013939251720021315,0.8572840717112089,0.9898767937414797,-0.37903874971514245,-0.6474015212784751,0.21853313128765933,-0.8426586990791148,-0.19123717339615431,-1.3677390827339724,-1.751512565575456,-0.6849284215537853,-0.49367267165552264,-0.5949805209731709,-0.2433770505598733
AMER,Consumo Cíclico,,1.0026167317952557,0.9781983587030999,1.1327225860876806,-0.8491827676701228,-1.3973652558444372,2.911801578019143,0.08118835199158435,0.08699221182774303,-0.10528273028761093,-0.3323894212831633,1.43322755173073,-0.8632779478290703,0.852686430870706,-0.6129243251219824,4.5076037126732995,3.7351227273763774,-5.034347457143439,-0.7771803953527727,0.8627034521675708,0.6196975822829914,-0.04419727092395557,,1.463739577950166,5.6646387793645046,0.20421169127250013
ANIM,Consumo Cíclico,2.6047830625309527,-0.29625604011298523,0.7134228631142909,0.9408858753678491,1.0897245479997426,0.5911059081486224,-0.6737910384294895,0.11287962524999373,0.14719822636248947,-0.2177737800323124,1.3590844599815963,0.9707393166144561,-0.5777099694975493,0.7970557303074711,-0.18030906494473314,-0.5262266137795815,-0.7488782462129939,0.15723661168264216,-0.8968488907877593,0.6826957766766556,-0.8324822687951332,0.8118301204754935,,-0.7367434315629005,-0.43975849693781643,0.11619467976923759
ARML,Bens Industriais,-0.5998740228619046,0.22301180146833355,0.5895551596087661,0.7313467763115972,0.3003515387958335,0.36552856915147497,-0.12681461672870523,-0.42362745945082003,-0.1192634425129739,-0.5660556045304561,-0.11439295767600177,0.6636332690989153,-0.24855468754190663,0.6502124919685174,0.7499993986454653,-0.3618210402130356,-0.635511822202287,-0.2035426003255904,-0.2626844456813756,0.2579363477335386,-0.8109553140632593,3.752466214695496,1.2667640370476863,-0.5842569209464702,-0.8382189671708871,-0.5900328287981502
ASAI,Consumo não Cíclico,-1.0597781123023675,-1.082979510721325,-0.3514969559156334,0.5560432583819941,-0.7517374186181119,-0.6597162441269914,-0.14424347741447507,0.07263408336939654,-0.21628032324389304,-0.19045969243334931,0.24108091354356156,0.8890753595019059,-0.20688267522971476,0.7196668496133711,-1.0480316986105873,0.32636026589515615,0.014932767331674946,1.3742773509592663,-1.05259774664923,1.2106006705035253,1.5897292930689977,0.32388312071760617,-1.1268150227082767,-0.7522626292867298,-0.1572649652224534,0.37245521390157066
AURA,Materiais Básicos,-0.8640417589446061,2.0607564050461034,-3.4744527313147167,-2.6164335041041635,1.4530320134006176,2.1234419932708453,-1.8825482472307182,0.35891449923282104,0.296804909848796,-0.16480120582169033,1.124516754481159,-2.5462621176658136,2.674180263678637,-2.387931577001333,-1.0435117014581115,-1.0465220260745285,-1.8050643841294407,1.9071261894691767,-1.0225571927894415,1.1769906403780048,-0.051252443822779756,3.3016983563206463,,-0.8124562565815183,-0.7951664787203894,-0.26331622221267287
AZZA,Consumo Cíclico,-1.2900850100465635,-0.9586500554756077,0.45974574159207865,0.17816160383116908,0.5812830992722238,-0.6146617447458722,-0.6142908843833249,0.23635900098928112,0.22273065783930035,-0.20490651957624603,-0.27446223356861665,0.38756676095120335,0.03983078364436514,0.3643725037045334,-0.5673858766822719,-0.5246011458600979,-0.5668785374189091,-0.1775930892078218,0.7186757975845578,-0.6373605102567216,0.11143463440564784,1.7931711161549808,-0.032108294553055486,3.0696381917495352,-0.0550454797838831,-3.5475134240540664
B,Financeiro e Outros,-1.3133477317802993,-0.4409267766682465,-1.7204158674856267,-0.9557946979748765,1.3351193531615144,0.28103686723006466,0.22777362396047438,0.1161445101350767,0.04002302984981331,-0.1224321276274182,-0.23757490273106324,-1.1035911775247071,0.20876493817486963,-0.8702453796757017,-0.14685847597918517,0.6680822916316193,0.3925639754524752,-0.13812351141009593,0.4597601026244912,-0.38799947818919456,0.09530859498513808,-0.2399361458828401,0.020430400518422768,-0.9175906746643812,-0.7284278324333757,0.4297863105893887
BBAS,Financeiro e Outros,1.4545707086696413,0.5579860190381435,0.8186446175422488,0.6337757822454032,-0.5052670098921063,-0.5626920858005336,-0.4874175908624835,-0.2671416605574118,-0.3836863133276229,,,0.6928116999722769,0.03097863907738357,0.6959055260165902,3.0119388051635054,-0.20967408267458798,-0.5431650517829568,,-0.8870049567565105,0.89754096159428,-0.47654297492569,0.2727810963634238,-0.12445743406635844,1.1479451032034897,1.105949979837124,-0.7512374533421012
BBDC,Financeiro e Outros,0.4136815483105658,0.21047113584532445,0.598592708839833,0.6059860885352586,-0.6487547602318802,-0.5338356899150105,-0.4923063943816379,-0.09617018891143667,-0.1976675772985045,,,0.6079899789437516,0.009217596067851273,0.6712139576836038,2.3682326660105155,-0.39263449833531333,-0.5523189227015644,,-0.8473942197158928,0.89754096159428,-0.47654297492569,-0.3369088234907853,-0.5925565919556516,0.0018112186459004122,-0.24285723506765514,-0.3177766038140544
BBSE,Financeiro e Outros,1.180114660776926,0.22638392961043122,-3.1991646939658636,-3.237662027902283,,,,-0.19565232984398137,-0.30570876236592176,,,,0.39906739272881875,-3.328773080701493,-0.04299868551755686,3.6105847584078887,3.677196622337965,,1.3311963175180808,-1.245026438044844,-1.0007402473439488,,-0.2648871814331464,-0.7517608040433726,1.1167404375563623,1.0454263577451652
BEEF,Consumo não Cíclico,,1.1786236358865987,3.0200519721523214,1.046293168782902,-0.4874839495263294,-0.4502472709974803,-0.560820939295224,-0.024456350841217566,0.0609149998034648,-1.0422983800451688,,0.964748503397472,-0.23846548383146843,0.9688092480562929,-0.31844486004300526,-3.2563739849050632,-0.6746737473439244,0.15520495659897546,-1.7750195584561212,1.766349238367381,0.004692384758999803,-0.24162982259978286,,-1.1404509700886474,-0.7228470427580856,0.22058684447233248
BLAU,Saúde,-0.7837834170817207,0.2854296383136206,0.639198799932223,0.10990183111338268,0.751978879118876,1.0649771436758209,1.0426144514571691,0.10685589085956797,0.05139238294275072,0.09756769296925154,-1.0013694397594008,-0.26201264570388844,0.21140799793684376,0.015497762615057194,1.6750311667083946,0.4077369007119523,0.5875480388632535,0.22235980705590477,1.950561942157444,-1.9625548477654842,-0.6739687027442574,-0.8227513116643301,-0.4171125027098352,1.0318799397652851,1.0175002303153111,0.4594818490146225
BMGB,Financeiro e Outros,1.0925223050664845,0.2746356268336588,0.9455976417936426,0.6448916597294612,-0.1132751122247532,-0.6370774618609928,-0.6033229742957683,0.2022762338861977,0.12833495503535447,,,0.7473399492049004,-0.020223815062692423,0.702960259826015,-0.7419470051106768,-0.7419225645966981,-0.5889344063759943,,-0.8077834826752751,0.8585851906917504,-0.142962892477707,0.5513196384287988,-0.7646387585701918,-0.6277552813223531,-0.9496322156777595,-1.3166211701178145
BMOB,Tecnologia da Informação,1.6444565580595463,0.7513720199517399,0.4168329860616897,0.2553020984246964,-1.0676841852914014,-0.7819918473335313,-0.06038189744633026,-0.4319285139842677,-0.8002915899520272,1.2036542819060305,-1.5447056211122239,0.6112497379679427,-0.9157868330573862,-0.3530407145771449,0.5789777344015179,0.024204174730935932,0.3955303317494484,-0.584461649529603,1.1966263113875568,-1.3003615539066322,0.9740149630499477,1.675315722681295,0.8614447672605815,1.5096190189061416,0.7810811421140664,-0.4829115079621355
BPAC,Financeiro e Outros,-1.610383142478373,-0.5278482737937771,-0.9615189002939619,0.3744053076173856,-0.389159772298328,-0.014260250665120999,0.015925471463785094,0.27520109332881354,0.0851184810083875,,,-0.7350206040079005,-0.03017984781215164,0.5312950704633463,-0.7419470051106768,0.12071311420035834,-0.4597631167467553,,-0.7681727456346574,0.7806736488866912,-0.7624687598811039,1.1166497163985223,0.5932946080305577,-0.5118211239855419,-0.332777716061307,1.6610664049009418
BPAN,Financeiro e Outros,-1.0505706646489754,-1.230406673788713,0.26851484578620904,0.5226170074048243,-0.3600463157076491,-0.6511850331828042,-0.6018970732693483,3.9413175251864474,4.204794631828615,,,0.6019312845845711,-4.46724798371343,0.6253581879223429,-0.7222978555638823,-0.7948449988787262,-0.5797805354573867,,-0.7285620085940397,0.7806736488866912,0.0,-0.4019011499727062,-0.8105570569155223,-0.7480920015960053,-1.0305606485720462,-1.6181591523981949
BRAP,Materiais Básicos,1.3468107335424726,0.2843602769734904,0.3520319028673976,-0.6219730204807876,,,,0.031024838717545567,0.005730744690183869,0.02932278889009412,-0.810357529116616,,0.37933295541538536,-0.07882497271644541,2.608938287096726,0.3911416338094054,1.5826520592716946,0.603865493415689,2.247395544690159,-2.0471403577810783,-2.4897165830655257,,,0.7474616602599745,0.6591641997277059,-0.2705166641299806
BRAV,"Petróleo, Gás e Biocombustíveis",,-2.7195154595426128,1.4395671825572305,0.8666515512491112,0.10640621480808313,0.332260642657164,-0.406535469599966,-0.694474039829913,-0.1540382564863313,0.045229960980384086,-0.18300579767335118,0.05981844760421348,0.6617142273832903,1.048294081618753,-0.7656982731850125,0.09516418829985494,-0.5569826307009401,0.3005617919170051,-0.4444292011112864,0.7743069805223983,-0.742085172836533,2.687534547963016,,0.7248230349237503,-0.46918954173711547,-2.8278059855735527
BRBI,Financeiro e Outros,1.604061662415461,0.7304601708147864,0.7565786945749007,0.6485969522241471,1.6841342434807223,-0.5803265499527975,0.37199332777552807,1.5901454092625935,1.6333956374527663,3.1158066770779107,-0.5905866880719653,0.3515052510717819,0.006610063681088147,-1.7403292161714194,-0.4528238046364143,0.5433365536811248,-0.5238402131770077,-1.2550207096800756,-0.966226430837746,0.9972677351047549,-0.905431652358811,-1.9827621198281888,0.3703902471308943,-0.8703854165082533,-0.6816691823166766,-0.13978543371799662
BRFS,Consumo não Cíclico,-0.27205227544734845,-0.3103965868808423,-0.22925080188851382,-0.21819854578873885,-0.020484284321024213,0.12157894875262218,0.3378520359827297,0.1599456249257042,-0.3730390576568816,0.43261666210957167,-0.34653293797464024,0.2080170644418114,-0.2328607626158722,-0.2613313442556326,-0.3523791316042882,0.49618577358212645,0.6190508710970759,0.9212543192486032,-0.2932955420473921,0.3178318867864862,0.1349693909214655,-0.40000787674042143,1.9529398319822568,-0.20749189432152088,0.36170320482397833,0.21882093319989945
BRKM,Materiais Básicos,,0.775544853931655,1.1272895824398401,1.10526740021482,-1.3583549691048182,-1.4987644255329657,-1.6000931563765088,-2.0830923237006957,-3.5984397602985894,3.5803898854872753,,1.101825454098213,-0.5582268415420872,1.0710813896808218,-0.9201236787827306,-3.4146429047515157,-2.024428726369079,-2.7974974118744913,-1.5578242599762044,1.7047570278948847,1.3681224054553804,-0.7926541193183098,,-1.4929375067576918,-2.91585966765889,-0.2638701023601581
BRSR,Financeiro e Outros,0.7917885504606368,0.3502641735452422,0.9484188201103403,0.6514870803700024,-0.6615785446825362,-0.5978007007945866,-0.579082656846628,-0.2415892491779126,-0.42784227592039337,,,0.7311834309137526,0.23759002346854205,0.7066287214069159,-0.37142018508540836,-0.6867320259882974,-0.5950369869883992,,-0.8870049567565105,0.9364967324968095,-0.428888677433121,0.06336137769945686,-0.9309254118013405,0.7157601749036048,-0.19969540419070228,-0.9061944720139633
CAML,Consumo não Cíclico,0.2691132626065353,-0.0030300271352697106,0.38197996824708347,0.9586489965507752,-0.8724739174272884,-0.6946277396485766,-0.02591983213848768,0.04190042074157626,0.04944484850495334,-0.7412953102176708,-0.20458127721462518,0.9458302174235804,-0.23840411827071373,0.8598094487375146,-0.046970687552742314,0.18593145427563798,0.11751886042391282,-0.3843328901953211,-0.022116183261021556,0.15043773983954126,0.352097734525575,0.024342018321180908,-0.7810407716538859,-0.1741785759963101,-0.09200549473757276,0.1958640866582704
CBAV,Materiais Básicos,,-0.6166923667106342,0.36144067434348637,0.7057417273297856,-0.9144517613408021,-0.3356381335123195,-0.27846420924054915,-0.44987999670485856,0.09592273952806366,-0.3794160666419409,-0.021005831330459013,0.761352559281648,-0.48247437106388635,0.7087407892907098,-0.5499596107565883,0.22436976456026583,-0.27300108720997773,0.2702707865908149,-0.24455273466914618,0.33317810219694577,0.544706205279317,-0.5659995734150066,,-0.568479993838462,-0.06263460562752958,-0.267470323318812
CEAB,Consumo Cíclico,-0.43188966702616116,-0.35326960951039416,-0.0317536813572078,0.016371606838539842,0.6540079333563841,-0.2599012040965672,-0.5370823511567542,0.16036353969737635,0.14623602978316705,-0.1277029568398478,-0.6104399223129867,0.5333598998670165,0.7930163264937522,0.2716546694324753,-0.7571294118477321,-0.245427030688784,-0.34578259488387275,0.4045882826107327,-0.23867216589533394,0.3226804256948258,0.8012200636677568,-0.770677490331203,4.311837282058233,-0.10784325105279466,-0.20600881562909748,0.3582414614032096
CMIG,Utilidade Pública,2.795932616650661,0.32952414696783117,0.07790700466698805,-0.6196883347473722,-1.2375100110099926,-0.5737710363188356,-0.11652218256653553,-0.5123335134941771,-0.9362108408700777,1.1768775985185755,-1.249826522915118,0.8695160534513713,0.9211229864444485,-0.8364553998522483,-0.7234710791502427,0.7528074443553133,1.4087254621144543,1.5923696327798134,0.8884215115682006,-0.7717785926344789,1.7761780406107919,-0.17055995752317774,0.41918541316645797,-0.8318048358401132,-0.4135903680940767,-0.2418000693864145
CMIN,Materiais Básicos,2.272499539608848,0.08722934307723713,-0.3987880609244839,-0.8595640806153111,1.7713039213592598,1.548188659366063,1.5475002595267642,-0.01998021958483067,-0.03854532550295713,0.05197058827313563,-1.1193598400792457,-1.1007204876747445,-0.3467102031938641,-1.3914345760617042,-0.1633438063737283,0.7576394936713143,1.1605839577473278,1.1316227444472278,-0.36125340338719053,0.5249536790562771,-0.3492317683738284,-0.9178537732458487,-0.7753138612364067,-0.96802300251176,0.039329537879901434,3.740932610024281
COGN,Consumo Cíclico,-0.9468068728384027,0.5112634246248597,0.8957532942083809,0.8253215918016854,1.4799090926078007,0.5262871846115195,0.1840028490693833,0.13089807492868805,0.1540710590719354,-0.20412668560921174,-0.07750979533915833,0.38756676095120335,0.2968419641427342,0.7599685965986479,-0.696411480594785,-0.4047228867981799,-0.3592640547945458,-0.05046984369599831,0.7186757975845578,-0.9373733027415799,-1.2681362241185705,-1.5767487827271234,0.3295974647272017,-0.6352648461727347,-0.3837559691242692,0.18220743839668452
CPFE,Utilidade Pública,0.4094442530435368,0.06197404207053925,-1.2415231844046772,-0.5614190308052726,-0.46501388253724846,-0.511627384912478,-0.4823351287587987,-0.367317367483504,-0.5034523185726154,0.5976868910987806,0.2892493556746511,0.7203370159208261,-3.6640822068820507,-0.6926473315119547,-0.8335025939231057,0.6456504082302997,0.23779756149014294,1.2671164144096032,-0.7408304513939785,0.8537373812328309,1.2676791298563432,-0.4602996059648878,0.1619671347134061,-0.1295868438912312,0.30975816838718867,-0.30089130615722026
CPLE,Utilidade Pública,0.17930668910095643,-0.2804080845030064,-0.04025092271256417,-0.7556500439456044,-1.0792956298053755,-0.8103178384462612,-0.45534892781018904,1.5132145904613494,0.6863361706231067,0.2745679469315308,-1.0330552724095168,0.09577411212627701,0.07987113546785392,-1.1240715365328355,-0.0632819905130656,-0.5761311554450783,-0.2916411304189357,-0.5775243611741836,0.8884215115682006,-0.7717785926344789,0.17066371325410595,-0.522683740796835,-0.39883870368253366,-0.90085137479743,-0.8980348007833646,-0.23683549902552561
CRFB,Consumo não Cíclico,-1.0541024737325342,-0.35251718951264316,0.252093429593269,0.8967096522171165,-0.6347976650545071,-0.8475160131396566,-0.09046000228902627,0.12921196229788387,0.22340880986570896,-0.6389542664763215,-0.1814728673234599,0.9269119314496889,4.115319593987569,0.8598094487375146,-1.1328673775137945,0.20460232880496573,0.03488006321072119,-0.02726265339559711,-0.5102390290764887,0.5968221316980611,0.5475132437692731,-0.3061860946679779,-0.3361353557238719,-0.16438054119477757,-0.0609295564114391,0.21705502192746645
CSAN,"Petróleo, Gás e Biocombustíveis",,0.6990596878498397,-1.318104622816584,1.434867447350343,0.3608741160460403,-0.9057820392097806,-1.4484241860606268,0.5304628782495283,2.4942456896140044,-2.4772704810257022,2.6289001894475468,0.757183769414991,-0.24826260773653466,1.5006149292040758,0.04152856488070191,-2.64718332147999,-1.6926597837831916,-1.7713296730238182,-1.7050863513452468,0.6943532996515677,-0.6434230708738267,-0.31217759492767866,,-1.372466384427286,-1.7657073878390857,0.36375107265725853
CSED,Consumo Cíclico,0.8176427524115445,0.06344775226703048,0.301197540640696,0.43240302767672906,0.3087230689220245,0.3980436885811224,-0.37062358686093666,0.1305801022872993,0.13420857254163665,-0.14836855696625742,-0.20494960831116077,0.5009614245523913,1.2142290945327456,0.6178012507148255,-0.71918070481464,-0.2242959477354968,-0.3673529307409495,0.5006848376925518,-0.4181749090478134,0.502688101185741,-0.2516103283638832,-0.42352493793380036,-0.26881467836472905,-0.9503825587000914,-0.3813210766106367,0.40224996715484085
CSMG,Utilidade Pública,0.09859493681777683,0.15862596830601422,0.2748368836329084,-0.9110348544578697,0.2626441621932962,-0.4760451328975475,-0.11577256587351847,-0.035183613717124404,-0.23304584375540585,0.45127361952299555,-0.6862212716005547,0.4697162328695102,0.4583944469110809,-0.7885193770721504,-0.47197047395512753,-0.040345974820010184,0.7896463567604521,-0.3322135931043707,1.6378774145308037,-1.6263355617532944,1.009557855361699,-0.25096617575102076,0.030733319176134703,0.054782105877774566,-0.00878063666878141,3.9995573802806215
CSNA,Materiais Básicos,-0.036573213089071424,1.0400288569091283,0.3200420798486959,1.0411644004608778,0.06183787315526699,-0.4594352075221573,-1.0340911942335,-0.5628197686601202,0.36895850571909977,-0.8006004271682758,1.663586206627803,0.9045889475090628,-0.5670810264031756,0.9984201500289739,-0.6568958970752518,-0.21284297374153255,-0.915531321323725,-0.4112527746178145,-0.9836569698834267,1.0235701788905394,-0.4982214306493525,-0.0867871049337365,,-0.28794979625933803,-0.6690529328033035,-0.2635931622864155
CURY,Consumo Cíclico,-0.13667046902714297,-0.23198619824681538,-3.965334546961008,-2.833443625903055,-0.36161018437545017,0.4893474819505898,0.3001698164928474,0.19534053025013584,0.1676105395095439,-0.12399874549643475,-0.8537341107140823,-1.6859356591848065,0.8072947254103282,-2.0339288094660355,-0.02851423681236523,1.861992126921745,1.0913410315938634,1.025466832215598,-0.9566831385052524,0.7426983351736274,0.9464380487755694,1.203858490621829,0.3814888210055708,-1.001121851395174,0.09104807103406629,0.578283990161366
CVCB,Consumo Cíclico,,2.4680727873791986,-0.7135109454481533,0.5017415978164271,2.5991442891630205,-0.5017517101973704,-1.2624175623861893,0.22438203149697256,0.1992942983000897,-0.1604559834552895,-0.2281204833969794,0.17697667140613982,-2.2257941644433408,0.4200032042677682,-1.0758985509257053,-1.2788385788494967,-1.182981255336663,0.0042577908124816705,-1.4951913679626914,1.5827341541312312,-0.8324822687951332,-1.7044331849259733,,-1.2602928175034789,-0.546893767537646,0.43525634646856437
CXSE,Financeiro e Outros,0.4151414209057395,-0.04464688032429325,-1.170286095729587,-2.5787128106473296,,,,0.014509076108753809,-0.10183974358653448,-0.10106526416713578,-0.2643551071362351,,0.63801217871584,-1.6885945015689714,1.8713898846129966,0.8979168633707122,2.178585901349669,1.6987985929693752,2.5432848709609828,-2.471354106056473,-1.0007402473439488,,0.4256705286340109,-0.8361432603328239,-0.5018282203293727,0.8820932840099591
CYRE,Consumo Cíclico,-0.4730830434911405,0.3930898444193215,0.33290718083097237,0.20127446054440185,-0.7549566782915154,0.6984401385218895,0.5629621635300743,0.1487045428464565,0.14946626115660663,-0.15831144004594508,-0.2165350458540701,-0.4061958842571129,-0.5955579681432693,0.24074872467512257,0.8063573179156596,0.01708603830782262,0.1476388378467572,0.20076016353584275,0.24000181584461197,-0.4573528347658063,-0.8687867650720863,-0.13310219287938788,0.3180944547147555,1.7307884868716548,0.5731567887332992,0.3032308292136705
DASA,Saúde,,1.2717851948205792,1.227606143676202,0.9809442925786783,-0.6006567745619311,-0.1361717005818319,-0.9302456129114957,-0.4400576633624133,0.3163967547766678,-1.1907679385117698,1.4127155362315513,1.1072147286196583,0.10847069332171387,1.1317056652471489,-0.0905185390186241,-1.024945710620927,-0.8607599359293281,-0.07429521931698976,-0.8187282772396215,0.8834395714276668,-0.6132342210660473,1.3489449810648422,,-0.3352354626038134,-1.3446177858932902,0.20005558746430002
DIRR,Consumo Cíclico,1.3428583023400305,-0.09100719028231344,-1.331848929158546,-0.23786981700702015,-0.4748079696020991,0.5478934257905537,0.40571175640806806,0.18823914125912103,0.1679541811450162,-0.13803575690305261,-0.40190204654061906,-1.5725409955836185,-0.2957115908951721,0.18511802411188782,1.1554854226201061,0.4917226707970432,-0.07750154266148106,0.4330294155049033,-1.076351633940239,1.1027136861554578,-1.0140047501798988,0.11413816151095746,0.6429905819551844,0.15653516877947915,0.4051492052926573,0.42425422003065655
DXCO,Materiais Básicos,-1.494314046852061,-0.62901305007915,0.38778523447653485,0.6777898379021946,0.19567803630019653,-0.282856435291071,-0.17407467645952043,-0.19849792364314742,0.36977843294489876,-0.5897170609130407,-0.030632071547363377,0.5035270604723012,-0.32309904356429503,0.7087407892907098,-0.878994337890937,0.21589595066328252,-0.2600859066247768,-0.12326671911665375,-0.011151397233057631,0.10304740996574767,-0.4485582098908444,-0.29833134777681974,-1.367774645081093,-0.4146134309238515,-0.054584804824311356,-0.27162442442495105
ECOR,Bens Industriais,,0.8365881470275656,0.5266121486932225,0.8892679431389917,0.37445280746525256,0.9715320248049479,-0.04228933370599426,-0.6255076159144752,-0.10125497547215291,-1.0302034710549408,2.1184241187218107,0.903309427636917,-0.27264243064713073,0.7503603049209923,-1.6417386312834485,0.11434863958846478,-0.6870709321066912,-0.3605601729679129,-1.2305954193875628,1.228502987038444,-1.0835480147725245,-0.16119890026471234,,-0.3434244141152926,-0.10512221574982532,-0.4545777993927196
EGIE,Utilidade Pública,-0.17298920262157136,-0.10760615577897582,-2.6704463861813936,-1.0858427662841685,0.9396992267005023,1.0304372552275403,0.7597797315702588,0.19403545578361617,0.05899314904718048,0.1533983428688123,1.5543263736253399,-1.571053000548348,0.3498561491066791,-0.980263468192542,-0.39337653483165397,1.0159162384122662,0.12574704468398867,0.8294050439320945,-1.2499716898196598,1.4342788004711566,-0.8618213847244701,-1.0980040953581252,-0.42858503520431523,-0.4601287857081735,0.14053442820120463,-0.266155667509834
ELET,Utilidade Pública,-0.6834365008449244,-0.3609513563659023,0.5899246899783805,0.07954331255782285,0.3542419618380743,0.8465120934038853,0.32650128300647163,0.43728834586603527,-0.5818701962696061,0.8046849647059249,-1.3408704481274705,-1.6512516511247692,0.01111420492656992,0.05835035870957794,1.2099398232872058,-0.884207634304492,-0.6978242538412445,-0.017157606661768562,0.7865932638830643,-0.655670308786815,-1.3135336150900974,-0.4090059839919535,-1.281604836196579,2.317892600851107,0.1670793286225355,-0.24489562502320403
EMBR,Bens Industriais,-1.7429467123814741,-1.406184490808856,0.151576708654774,0.2575832758294129,-0.9945042507982428,-0.6856881276119626,-0.24421084314913707,0.8491533945452056,0.652849581862225,0.17324578765824392,-0.7841110650922148,0.16775156177891157,-0.23762227766056437,0.18540789987239742,-1.003707995649832,-0.2954138582438882,-0.5646180460837315,0.030313358928931895,-0.31962038531115133,0.20084419248030877,-0.32634606835789903,0.2982045254958789,,2.7481489850632057,1.5443454749475638,-0.4502776397290551
ENAT,"Petróleo, Gás e Biocombustíveis",,-0.027738387918252384,-0.7874429540467678,-0.4962279043442497,-0.0605096114989929,1.8598927627462583,0.5852138784708739,0.7363346291872496,-0.666426740480733,0.7959955373386728,-0.7641110067626523,-1.7653475300334704,-0.09748156238237761,-1.195629862591171,1.9359683169001294,0.32708803511611406,-0.01639903074716458,0.20495884463086264,0.13920836844147277,0.05472385268492389,-0.7799056452555704,-0.5762046613447871,-1.0909037949082867,-0.02867508390322632,-0.06842160906416413,0.3644689992571233
ENEV,Utilidade Pública,,-3.420236702496145,-0.0796368985057478,-0.15353390321057528,-0.4925572768360279,-0.878475391601621,-1.1449962853857671,2.5988709506599608,2.3141831490227074,-1.2501495708576789,-0.44777289604439335,-0.35375205429909923,0.0873951767610794,-0.1653510809308785,0.01531194861040834,-1.4037279076605846,-1.4121462984804773,-2.770795028320716,-0.028032717598025537,-0.07512888954848915,-0.6682304288534872,2.3898235673906707,-1.4422350264141992,-0.8207867711128818,-1.1435751296806749,-0.25073629603601444
ENGI,Utilidade Pública,-0.23624976522190144,0.2599640485407849,0.24201523713858852,1.0701214795735154,-0.8986622067296595,-0.8950136214113776,-0.6052722664135756,-0.5435197814534616,0.018432177824598956,-0.6543990175493123,1.3080742330509765,1.1698631823462022,0.022080094896483684,1.001092140051502,-0.22046986876001243,0.30026031857735425,-0.3504676517421666,-0.3129735328636015,-1.2499716898196598,0.9698456650804961,0.557845624996072,0.06511344073084471,3.0627156487440725,-0.20108184167682194,0.012234076164772067,-0.2446619981826916
EQTL,Utilidade Pública,-1.207059447278829,-0.4362227049795906,-0.5128826322307727,0.5456977440946195,-0.6757528761255843,-0.8048050951763424,-0.9186120440946534,-0.0538953744926951,0.38348091882783175,-0.7200325530832848,1.4814912334554575,0.8516145689477058,0.11717116996405687,0.4578172152103934,-0.4405328983057381,-0.5445581001582438,-0.9135214986930913,-0.1301929605762898,-1.2499716898196598,1.2020622327758264,0.3642546691250888,1.1949594382427764,-0.6709301478964763,0.020258836399116215,-0.4102722555414104,-0.23671868560526943
EVEN,Consumo Cíclico,0.11735535250689619,-3.0465387973263502,0.6182939425434613,0.6635315948090563,-1.1166836791275112,-0.6948139297648704,-0.7687079508364664,0.2792853075767587,0.2448611791637163,-0.18891992325204235,-0.43665835916934703,0.35516828563657815,-0.8597083480999264,0.024407111373653808,1.580510941390737,-0.6587022492174975,-0.8257225677038298,-0.22111664106102244,-0.11900367046034738,-0.09733748378397647,-0.9413957576259926,-1.2118152459386344,-1.0591890525443646,-0.2613963736826507,-0.4714120996150388,-0.3678988834987065
EZTC,Consumo Cíclico,1.2261437356892557,0.3402227164326332,0.7372050932569983,0.3399516008237982,-0.5911677041367552,0.5855301039733876,1.0297550387255798,0.17753406233236738,0.16534250471542675,-0.15031814188384324,-0.4945855468838936,-1.280954717751992,-0.6276843657055654,0.4570903379765915,3.3481617149921608,-0.3592097850526383,-0.05053862284013526,-0.06253577886322224,1.8555265042169287,-1.897414238693127,-1.413354209226383,-0.21777354712265684,-0.2746939945933128,1.4397051761472321,-0.023391877106660765,0.3032308292136705
FESA,Materiais Básicos,-0.39266648824052436,-0.1637019081948687,0.24665366233520378,-0.8176362464739245,-0.46906144065295335,-0.852898776080556,0.831512565926536,2.983434422458339,1.011683059478347,0.33884271379166153,-0.8681149704180422,-0.8572186276881394,-0.3516291947833577,-0.9750204950004497,0.5358549887867625,0.31469701482385387,0.6649639027902413,-0.5715346064125781,1.5448575190075329,-1.3544469741651726,-0.10091566458128787,-0.00044251601819228275,-0.25634727671719465,-0.31770299903288146,0.09836141043683518,-0.21623640967642999
FIQE,Comunicações,-0.8735499714698375,1.271976116386367,1.038534378575321,1.3623373186131138,0.3754099998601168,1.083455348309149,1.3026911984277956,-1.139462308692205,-1.029830358217596,-0.24332379426379663,0.6096989560740236,1.3550810091963936,1.0865699874256223,1.3777231410708635,1.4119386865372676,1.299074339441269,1.3073060491436537,-0.5100208939963857,0.6695815733686477,-0.632830098564606,,1.4105459989704086,1.323395105668666,-0.8563437929231962,-0.8266418634863212,-0.21062357904982057
FLRY,Saúde,1.4052030776224103,-0.0167905322005786,0.36626769915056817,0.29588954530526074,-0.6078325605231027,0.5163755080773736,0.4202970132290766,0.12996491427739823,0.2513358012126523,-0.302008489422249,0.17362767244858476,0.16058839575399636,0.25808143419090884,0.4416862345291284,0.41903948837528937,0.39862518937912067,0.21047377323678257,0.23723387523059042,0.03455442341493648,-0.07319720813305619,-0.5322549121617676,0.39765050835138194,0.5020069997028712,0.4162253214798635,0.6828668446857592,0.211334990140401
FRAS,Bens Industriais,-0.6103969701693757,-1.0750897604428467,0.054539566826643945,0.004909408905581433,0.013528524721960589,-0.5221955565215052,-0.10803122050143611,0.6954036065099714,0.7957917889987414,-0.49935171952094937,-0.3626505319768394,0.0520458300709108,-0.24304858329509918,0.06432435067088725,0.3833151252928122,-0.17052307851782111,-0.3100449409307365,-0.5376225421177655,-0.0349406871622729,0.08665988197384986,-0.023465289792048965,0.06361554212876848,0.7399924336882545,0.05850551282592946,-0.1142859251425886,-0.77278961450389
GGBR,Materiais Básicos,-0.7654116071940238,-0.0647257518011247,0.4084845317239301,0.300439330629716,-0.9806282864513505,-0.5755549436089041,-0.015096121948962964,-0.05276918563635817,0.12462019243102539,-0.17450740555727956,-0.5985802443447202,0.5823070739973796,-0.48788526181232933,0.23801182809103075,0.1656909207606204,0.25357737841795297,0.1257551133581016,-0.17799710070510963,1.039154621229341,-0.8941855897027765,1.23999129589843,-0.16233862023483756,0.8185533750541049,1.2209626301132235,0.294239896648479,-0.2691319637612676
GGPS,Bens Industriais,-1.129529037337954,-0.42735284746489965,0.14108620683551668,0.2996955869833849,-1.186145462874327,-0.8539098226595823,-0.4038697110809244,0.22613251433286527,0.18688049718098246,0.03150003201304202,-0.5993612423567077,0.7462802203189158,-0.24677251853448587,0.23227895117620787,0.6224570426967162,-0.06600722962319709,-0.3535479399125775,0.03198375863789273,-0.43349226457070283,0.4863049687464577,1.2789220580411067,0.31775360744313813,-0.2655053315168548,-0.29623426074972403,-0.2883964036050907,2.656716722058432
GMAT,Consumo não Cíclico,-0.5030375660801037,-0.7179418772101572,-0.0840834939813095,-1.2092280551272767,-0.28245970626546374,-0.48275107717274923,0.16085550875170726,0.3855586483072031,0.1201774481791069,0.6282686574974454,-0.4686773902565136,0.22693535041570292,-0.2350494676161233,-2.089569406829596,1.2425316317760076,0.2983539541011645,0.7387346463713534,1.41688982987955,1.0083653801271868,-0.9097251908244421,1.502877955627354,1.2345569320262781,0.48436207151220095,-0.706211865719527,-0.15415737138984004,0.37538662661380945
GOAU,Materiais Básicos,-0.8730081363764772,0.05642763465594748,0.4442378633330673,1.0411644004608778,-0.9806282864513505,-0.5774742780896768,-0.31772999680038566,-0.7094593112794517,-0.17711302666297252,-0.17450740555727956,-0.3579242389221114,1.0478253357364775,-0.5962736018229567,0.9803151899828323,0.1656909207606204,0.25177443929093524,-0.2810730750757283,-0.10762946723423776,-0.594654740823279,-0.8941855897027765,1.23999129589843,-0.16233862023483756,0.7595475853073999,0.537489057829539,0.16275981686258112,-0.2683011435400398
GRND,Consumo Cíclico,1.4080811484095814,0.34436915784335387,0.27741531049798857,-0.9774812318304673,0.1967900634185781,0.3499523775697234,1.0049633078730111,0.19004098622699048,0.14712949803539502,-0.07584399803206514,-0.951631057951666,-1.2161577671227417,-0.3599643860197644,-1.05111976618222,1.6488186140503025,0.006520496831178947,1.1358298492990844,0.10035434589430078,2.50472809195173,-2.4284368813913266,-0.17900133580997732,-1.0043704280426256,-0.3265853508716819,-0.9383653577986243,-0.31801387125619196,0.5342754844097347
GUAR,Consumo Cíclico,,-0.20918077048785177,0.6341487626385995,0.6173058813825909,0.940480540661814,-0.43832693770407616,-0.6532493185802184,0.14658472523719837,0.14541128985803353,-0.15090301735911898,-0.40190204654061906,0.9545400789571434,-0.506317974914669,0.4385467711221799,-0.6129243251219824,-0.47990077807429793,-0.5749674133653129,0.08010081186360346,0.12033332040962541,-0.03733492528700472,0.43817510089822576,-1.0543265270461541,-0.8058774347236128,-0.08113836016064589,-0.35210236644704684,0.21521381771040796
HBSA,Bens Industriais,,2.462342105203331,-0.48572127686510685,0.215470964675441,-1.6193440347319128,-2.3319367124482575,-3.597479087829898,-2.83696434973257,-3.7092288365168318,3.4719752476617187,1.1904026653935174,-1.5595697187191009,-0.23256836554996818,0.4041394726235127,-0.44571018837405574,-2.4000536578838068,-2.167719670786414,-2.764265354162612,-1.00285166086846,1.0572265212787548,-1.3258526376252047,-0.924834913829525,,-1.064294687941047,-1.433310255136934,-0.523380354011351
HYPE,Saúde,-0.0861484082733429,-1.0052160898754425,0.2940212312966009,0.03240695020010026,2.629164486561312,0.492451526976088,0.7730310886241838,1.4234925000904435,1.3941869904029944,-1.1402683103542055,0.3018091755985469,-1.7713020794820487,0.917327737226067,0.35036013340468464,-0.9994598851807397,0.12420188335501511,0.03785211267401496,-0.5180382531951079,0.7326948148595747,-0.7109550611735379,-1.1173304189951898,-0.11096237804987415,-1.6790830480515175,2.3070998366108992,0.8108149038970586,-0.7135760292998791
IGTI,Financeiro e Outros,-1.013587225571234,-0.8577393101284667,-0.15466190171843683,-0.2925473414260885,0.6207999003830748,0.3113360829098638,0.016536571903679412,0.0687720620719601,-0.06707866665180016,-0.2720001718493951,-0.14019234125771093,-1.063199881796838,0.08597386759820592,-0.1577172649238031,0.630686441801113,-0.5052836798784872,-0.16277086027637908,-0.306606505354918,0.7766459989494329,-0.6996456454094305,-0.3335800824479829,-0.44419774339744833,0.7025177448713927,-0.732193857657413,-0.8974783367014413,0.33764970489260576
INTB,Tecnologia da Informação,-0.03590441603662312,0.9059519189145357,0.3985588525210632,0.499054954388262,-0.7206625549548998,-0.3249816463468346,0.18085906940807575,-1.1920788277818848,-0.7165866489521717,-1.2253852518902917,1.2245159624909505,0.7424173769124519,-1.046383406451829,-0.20914639558730957,0.7644928628423319,0.676570492769388,0.585914281197002,0.6800587881322151,-0.8413378136691836,1.0531186841341207,0.8506333745212574,-0.5862635364842349,-0.5831799263886174,0.04526474701612323,0.4862087054505832,-0.626549964340876
IRBR,Financeiro e Outros,,0.5189740085172362,0.7678634078416913,0.444805865016419,-1.3426254756430567,-0.46265658006405375,-0.4291593489258939,-0.40839768750925015,-0.5377624381194178,,,0.6382834507396534,0.04577045916229441,0.47720877792442334,-0.362999120993925,-0.1907732132881494,-0.20142053748827735,,0.103263469258932,-0.03739754006642855,0.762468759881104,-1.6914314373124042,-0.9625778310490928,3.052846034715826,2.9196101132866885,-0.5376480492268318
ISAE,Utilidade Pública,0.9640648751516033,0.3492938591523602,0.924705484220445,0.4000244842393704,0.472742611728172,1.398788737353934,1.7744009179025373,-0.7111459717346155,-0.746818145908104,0.6229305586118469,-0.8379611469544758,-0.5745370298443061,-0.010937639501979231,0.4578172152103934,3.164099525653251,0.02471365425589088,0.5739491119086055,-0.0051325690112873825,1.0920780069384732,-1.1201034441774744,-1.0554123405954532,1.1908004959206464,0.21358576882473282,0.7276185918873729,0.5718890600478307,-0.24285139016872037
ITSA,Financeiro e Outros,0.49835415883065864,0.26796251977087193,0.23466070598583735,-0.4666960886763289,-0.7894698004201607,2.6610482745438135,3.045231832078464,-0.22709040901314054,-0.31886160228717253,-0.13279181900210058,-0.23270577465739561,-3.0460085890779403,0.5233755730577809,-0.08716992682955567,-0.1917708178004298,0.10332431436483483,0.7515991348156355,0.6217236334668833,1.9253573731273463,-1.9851860851929046,-0.667160164895966,-0.4338815010987306,-0.14318140038193017,-0.6057424666381483,-0.4694568471716581,0.6936320450847214
ITUB,Financeiro e Outros,0.41222167571539153,0.16067949083837682,-0.15043013424339027,0.550406701114969,-0.42763112565029626,-0.45031245515746887,-0.42671494716631675,-0.16636754376860025,-0.2737661511285984,,,0.5125655427866604,-0.06417258819959099,0.6394676555411923,-0.7026487060170877,0.33467095565484284,-0.495361503652451,,-0.8870049567565105,0.89754096159428,-0.3812343799405519,-0.3080233450543762,-0.10127538053279346,0.18892014346163985,0.8739551388735021,0.06542791533392898
JALL,Consumo não Cíclico,-0.8033184439026857,2.7252124768997197,0.370519391307041,0.9896186687176045,0.06228476203243639,1.134012318878593,-0.4855240741195957,0.004181834789251352,0.36296231733093054,-1.388783013723602,0.056213634414239634,0.3215267802851606,-0.2380972904669402,1.0622376474723885,0.8862217803825372,-0.03374926093113291,-0.3597914338246941,-0.6769102648417907,-0.18482379853284378,0.3178318867864862,-1.3415033455864778,0.3195793692463931,,-0.4955541174865774,-0.40276487799890914,0.24177777974152853
JBSS,Consumo não Cíclico,1.2689495920597476,0.03112181283646067,0.015241506165725068,0.6179826027156526,-0.8717145683781742,-0.6031355444885602,-0.011251611649728923,0.018151681438260556,-0.30230645798272826,-0.2897907054764237,0.15855087821797142,0.9458302174235804,-0.2364813307003997,0.7040954497106886,-0.08090495911402486,0.5212126905044168,0.39963061642756703,0.6381149244294391,-0.7271825161055853,0.7642162786450061,1.8960973858943955,-0.19342780612219712,-0.3993838374432312,3.305132976132294,3.064004649787903,0.22235275574476548
JHSF,Consumo Cíclico,0.6906298416445249,0.6833407431697662,0.7292776832094292,0.7328701649487546,0.9000075895193254,3.7826265205007426,3.302235922188736,0.11839115103406495,0.13400238756035326,-0.17020390804321853,0.07310089271866267,-1.6535371838701813,-0.5313051730186771,0.6981567070839424,-0.1499500993182595,0.028057946764337118,0.0815796842844597,0.2046384998395933,0.06049907269213246,-0.09733748378397647,-1.6729313576065978,0.30549542210074543,0.17469026322625766,-0.3935855835987876,-0.1280922551928578,0.2372180705862236
JSLG,Bens Industriais,0.9469992313363595,0.6381940824034884,0.6551207959791243,0.9170620685006132,-1.0641338911858866,-0.5296270370256169,-0.5917036733536154,-0.6388771627001479,-0.12151450089307657,-1.0051895141763758,1.1615355055910939,1.144555878248099,-0.25073584961069023,0.7439545945761382,-0.5254241608420235,-0.3176753567449092,-0.8320809287128275,-0.16345300731052967,-1.0597876004982354,1.1143186765319846,0.218839333060631,0.07155735666984248,-1.2081499810035394,-0.16117278732413115,-0.5266528478169359,-0.5556315514888345
KEPL,Bens Industriais,1.2802258960729467,0.5987780430742015,0.39285825049769185,0.14177442015599018,-0.34036891357854165,-0.349920326653461,0.22349572290986344,-0.10676920063038083,-0.27683752912015736,0.47897192728515,-0.939993728025299,0.6057804032449149,-0.24605433102403274,-0.17393682679014902,0.0963448244081269,0.16113551779400054,0.740471923371496,0.6633948486251035,0.8190984072843623,-0.7697224468245962,1.1577697466147665,-0.015802603281972076,0.07841707356361398,-0.5321850275775669,-0.3067238223906173,-0.5685320304798279
KLBN,Materiais Básicos,-0.2560359749929645,-0.3505656059506922,-0.40506057524187633,0.18397312468142007,0.7979587704523791,0.6768108050952676,0.3871387750054596,-0.011479376534434604,0.5829595116526147,-0.7644286561536467,2.459194960554947,-0.43705855555438944,-0.27850018648622005,0.3345716150037854,-0.39366811536777263,0.5258211865976296,0.015976078383893567,-0.06853633752819786,-0.9058565240713972,0.8701497174030748,-0.9948536382344336,0.43775627272819406,0.7894059367454916,-0.8498602829254016,0.044696071748713595,-0.3075749385310578
LAVV,Consumo Cíclico,1.0339079788526861,0.3391861060799531,-0.039681091404776936,-0.2609826737202529,-0.6525095207120901,0.8322594387275214,0.7046291969733234,0.15442805039145352,0.14307452673682192,-0.1296525417574336,-0.5872690472271681,-0.7949775880326148,-0.6241147659764213,-0.8409593418322215,1.937228787501802,0.25237251965307833,0.46714943772970596,0.3778708547404511,0.18016756812711868,-0.5773579517597498,-0.6146552911334144,2.54331697907322,0.8132351301393902,-0.500405147167383,-0.062350157324780574,0.4462584729064722
LEVE,Consumo Cíclico,1.311963269991296,0.21064642234761316,-2.2752107248192726,-1.1392712288230966,-1.0604009814449873,0.1750115215717362,-0.15103968502390064,0.14605477083488383,0.1435556250264831,-0.1464189720486716,0.339565956205577,0.2741720973500152,1.4034178801773785,-0.7667850744145753,-0.7267704462212584,1.5645314976562403,0.9079931768087116,0.8523206625659349,-0.8968488907877593,0.9827085691615144,2.1680843484950407,-0.356634568081618,-0.1581301598005232,-0.6472820470742017,0.3881049576972299,-0.04883721679937971
LIGT,Utilidade Pública,,0.7060273323487494,1.7250285123379447,2.06769196306226,-1.2396622390296181,-1.1724349090928559,-0.22371736966795686,-1.535492592702382,-0.8090116351160621,-0.22020793632457028,0.3759578558768912,1.6865398061986612,-0.06244530516358138,2.022448998752787,-0.12615714181184412,2.2278623169861693,0.8652804556046061,-0.19272315635879142,-1.4210431459306887,1.8244026341993123,1.3967397671036648,-1.1811829418007214,0.0044865560686803635,-0.4358890433082644,0.9302452157357971,-0.2486336544714027
LOGG,Financeiro e Outros,0.8852203965517741,0.5620925464613968,0.9528198582843884,0.4003423550801874,1.6030324715495456,3.0929964582879985,2.7807475616922126,-0.5238141973357524,-0.32637751081360156,-0.3509928185813483,-0.11584670088937285,-1.5761693375407775,0.3379089058392835,0.5195371807809718,-0.4135255055428253,-0.46445780200378,-0.08140311877764589,-0.2999118168537994,1.0143104211931393,-0.9333802708246077,-0.857777354866242,-0.3358771992609136,0.9646532732893969,1.8875756765927663,1.0843690643986474,-0.4622635536567367
LREN,Consumo Cíclico,-0.43188966702616116,-0.5108343831177785,-0.2537211626891436,-1.0699326586833984,1.0302799010092116,-0.31287134376129644,-0.2749983392867435,0.2322253566512277,0.1877479393482205,-0.11327602844971277,-0.7262942977420799,-0.4709928348863633,0.5717011432868233,-0.5566246500645768,-0.4763089798028511,-0.21982591095691684,0.027653844641767858,0.21756628751876184,1.0178470361720242,-0.9373733027415799,0.6560020785599446,-0.6953199850546937,-0.43854798165949294,-0.2266800155228572,-0.21574838568362745,0.9369533120371606
LWSA,Tecnologia da Informação,-0.7848659607496243,-1.6164848838876171,0.8836152704677587,0.926899252998597,0.2852382624598907,-0.6019743131670641,-1.4667211932305455,0.07930799595851087,-0.16231523154630947,0.7352311511341751,-0.017647249226152663,0.36215221419920535,0.7152278096302062,1.6363781867456588,-1.715257896101502,-1.6341559965033636,-1.7192668615494273,-1.310999902909447,0.7702801141255082,-0.6410472345132658,-1.488104915252826,-0.1863397149407679,-1.3389445777306104,-1.2825011654568226,-1.7177347644568965,-0.6197434522408575
MATD,Saúde,-1.192839824641699,1.54813035073596,0.6311714146151154,0.5903700927757344,-0.438005626108713,-2.099670577104936,-1.7221905047663169,-1.1063678385765172,-0.8713623608981044,0.46823836429413285,0.04544616929862281,0.4141490206287272,0.18135797733491144,0.746106571610608,1.3279808345374053,-1.5743283056887165,-1.3672392336230652,-2.4910833965671424,-0.4308725042148224,0.40512118164730576,-0.7347031844224673,0.8564785355017213,,-0.7743420653515041,-1.492250161906328,-0.26239992225584
MDIA,Consumo não Cíclico,-0.6845260087201257,-0.9866030183211022,0.17950977563966683,-0.5588649396238612,0.5042259086169693,-0.4249665328611599,0.3114492391029639,0.6663525659522884,0.8408852881022371,0.7035194249543201,-0.4884845987346553,-0.3973680867227169,-0.2345176327562492,-0.44818814308782357,0.8183532372599713,0.1615004163276879,0.37540890000301086,-0.5793844732929675,1.6591958412144765,-1.5793017786122212,-0.4078514680888078,-0.6831947235462373,-0.9313642179320893,1.1573743535319616,0.16592479336933644,0.1587799499371774
MDNE,Consumo Cíclico,0.18601097994852842,0.35577187172283564,0.32497977078340323,0.31683874411056545,-0.6809670644841525,0.15410225591460616,0.27608642080749507,0.16227137554570867,0.15111574100687364,-0.1382307153948112,-0.4945855468838936,-0.11460960642548662,-0.513457174372957,0.4076408263648272,0.24471645382589766,-0.021518824779913757,-0.012790535090250967,0.2020529423037596,-0.0591694227428541,0.14267275020391054,-0.79617777251818,1.2030117770793962,,1.0137621664174576,0.29070925715193036,0.3142329556515784
MGLU,Consumo Cíclico,-0.5108436385840383,-0.371928595858637,0.8006243736375513,0.9177730186546162,-0.8719488026877728,-0.700389733940105,-0.8069580498661435,0.13269991989655744,0.1408752202697992,-0.16338036083166818,-0.2976331086544353,1.3433217827326454,-0.3349771879157563,0.7105190849868835,-0.8330268259139162,-0.5705206145855104,-0.7421375162576576,0.02709688237901265,-0.4181749090478134,0.502688101185741,1.6362234780376788,-0.2448683804805029,-0.8748954947982909,0.5317388858141705,-0.3667117215288418,0.11619467976923759
MILS,Bens Industriais,-0.2982162000477307,0.3885591666513383,0.41121662868139214,0.34180789813735674,1.8896959909468254,0.8033103297573282,0.8386519493529264,-0.15222565970166754,-0.052857220299946606,-0.16861162301547833,-0.44925201138410825,-0.03886581627108995,-0.24366037265585558,0.41195131450748107,0.35142953630562496,-0.0275212491638047,0.084704494274857,-0.27035858868402546,0.3066749506163813,-0.25589304954552883,-0.7503791583500894,0.38861902950195276,,-0.14490032064634892,-0.0684673781787722,0.40760421317200596
MOTV,Bens Industriais,-1.013776616955771,-0.7006373868146218,0.4033487523169491,0.6260659984266672,0.1553430216582629,0.4114686304496203,-0.17001642805142414,-0.22442121234429926,0.2330271939730862,-1.0218654854287523,0.3532550311232506,0.31651607397491277,-0.2383670647084417,0.6306828872585963,-0.22251106546374494,-0.3648395484843605,-0.7209065979814562,-0.46078415550556534,-0.5473641438302542,0.6004892792529173,-0.9623957033461845,-0.44038422682400785,-1.1469145103662974,-0.034247547237429385,-0.5266528478169359,0.9408240114663999
MOVI,Consumo Cíclico,-0.8850168081409336,0.13808369766000192,0.5310924320202008,1.1026758723604781,-0.9098921943838564,0.3792253494897055,-0.755957917826574,0.10355242776925787,0.1520092092591016,-0.24857722173016827,4.9888020421750765,1.3271225450753328,-1.7199818828236335,0.852686430870706,-1.0808318828400072,-0.3185730870655475,-0.7866263339628783,0.24859297794876617,-1.6896526730445443,1.777742469246389,-0.5057418023025553,1.0023406675228486,-0.4457054101116818,-0.5204338153364946,-0.3277534413107219,0.13819893264505323
MRFG,Consumo não Cíclico,2.517590077423098,-0.08044086440452503,-2.02808385743601,1.0205883408844336,-1.019787632955466,-0.8089929835985972,-0.0757917818002675,0.05517177505813502,0.4700170627837033,-1.346311480570942,3.895907021930255,0.9804506807558019,-0.2355199369152427,1.0622376474723885,-0.7595903903396829,1.7576615622604261,0.04770332484725094,-0.889264810956164,-1.5949564642219711,1.0432065235565804,0.4606619063276293,0.6414999792931261,1.958593206546898,-0.8208488728974577,0.6755701819179282,0.21705502192746645
MRVE,Consumo Cíclico,,1.5167754667246154,0.7609873233997057,1.0102244455075473,-1.1078302210650917,-0.7456931428638865,-1.358644894852516,0.19862624754448602,0.3491907796931057,-0.4986017394859604,1.1157902715805008,1.0031377919290811,-0.7276331581215978,0.7846933524045301,-0.6281038079352192,-1.195106662647096,-1.2315145110150856,-0.25041962646713767,-1.076351633940239,0.9827085691615144,-1.0503092464568518,-0.7173345371579437,,-0.09849653924054251,-0.7348674695900742,0.18220743839668452
MULT,Financeiro e Outros,-0.6914420062361668,0.022084190303574558,-0.5524480443728038,-0.455580211192271,1.0893879159854283,0.4100890821625427,0.37810433217447126,-0.15430910244344326,-0.028559635453851567,-0.27847497895857165,-0.062286292079029096,-0.7249227800759331,0.5592172909558342,-0.14360779730495363,-0.34896401417478606,0.485121875970894,0.40680333021475334,0.25351576590535146,0.6578137878275798,-0.5827783327018419,-0.04765429749256891,-0.03980104528771899,0.506361907279689,-0.35773142119610923,0.16178492940377848,0.040299750143897264
MYPK,Consumo Cíclico,-0.39069629056118177,0.04167893486074702,0.8164791937326896,0.9639987320810818,-1.8031428738958213,-0.5379944373363956,-0.7857079948496563,0.11669529694665842,0.14438036495161663,-0.20256701767514304,0.4554203316346701,1.359521020389958,-0.7383419573090297,0.7537874076471773,-0.5218474282425614,-0.5132228704237124,-0.7084338664809752,0.041748375082070306,-0.6575118999177862,0.5626906596827121,1.454700996652913,-0.6648382975271169,-0.7153870892923682,2.220823234742586,-0.15244118032918272,0.28122657633785486
NEOE,Utilidade Pública,-0.8404972079905716,0.06812461919461495,0.9640914600136291,1.1866600874577147,-0.7743966603584223,-0.7692228431614118,-0.8796319760577729,-0.9146363701689467,-0.19789300202916862,-0.563521814502273,0.8095003568880941,1.245447228028345,0.17864418818955874,1.176857556911861,-0.61343956437738,-0.6545854140366058,-0.7650545639249369,-0.11576291539571287,-0.43534570833857017,0.7376290973851657,0.622375943619733,0.11363443448902602,-0.2807282696989894,0.4977083079124775,-0.26759341577675705,-0.2630017051629164
NTCO,Consumo não Cíclico,,0.9088241001099293,0.1909703525797093,0.12246784804638372,2.781999690302239,-0.8017699155596485,-3.1005646440418495,0.8530316267229984,1.8056014799823634,-0.15433932405404951,-0.42576177188720676,0.037752490676787855,-0.23363805971876514,0.28366765233825847,-0.23360918113979798,-1.0501201648308136,-3.2282695735054867,-1.2746489872378042,0.628714277826268,-0.5191388479482378,-0.5381284742512735,-0.5842084397083381,,-0.06640019317945221,-2.0829165595396506,0.22058684447233248
ODPV,Saúde,1.4282626300093701,-0.006440526361051266,-2.119813533557621,-2.90774883164984,0.45418376173026315,1.771807040488978,1.761824351586598,0.4714649270075555,0.20849078301195903,0.2420952483023475,-1.7768675338166713,-1.9669059900996981,-3.0862940501620186,-2.4736458602545066,-1.5076407287168316,1.8399907256291694,2.4981392691771194,1.3781575379410516,1.7411198247240525,-1.7473115723643213,0.3787623130113818,-1.7606711492168685,0.4599959633607074,-1.15052514461267,0.5647609438753293,1.1926430229611862
ONCO,Saúde,,1.5816643696560286,0.48667847890718063,0.5903700927757344,-0.10433157891424352,-1.0609573148763571,-1.4055175805034146,-2.428203978076404,-2.7286938998981545,2.694812878514005,1.6242150164289892,0.5590408062714306,0.20885054937497716,0.7258118824718427,-0.24200876337897653,-1.669840479777575,-1.2757864815376843,-0.8750158893875606,-0.8187282772396215,0.7240001081675462,-0.5524997393878376,,,-0.7041755463557392,-1.6428351854396264,-0.26239992225584
PCAR,Consumo não Cíclico,,1.80018712337209,-1.9884493621850299,-1.5189247767955698,0.08506523350586598,-1.366096182995976,-1.2394706072417963,-4.005880108117158,-3.6099157540967863,2.8950023751404026,-0.20458127721462518,-0.6338466613963608,-0.476604667657617,-0.6895448415794039,-1.1610328229096596,-1.3552101996930197,-1.6577904728112043,-2.5332350571417477,-0.9441260031346816,1.0990045725388953,0.06983088784023266,-2.7850264370454756,,-0.5896152515812898,-1.561897377563694,0.28062782773505457
PETR,"Petróleo, Gás e Biocombustíveis",1.2874630022888727,0.08128132344696147,0.29599128635827543,0.027956501653196977,1.493734978547378,0.3187547224913426,-0.06870516890804418,-0.920932965861406,-0.6127479469194147,0.47959291414032684,-0.386767101087909,0.1295549797852913,-2.483578378704426,0.44053398510752917,-1.4636730405645728,0.31938499891126526,-0.04827619634640433,0.6732181782772745,0.07435974960227759,0.05472385268492389,-0.569426494401797,-0.6040910678180904,-1.1652913740893056,1.4250781924428968,0.29204563764167474,0.3526232103593547
PGMN,Saúde,1.1837979550664584,-0.8841210215529725,0.8158012769085876,0.729860878419643,-0.11389929352913851,-0.36221207374570336,-0.2125236729015999,-0.18200690186330942,0.021242184949670336,-0.22379357712433828,-0.040008166134685316,1.0420134250804418,0.19414522014424432,0.7664012607493733,-0.7928823065075317,-0.032305158361857565,-0.21557117623728206,0.5198411705496153,-0.5860148134247423,0.6442803765374858,1.330269192636671,-0.5401885969969658,,-0.7562345765784034,-0.2816646785994196,0.030864547322785405
PLPL,Consumo Cíclico,0.6700331534120354,0.23034201904853624,-1.5696712305856197,-1.301061225815726,-0.7309258635506628,0.25795160867835154,0.08200258499024392,0.15612390447886004,0.14602984480188366,-0.13472146254315673,-0.39031660899770976,-0.09841036876817404,-0.32426838872832425,-3.3267244786660983,0.624203524156818,1.146379875369076,1.08325215564746,0.9716872354702573,-0.4181749090478134,0.3226804256948258,1.672527974314632,1.0565303342385408,0.23169406839904733,-0.9957808732167445,-0.06965483486567806,0.42425422003065655
PNVL,Saúde,-0.26995643454620905,-1.075544379555031,0.08932290571035982,0.08665336683939791,-0.11150736487541477,-0.42820926299062934,-0.11274281782705341,0.7365767789954409,0.5472837973026256,-0.745793100503873,0.6863536850484331,0.7341183805896971,0.24561387245180927,-0.2635542130429656,-0.11806221617505187,0.17404830417579994,0.0072454352692689445,0.06535575410089095,0.03455442341493648,0.006522523497004131,1.4517381559930909,-0.7904584299880598,-0.5328990175065306,0.12876893720689045,0.1907589246423007,-2.490081950785783
POMO,Bens Industriais,0.9189380385164363,0.6296539405488094,0.32204736321770505,0.07860595342503224,-0.5511742468622344,-0.32086999377375175,0.43480893046664076,-0.011176941112822199,-0.05173169110989532,0.17880444474236948,-0.7148298815663997,0.48594232397591397,-0.242742688614721,-0.048947356646654665,-0.39788180489327485,0.3279080997847003,0.9370410298820362,0.057039754272305926,0.6482905883950355,-0.6555381363181366,0.8851770459055012,-0.4855914788270448,0.27163579159374684,-0.6102928676309218,-0.2700689848195642,-0.4621030788041323
PORT,Bens Industriais,0.34368358570801144,-0.182973403623321,0.13584095592588802,-0.20565214686427813,0.9244630861236144,0.8134441668083896,0.959804855018812,0.2221216502971636,0.25328671939400976,-0.14359766613691322,-0.46079887530507746,-0.8074824626170953,-0.10023566686462096,0.2479026349441447,-1.3225638855217041,0.03435817039835531,0.3199429332137003,0.13554854059346716,0.534418709135484,-0.48426167055844793,-0.5989387690671644,-0.606551423375711,0.14754720523808007,-0.16442728065968754,0.004842296963334051,-0.4373771607380617
PRIO,"Petróleo, Gás e Biocombustíveis",,0.412842746507538,-1.5215249291783475,-1.7353998401222126,1.1645895664906776,1.0418841980363533,2.40349348844743,2.2042002133732015,-0.028787738176588674,0.4047027498024056,-0.4693730349046216,-1.6567731137761619,1.3116069856746817,-1.161742632967515,1.2136661653596845,0.9319637483476754,2.0279367277414186,-1.3207861508336955,1.0470890321902098,-1.0646276795067033,-0.6927541218551798,0.18369991505272673,1.6061686020202774,1.3246541674920609,2.1595794253576646,0.36590485245685284
PSSA,Financeiro e Outros,-0.6593248091423385,-0.18016228529165554,-0.6963281385243837,-0.06652449925024449,1.6841342434807223,-0.5290262906007567,-0.5092135065520468,0.10494738604743091,-0.2709476854311875,0.08411421915531185,-0.41773264145676503,0.538314993813177,0.28727536785631946,-0.34114034396884635,-0.42756061236196424,0.3059416341874563,-0.06614666724663337,0.27583139424241393,-0.05517947890353873,0.11842554354368924,2.478023469613588,-0.03980104528771899,0.1840422014187757,0.3929055595352698,1.143716581854458,0.982605944770086
RADL,Saúde,-0.6877019488027226,-0.9213810425752709,-1.4479213825157244,-0.49455824001022103,-0.36863969515072315,-0.27971558718954587,-0.026091022630736704,0.6871491455739707,0.4885702538424163,-0.07246472506968485,-0.16818966928464738,0.5228178598607548,0.5323677924510996,-1.2224782748496263,-0.8892851765550286,0.7266467973610593,0.26801432675770503,1.1528154050945658,-0.741157122634662,0.8037198397976065,1.7979247015588877,-0.17554814140241465,-0.13328184254448444,-0.8897773062800207,0.22028539984490825,1.5580956696668578
RAIZ,"Petróleo, Gás e Biocombustíveis",-1.2555666716199223,0.8564597100639704,1.1140946923784094,1.3384175166468133,-1.3132979205243578,-1.1226871170728694,-0.5440926093618995,-0.3239048881420146,0.8495925200995288,-0.921685271915887,0.5769687934404051,0.9550209468640792,-0.17154944431073546,1.1956298625911708,-0.8431035864241905,-0.42135561776041347,-1.0059193795569012,-0.7198533393208005,-1.287461246020828,1.7305530037375316,0.5651876781693254,-0.4215781126306376,,-1.6132890462025915,-0.634870139601911,0.36375107265725853
RANI,Materiais Básicos,0.550084053167639,0.329946805436999,0.21466383931650201,0.1746558282055565,0.9370038288307229,0.5213447121526806,1.3783604853574296,-0.16661976220416216,0.2763067292038233,-0.38804379974024245,0.017499129537158438,-0.062256673025987266,-0.481982471904937,0.12938206781418182,0.8813414522778287,0.5600770300109662,0.9232675144942603,0.16471933638450703,-0.011151397233057631,0.17975764070948036,-0.4982214306493525,0.17008804709000722,,-0.6262862163699179,0.22447495635392092,-0.28741000862827953
RAPT,Bens Industriais,-0.04215781556593179,0.5304569082367709,0.6551207959791243,0.8997960209274848,-0.42980147921404777,-0.7579761652428675,-0.5607110695786214,-0.5218936283255132,0.010172414342926726,-1.0780635085492618,0.3590284630837353,1.1140591532479185,-0.2516269341144006,0.6951305828013357,0.17605879687609538,-0.3633302943486981,-0.8111350403141634,-0.8466464882755275,-0.8889797816089083,0.5433971239996874,0.06739894377770582,-0.2565006747576009,-0.9740891811801322,0.356291653029345,-0.297560112997854,-0.7824864745454535
RDOR,Saúde,-0.9968336293525427,-0.7775159614058403,-0.9823330341234898,-0.014089978347869297,-1.4904542337471836,0.5213252972707431,0.41154430664359,0.6011322250742693,0.3211573123545226,0.17238195690638355,-1.2577324460593249,-0.5397219015190698,0.22867077572944317,-0.21789116248074375,1.2178061259116941,0.6301698538369597,0.1100838713492156,0.3826692084941822,-1.0979844338174771,1.0269350883617754,-0.7347031844224673,1.5975059824005666,1.8003734477487887,0.7263160667192119,1.2743805645779966,0.07598215802718929
RECV,"Petróleo, Gás e Biocombustíveis",1.0586893202495022,0.1665032217118041,0.937207469455137,-0.9155754291422069,0.7091928026415608,0.45268843080240295,0.21226260592484145,0.06725143863965548,-0.7116470574808739,0.7408763763859628,-0.7337120231181021,-0.25131377289597945,0.6934576053525866,-0.6092334543209479,0.4174972291852816,0.32500613343912793,0.3833937544766352,1.5599452697590293,1.7033570548428678,-1.8737589299195083,-0.552982810741346,0.23661258374566113,0.7503503366852535,-0.20883637813752445,-0.11991693002214115,0.31349621066672495
RENT,Consumo Cíclico,-0.1401032503992245,-1.063347701096304,0.04752041911848362,0.17816160383116908,-1.3304314523487815,0.08370772820226852,-0.5356656808223217,0.16301331170894903,0.18816030931078728,-0.24155871602685933,0.9304232708939519,-0.03361341813892367,1.5961762655511553,0.5374457943457085,-0.6584627735616928,-0.4299176395501762,-0.5857525812938513,0.052090605225405075,-0.35834066133032016,0.44268554268876925,-0.5057418023025553,1.0887054488509833,-0.052046845241295756,1.7401351986839069,-0.07695951240657553,-4.205440585040954
SANB,Financeiro e Outros,-0.04325857397890233,0.29003510467085897,0.6663009884405763,0.6041334422879157,-0.3763359878476719,-0.4525568415041206,-0.4764177829443862,-0.36877709458373453,-0.49454596409245094,,,0.6120291085165385,-0.022594299050658902,0.674741324588316,-0.7335259410191934,-0.3933905331107709,-0.5370624711705518,,-0.7681727456346574,0.8196294197892208,-0.47654297492569,-0.12026773521771608,-0.6879596584207075,0.3975527093019354,0.07905808688961871,-0.3282466726432344
SAPR,Utilidade Pública,-0.046468077420910865,0.37536059077344275,0.8262405447374849,0.09896641387185649,1.105600136546639,0.17947015774370834,1.1488307952460468,-0.3517242335038623,-0.6494718149739086,0.8450748327268311,-1.2064722728139974,0.03610249711405862,0.16303580465573989,0.2980304726100673,-0.07900077833775997,0.23902772650591786,1.0109461274526064,0.7404197653185352,1.2957345023087452,-1.2362117280251395,-0.474639472982504,-0.4076196698845769,0.38069016060885824,-0.1827184004647696,-0.010992711703892218,-0.24536287870422885
SBFG,Consumo Cíclico,-0.28084728665457054,0.4791285036917747,0.4042538712590946,0.4786287411031946,0.30113439058280755,-0.41741767204694624,-0.3316651526640432,0.1467967069981242,0.15895077029564203,-0.18872496476028378,0.14261351797611863,0.9221416036425185,-0.2778635922494521,0.4756339048310031,-0.6129243251219824,0.06503734193258975,-0.0033535131527798637,0.18783237585667423,-0.29850641361282687,0.3826829841917975,0.83752455994471,0.5256409431332445,-0.190594210280094,0.0697442733799953,0.054524683329578855,0.2372180705862236
SBSP,Utilidade Pública,-0.8993949731701892,0.1287517365605038,-1.2809091601978613,-2.260551933756896,0.955712828037002,0.43455982359722434,0.6091067762738552,-0.1287424175949779,-0.6575840092184249,1.1429501093810146,-0.9680238972578363,-0.4611609613210916,1.4937729666922914,-2.13072801491489,-0.6763147156761585,0.9030186467805557,1.6416784865544483,0.24258320658862126,0.9902497592533369,-0.887886876482144,0.557845624996072,0.6002306861782137,1.0674804619205787,2.5369317276284677,3.293803149251095,-0.2472318934283282
SEER,Consumo Cíclico,-1.214563819860768,-0.8508425787968711,0.5231650219726317,0.5479673112428927,0.7893393637390819,0.009131347358505081,-0.6822910604360845,0.1333358651793349,0.14279961342844408,-0.167669447650357,-0.04275348271043043,0.74394998941208,0.9429395151178007,0.6425260065207077,-0.7874883774742057,-0.5311030175380324,-0.6693376327400236,0.278757815866826,-0.11900367046034738,0.20267530870088227,-0.03378335070216475,-0.6385901777117036,-0.9040364534964883,-0.22133903734442728,-0.39593043169243164,0.16020318552086885
SHUL,Bens Industriais,-0.4104609713274231,-1.2623159472569592,-0.16182703319553776,-1.1321229922516607,-0.4553536408241923,-0.4249107208313156,0.46204485499618086,1.8384998566849733,1.1379526627743397,0.48730991291133824,-0.9284468641043297,-1.1298055723750977,-0.240362030015256,-1.4511729748189826,1.8341094242098313,-0.06600722962319709,0.4391733748676347,-0.3087777819901257,1.1037781054332412,-1.0551832230907452,0.1279750994908759,-0.5998314264563407,-0.38095265141321316,-0.5094035742286717,-0.49916171963864603,2.5985355618090518
SIMH,Financeiro e Outros,-1.4943719335818773,2.228706168551674,0.2515877758860232,0.6448916597294612,-0.8951793749458394,-0.40815005450251024,-0.6736402649129387,-0.7598151204138239,-0.3038297852343144,-0.5445895511457255,3.2680268908270436,0.7836921153599826,-0.0068542853705614686,0.6817960583977407,-0.3377359287194749,-1.692515329170485,-0.6577104898777986,-0.0834502219842927,-1.0280191806211096,0.9364967324968095,1.4296289247770702,1.9419491002959295,,-0.9370500028452181,-1.2995307913202578,-0.18585373656638804
SLCE,Consumo não Cíclico,-0.43704176875645934,-0.41171371213030894,-0.04970176316118212,0.0295588315458957,0.39184224934805045,1.3242197772375748,0.6849999208833539,0.14248331661444266,-0.08437358331101234,-0.0971487407868249,-0.14846085319322389,-0.5487143745138491,-0.232840307428954,0.12795365331143255,-0.3863134031655711,0.35655146726172865,0.42670194654912985,0.8079985613209377,-0.18482379853284378,0.2620338378041712,-0.994097995819903,0.27395960365153516,-0.0012649696343870092,-0.05660215837791971,0.2342918576868305,0.2612028037382915
SMFT,Consumo Cíclico,-0.9399413100942394,-1.9071485281779545,-0.6738738952103077,-0.37654695728641635,-0.17379039547983707,0.5883180060610051,-0.34016517467063806,0.19650642993522782,0.18534244789991444,-0.17215349296080437,0.038344580089934834,-1.945123461701808,2.2101474189639254,0.3396477478986512,-0.5825653594955087,-0.3848109047845054,-0.5641822454367745,0.22187555007848464,-0.5378434044828,0.6226932181796838,-1.0503092464568518,0.5281810837605426,,-0.2854307754855846,-0.32044876376982445,-0.35689675706079865
SMTO,Consumo não Cíclico,0.2427149436770775,-0.5141692320454999,0.24063285265322656,0.6179826027156526,-0.11995900975499972,1.2556006308675625,0.5080033936523314,0.11524211564887467,0.31517002025379987,-0.8406263232607453,-0.10224403341089343,-0.35953151477493384,-0.23662451700882733,0.8286666489321494,1.2934330391179323,0.18672595957475835,0.11609405357540954,-0.10591248528980941,-0.022116183261021556,0.15043773983954126,-1.3415033455864778,-0.2924140899600963,-1.05482871991851,0.8320795981210813,0.17213998103456316,0.19056635284097145
SOJA,Consumo não Cíclico,-0.4733394572844637,-0.889839471734533,0.18332996795301432,0.21537686454687158,-1.0380651645676477,-0.2865243954479771,0.2625551708071014,0.45331240455489785,0.20238019915177158,0.7908103152042943,-0.4983882029737261,-0.17034865503601876,-0.23828138714920433,-0.8530445405575712,2.743953477004966,0.169048216669331,0.16168787272751525,-0.6124174026885366,0.41177079079717155,-1.3003115337006466,-0.8638209896574373,1.5366802853054309,0.3743270416716715,-0.16634014815508405,-0.11686624539847966,0.18703453029610545
SOMA,Consumo Cíclico,,0.7102926123394505,0.5707294822580464,0.15504874711793634,0.7754267867838509,-3.2434791694885368,1.189838786516451,0.07525286268566153,0.08857296335091559,-0.12068445113653886,-0.36714573391189115,0.17697667140613982,-0.29928119062431624,0.3952784484618861,0.0473831772538189,0.3775335494533179,1.3097406821467654,-2.314556392574374,1.3170182747594898,-1.2373860952264384,-0.21530583208693008,1.7762368453063269,1.5501946382701195,-0.5324510162379615,-0.02095698459302833,0.21521381771040796
STBP,Bens Industriais,0.013964570073914571,-0.39713388397911303,-3.7734969995294416,-1.34268454802152,1.4521152233731,1.5349733648439625,1.4603823644755336,0.366512755582427,0.3208184707970883,-0.010189896117899683,1.2192698251959402,-1.8736281333551033,4.240189603532019,-0.2364315618618963,-1.4979346249512342,3.4844452080865946,1.3156782432425036,2.0852390808926007,-1.2305954193875628,1.285595142291674,-0.23548183478814425,0.10515734126669428,2.752764608482506,-1.064294687941047,-0.34337865996167033,-0.4137262825879071
SULA,Financeiro e Outros,,-3.5897504069076094,0.41239493993778864,0.34846826015458393,-1.5760876703987854,-0.70864132365709,-0.6509888086075234,-1.6540174500532117,-0.2756451282602056,-1.287385897517562,-0.6512560238698639,0.6918019175790802,0.0050929539287895955,0.09860473015196243,-0.10194613415794046,-1.071553726696187,-0.5858831160697918,-2.186497352097403,-0.05517947890353873,0.11842554354368967,2.478023469613588,-1.0404765482633247,-1.429932488372981,-0.37876588856101584,-1.0863113467881103,-1.6998256892657977
TAEE,Utilidade Pública,0.6712120982862823,0.18000654592780108,-0.4931896443341806,-0.5031497268631729,1.56935403125167,1.9022926381195735,1.7725118838361347,-0.41253745602446673,-0.26008649123712696,0.09786227434006609,0.7444689817364136,-1.5551405698784238,0.11124798852045384,-0.35709517205127,0.5183131590006392,0.5614555941320748,0.5823529006690669,1.033830683990272,-0.028032717598026103,0.27319596199450635,-1.0554123405954532,0.6972726736945759,-0.1529940225760452,-0.6836730767295576,-0.3251073666896407,-0.23812044664834392
TEND,Consumo Cíclico,-1.5311005901804133,-0.5077245520597381,-0.808639866018983,0.03948446355177259,-0.9965296054232468,-0.3010227598889228,-0.4974155817926445,0.1807137887462546,0.16905383437852758,-0.15480218719429062,-0.1122661079678863,0.2741720973500152,-0.27429399252030806,0.10476256774277075,-0.400411565736667,-0.022737925719526385,-0.41453804042830483,0.3433967542626685,-1.076351633940239,1.1027136861554578,0.147739130682601,-0.4870284536162521,-0.6852236408152866,-0.3401758018144898,-0.13783182524738777,0.20421169127250013
TGMA,Bens Industriais,0.7961703199292723,0.5317707762144138,0.26697222866660425,-0.6899437251349552,-0.7530363235823765,-0.23236781686114855,0.41226885499391785,-0.010508463773538586,-0.22168659880764313,0.5456758122946567,-0.9935711766185961,0.42395711056091345,-0.24078762261404302,-0.5410933953366639,1.9648403390572993,0.3290400403864472,2.0715025699973766,0.7652892308717174,2.1092667992950798,-2.073707272808363,2.5207332501610926,-0.8277004129040808,-0.9004655909468259,1.200832673606245,2.5789282653905383,-0.4846789170383708
TIMS,Comunicações,1.3999379187367988,-1.1712987805843864,-1.3505822669735394,-0.35249287264814827,0.9931000216563879,0.24541486767963938,-1.128049628097717,-0.1556785473414149,-0.3244816727855029,1.3281423770232232,-1.4099288359211795,-0.3270885194611983,0.24063097552076193,-0.4124394116581568,-0.7754089508032529,-0.16548717699888757,-1.1207859504123294,1.3973365894659844,-1.413561099333812,1.4116979121825832,,-0.6171254607139559,-1.0935181703587455,-0.5465108628203312,-0.5804081169159276,-1.1057737900115578
TOTS,Tecnologia da Informação,-0.8236861812732983,-0.04083905497865838,-1.6990071090505119,-1.6812563058115557,1.5031084777864092,1.708947806847428,1.3462440212688005,1.544699345807641,1.679193470450508,-0.7135001811499139,0.3378369078474256,-1.7158193290796,1.2469424298790086,-1.074191076581204,0.3717872988576539,0.9333813290030398,0.7378222486029775,1.2154027643068364,-1.1255686118438815,0.8882901042857793,-0.3365434223183789,-0.9027124712562923,1.0606797368586462,-0.2723826004654429,0.4504449168922468,1.729204924543869
TRIS,Consumo Cíclico,-0.2053260964687752,0.3485155992540745,0.5865843023531847,0.4092901709634963,-0.9491003658031425,0.07046519328608623,0.09404428283292007,0.15675984976163748,0.15661400717443041,-0.16377027781518538,-0.3092185461973446,0.14457819609151465,-0.7954555529753341,-0.5380810832101653,0.9657418874546461,-0.23161055337317313,-0.1179459223935,0.018478357259567018,0.539173054432078,-0.517355393262778,-0.7235687799642739,-0.4853350265313867,-0.3784767071500509,-0.4469953653830854,-0.2717509134971747,0.3692435878411174
TTEN,Consumo não Cíclico,-0.9551087777470677,-0.2557536429260738,-0.034420993907792255,-0.6517739561243493,-0.5983489106970199,-0.23957445319481097,0.3173165272984675,0.23049335050320077,-0.2678960040871942,0.5740881049284958,-0.4455689803653484,0.2836902083373775,-0.23302440411121814,-1.6160431357890186,-0.36934626738492965,0.4012423903372471,0.9011626271007303,0.2716067078024097,0.5744784060689938,-0.4633407989659229,0.9600570966170807,2.0039127600261994,1.0432013962928417,-0.32800772238037096,0.1472792303736563,0.27709600519018857
UGPA,"Petróleo, Gás e Biocombustíveis",-0.7041634379865673,0.13241446240586702,-0.21255947954613236,-0.5486463449439941,-1.1552254836563434,-1.0284608140493234,-0.40486304236881787,-0.25184977531381236,-0.48099090817799717,0.4513010742793344,-0.3922741633423565,0.8859281365185191,0.30195594373126644,-0.8670710710226793,-0.3676138050978108,0.3764291048606863,0.1921307608811961,0.5854195532185724,0.4634514626374505,-0.5049519134108902,1.9951304092821482,-0.6338580191381831,0.33983124871642134,-0.37734017686254473,-0.0885719520477204,0.3213934032652374
UNIP,Materiais Básicos,0.11628217360663623,-0.06253540809116628,-0.2570292373514136,-1.0459100101325844,0.14437264042797346,-0.13698701475234729,0.6313528195849307,0.49310637881407265,0.3623990879127085,-0.17666433883185495,-0.37717671935592023,-0.3320185375209517,-0.258496287355613,-1.2345249223284775,-0.1633438063737283,0.591267876908373,0.9523266708109623,0.13865724991381384,-0.08895184304508721,0.21811275608134673,1.0910016336229058,0.09021930234312905,1.3560676831214074,0.8630741053228862,1.4051124074925958,-0.2373761686387822
USIM,Materiais Básicos,,-2.8162190926730037,0.5144900236878633,0.8641357674194683,-1.361589439714154,-1.145597284398389,-0.42403493385262586,0.5246809387155437,0.2328505862364812,-0.2068614046759103,-0.6852164062968594,0.8759416698635798,-0.5942994465317066,0.7509856960650401,1.4982815656547326,0.15874278033682063,-0.4360552420981398,-0.7578785246780352,0.8057532837932522,-0.8941855897027765,0.4950429845208089,-0.05009065464463064,-1.3241387971937104,0.5128364041028889,-0.10825014351243295,-0.27928643313182977
VALE,Materiais Básicos,0.39637472576413413,0.06915900747008052,0.1582112104599696,-0.13281495549794478,0.7035270997890125,0.995420328903532,0.9502676307416512,-0.13656320999026192,0.08608361281847676,-0.1809782053810057,-0.39642919978972885,-0.4418331018286364,2.2731447173704065,0.14748702786032336,-1.0859571812584423,0.4290033554767776,0.5697144459743844,0.7993311419458886,0.14444949439100133,-0.05037305152171733,-0.5478846514078606,-0.9629256486597628,,2.4564856275723104,1.6774103359961245,-0.2752246453836049
VAMO,Bens Industriais,0.5751884264723776,-0.18560113957860674,0.4374428832295354,0.8576837097735128,2.161034395084951,2.4097126673088503,-0.132449635596886,-0.5853989755574577,-0.1417740263140001,-0.8467677872787971,1.848573908888761,0.49007467153691403,-0.2489270810658453,0.720519068924233,-0.1427970929957768,-0.2871129604977448,-0.8755839276946683,-0.1651234070194905,-1.2305954193875628,1.285595142291674,-1.4251975329948032,0.513855335726582,-0.5793561293189308,-0.8039352210965309,-0.9298560610985198,-0.5792824296389891
VBBR,"Petróleo, Gás e Biocombustíveis",-0.3864222129318858,0.39869269547488484,0.052771354838775326,0.027956501653196977,-1.3057646628540458,-0.9485507864015479,-0.32834949654379103,-1.347087490302489,-0.6891995619915953,0.4812571400145028,-0.2766258559989588,0.8859281365185191,0.032137230992248626,-0.3513958376192168,-0.16857157105421003,0.6935027302656798,0.7167757780353518,0.48786552537557,0.009511130763082038,0.1346775335557545,1.42025922851278,-0.5599375909020269,-0.44015501842435995,0.12605167467446518,0.6950524973127991,0.38241716425374245
VIVA,Consumo Cíclico,-0.9571052169546475,0.16192573577164565,-0.6342368449724618,-2.01755978392594,1.6171376925753027,0.9131085992684239,1.055963439912581,0.18251563371412402,0.16396793817353755,-0.1372559229360183,-0.4598292342551657,-2.0398890019970866,0.11836197768553351,-1.4467158590763343,0.942972663234791,0.4141065776416997,1.4297256753517542,0.6579729211224352,1.3768525224769832,-1.29738865372341,0.038825641851741546,0.9540779956041856,0.07627562200866123,-0.04375151291163733,0.2444462993929131,0.2922287027757627
VIVT,Comunicações,-0.5263879472669619,-0.10067733580198072,0.3120478883982184,-1.0098444459649654,-1.3685100215165065,-1.3288702159887875,-0.17464157033007846,1.2951408560336197,1.3543120310030992,-1.0848185827594268,0.8002298798471559,-1.0279924897351949,-1.3272009629463841,-0.9652837294127086,-0.6365297357340138,-1.1335871624423814,-0.18652009873132364,-0.887315695469599,0.7439795259651643,-0.7788678136179764,,-0.7934205382564528,-0.2298769353099205,1.4028546557435275,1.407049980402249,1.3163973690613786
VLID,Bens Industriais,2.1788855961309856,0.8063691835417789,0.5974230359732091,0.3944482870798217,0.10615511055873483,-0.23169222772441125,0.5165167040552613,-0.16425825180877282,-0.3229842259122611,0.4761925987430871,-0.9284468641043297,0.5892510130009148,-0.2479960972559986,0.3182092118998603,1.4036539728828037,-0.09015529579379605,0.5793497049202333,0.24078372225800215,1.5023296828416708,-1.5119204651165827,0.218839333060631,-1.2259029939935338,0.276129250152587,2.302478667692105,2.240787388797573,0.2979501417485621
VULC,Consumo Cíclico,1.1197275131547264,0.1007657249635162,-0.6580190751151694,-2.803396912175853,-0.16809888672542433,0.3123156993868895,0.4319201575950689,0.1878151777372694,0.16479267809867107,-0.12984750024919217,-0.5756836096842588,-1.086563865864241,0.2147411703724219,-2.7200407830792654,1.0947674913671592,0.3559960995201599,1.7923769469488566,0.7036511042554972,2.154697742804395,-2.077421914184042,1.6362234780376788,0.06587548959229413,0.31707196493587136,-0.4510010990169076,0.008261725570561571,0.7653201396057989
WEGE,Bens Industriais,-1.2066973175927427,-2.008435294400807,-1.319716171496062,-3.285114899998475,0.01672254492322848,-0.06887524577069112,0.6696013833075045,2.103805143099859,1.5283537176355375,0.5262205125002172,-0.9746343197882066,-2.2938052333575865,-0.20748500175895665,-3.6034916506899566,-0.3819390103996812,0.35922512309969606,1.4703555729557156,2.0715418032791213,1.2176499846927926,-1.3406439993568937,1.0669055130450114,0.03307010158617597,-0.07781702402067937,-0.3531878941219619,0.17895277542583618,0.17324551150229267
WIZC,Financeiro e Outros,-0.9950955060323627,0.3208340603452595,-0.3323961356703881,0.17802480539902935,0.3771479958206089,0.03800188854977078,-0.40390053074359633,-0.6288949003121199,-0.7367836958992584,-0.11466235909640642,-0.2570514150257337,0.5443736881723574,1.2452903523018555,0.29378569887938016,-0.4528238046364143,0.9221099761853536,0.02640913870817567,1.421738909350575,-0.2532331641066273,-0.6217341036043714,1.4296289247770702,-0.16978569825156054,-0.7075752421798779,-0.9073180278117522,-0.6421041706794698,2.6606648161604043
YDUQ,Consumo Cíclico,-0.3563684768403658,-0.15527703214848348,0.2853427205455577,0.43240302767672906,1.03407424017882,0.18755708096601414,-0.4669571696023459,0.13693955511507377,0.16493013475286,-0.22401245176858703,1.0694485214088636,0.5009614245523913,1.000053110784105,0.6116200617633549,-0.7115909634080215,-0.30760117860903297,-0.46846388007099665,0.16068402173042043,-0.4181749090478134,0.502688101185741,-0.2516103283638832,-0.7012469798517225,-0.8529119645522824,-0.00903515475184383,-0.22548795573815741,0.32523508208948615
ZAMP,Consumo Cíclico,,1.9977626703682099,0.4914553817823551,0.5710801679561255,1.2769119470337544,-1.0014831594027764,-1.1051671552641829,-5.905372659682294,-5.90782237332106,5.902441176649778,-0.019582607624611784,1.1165324555302691,2.7206001802315187,0.6610695733751193,-0.8785652743536266,-1.1109886978138181,-1.3103810514925223,-0.3521182228765965,-0.23867216589533394,0.3226804256948258,1.672527974314632,-0.5962545005900691,,-1.0224857641088931,-0.5955916178102958,-1.1050413548385303
