date,value
2016-07-21,3.2582
2016-07-22,3.2851
2016-07-25,3.2816
2016-07-26,3.2787
2016-07-27,3.2817
2016-07-28,3.2737
2016-07-29,3.2387
2016-08-01,3.2659
2016-08-02,3.2487
2016-08-03,3.273
2016-08-04,3.218
2016-08-05,3.1856
2016-08-08,3.1768
2016-08-09,3.15
2016-08-10,3.1299
2016-08-11,3.1361
2016-08-12,3.1599
2016-08-15,3.1669
2016-08-16,3.1746
2016-08-17,3.2245
2016-08-18,3.2212
2016-08-19,3.2264
2016-08-22,3.216
2016-08-23,3.20505
2016-08-24,3.2369
2016-08-25,3.2316
2016-08-26,3.215
2016-08-29,3.261
2016-08-30,3.2522
2016-08-31,3.24
2016-09-01,3.2469
2016-09-02,3.2428
2016-09-05,3.2718
2016-09-06,3.2449
2016-09-08,3.1931
2016-09-09,3.2635
2016-09-12,3.2851
2016-09-13,3.2969
2016-09-14,3.3259
2016-09-15,3.3323
2016-09-16,3.3001
2016-09-19,3.2633
2016-09-20,3.2537
2016-09-21,3.2405
2016-09-22,3.2012
2016-09-23,3.2239
2016-09-26,3.2397
2016-09-27,3.2355
2016-09-28,3.2473
2016-09-29,3.2232
2016-09-30,3.2459
2016-10-03,3.2335
2016-10-04,3.22
2016-10-05,3.2356
2016-10-06,3.2307
2016-10-07,3.2131
2016-10-10,3.2122
2016-10-11,3.2133
2016-10-13,3.2084
2016-10-14,3.1861
2016-10-17,3.196
2016-10-18,3.1871
2016-10-19,3.1797
2016-10-20,3.1602
2016-10-21,3.159
2016-10-24,3.1308
2016-10-25,3.119
2016-10-26,3.1216
2016-10-27,3.1426
2016-10-28,3.1812
2016-10-31,3.1808
2016-11-01,3.205
2016-11-03,3.2307
2016-11-04,3.2446
2016-11-07,3.2021
2016-11-08,3.2021
2016-11-09,3.2255
2016-11-10,3.3101
2016-11-11,3.4374
2016-11-14,3.4443
2016-11-16,3.418
2016-11-17,3.4049
2016-11-18,3.3914
2016-11-21,3.3514
2016-11-22,3.3473
2016-11-23,3.3924
2016-11-24,3.3984
2016-11-25,3.4276
2016-11-28,3.3993
2016-11-29,3.4057
2016-11-30,3.3964
2016-12-01,3.4359
2016-12-02,3.4647
2016-12-05,3.4595
2016-12-06,3.4351
2016-12-07,3.3892
2016-12-08,3.4005
2016-12-09,3.3855
2016-12-12,3.3694
2016-12-13,3.3337
2016-12-14,3.31
2016-12-15,3.3827
2016-12-16,3.3709
2016-12-19,3.3775
2016-12-20,3.3583
2016-12-21,3.3294
2016-12-22,3.3299
2016-12-23,3.2693
2016-12-26,3.2698
2016-12-27,3.2773
2016-12-28,3.2771
2016-12-29,3.2588
2016-12-30,3.2588
2017-01-02,3.2726
2017-01-03,3.2629
2017-01-04,3.233
2017-01-05,3.2126
2017-01-06,3.2054
2017-01-09,3.2094
2017-01-10,3.1915
2017-01-11,3.2151
2017-01-12,3.1658
2017-01-13,3.2031
2017-01-16,3.2231
2017-01-17,3.2097
2017-01-18,3.2208
2017-01-19,3.211
2017-01-20,3.1915
2017-01-23,3.1606
2017-01-24,3.1646
2017-01-25,3.16845
2017-01-26,3.1801
2017-01-27,3.1593
2017-01-30,3.1313
2017-01-31,3.1267
2017-02-01,3.1476
2017-02-02,3.1193
2017-02-03,3.1238
2017-02-06,3.1176
2017-02-07,3.1301
2017-02-08,3.12515
2017-02-09,3.1182
2017-02-10,3.1152
2017-02-13,3.1172
2017-02-14,3.1001
2017-02-15,3.0776
2017-02-16,3.0507
2017-02-17,3.0947
2017-02-20,3.0915
2017-02-21,3.0967
2017-02-22,3.0821
2017-02-23,3.0635
2017-02-24,3.099
2017-03-01,3.0973
2017-03-02,3.1135
2017-03-03,3.1361
2017-03-06,3.1108
2017-03-07,3.1182
2017-03-08,3.1474
2017-03-09,3.1732
2017-03-10,3.162
2017-03-13,3.1538
2017-03-14,3.1636
2017-03-15,3.1626
2017-03-16,3.1077
2017-03-17,3.1072
2017-03-20,3.0895
2017-03-21,3.0762
2017-03-22,3.0936
2017-03-23,3.1245
2017-03-24,3.1279
2017-03-27,3.1253
2017-03-28,3.13
2017-03-29,3.1226
2017-03-30,3.1244
2017-03-31,3.1681
2017-04-03,3.1164
2017-04-04,3.1228
2017-04-05,3.092
2017-04-06,3.1157
2017-04-07,3.1299
2017-04-10,3.1406
2017-04-11,3.1421
2017-04-12,3.146
2017-04-13,3.1266
2017-04-17,3.1033
2017-04-18,3.0955
2017-04-19,3.1291
2017-04-20,3.145
2017-04-24,3.1248
2017-04-25,3.1574
2017-04-26,3.1844
2017-04-27,3.176
2017-04-28,3.1981
2017-05-02,3.1721
2017-05-03,3.1486
2017-05-04,3.1777
2017-05-05,3.1761
2017-05-08,3.1935
2017-05-09,3.1854
2017-05-10,3.1603
2017-05-11,3.1556
2017-05-12,3.1287
2017-05-15,3.1008
2017-05-16,3.0921
2017-05-17,3.1073
2017-05-18,3.37815
2017-05-19,3.2875
2017-05-22,3.286
2017-05-23,3.2651
2017-05-24,3.2626
2017-05-25,3.2821
2017-05-26,3.2611
2017-05-29,3.2706
2017-05-30,3.2656
2017-05-31,3.2434
2017-06-01,3.2304
2017-06-02,3.2398
2017-06-05,3.2817
2017-06-06,3.2814
2017-06-07,3.2744
2017-06-08,3.2835
2017-06-09,3.2737
2017-06-12,3.2983
2017-06-13,3.3205
2017-06-14,3.2833
2017-06-16,3.2889
2017-06-19,3.2972
2017-06-20,3.3142
2017-06-21,3.3244
2017-06-22,3.3359
2017-06-23,3.3339
2017-06-26,3.3125
2017-06-27,3.3169
2017-06-28,3.3027
2017-06-29,3.2949
2017-06-30,3.3079
2017-07-03,3.3012
2017-07-04,3.3047
2017-07-05,3.319
2017-07-06,3.3061
2017-07-07,3.2892
2017-07-10,3.2647
2017-07-11,3.2519
2017-07-12,3.2261
2017-07-13,3.2105
2017-07-14,3.1896
2017-07-17,3.1818
2017-07-18,3.1665
2017-07-19,3.153
2017-07-20,3.1399
2017-07-21,3.1253
2017-07-24,3.1456
2017-07-25,3.1553
2017-07-26,3.1654
2017-07-27,3.151
2017-07-28,3.1454
2017-07-31,3.1304
2017-08-01,3.11575
2017-08-02,3.1265
2017-08-03,3.1191
2017-08-04,3.1221
2017-08-07,3.1264
2017-08-08,3.1317
2017-08-09,3.1461
2017-08-10,3.154
2017-08-11,3.1692
2017-08-14,3.1885
2017-08-15,3.1973
2017-08-16,3.1667
2017-08-17,3.16
2017-08-18,3.1651
2017-08-21,3.144
2017-08-22,3.1536
2017-08-23,3.1566
2017-08-24,3.1401
2017-08-25,3.1459
2017-08-28,3.156
2017-08-29,3.1692
2017-08-30,3.1635
2017-08-31,3.1468
2017-09-01,3.133
2017-09-04,3.1386
2017-09-05,3.12
2017-09-06,3.113
2017-09-08,3.0905
2017-09-11,3.0849
2017-09-12,3.1141
2017-09-13,3.134
2017-09-14,3.1351
2017-09-15,3.1252
2017-09-18,3.1236
2017-09-19,3.132
2017-09-20,3.1278
2017-09-21,3.1344
2017-09-22,3.1282
2017-09-25,3.1409
2017-09-26,3.1671
2017-09-27,3.1929
2017-09-28,3.1868
2017-09-29,3.1677
2017-10-02,3.1639
2017-10-03,3.1499
2017-10-04,3.1312
2017-10-05,3.1344
2017-10-06,3.1645
2017-10-09,3.1767
2017-10-10,3.1685
2017-10-11,3.1636
2017-10-13,3.15695
2017-10-16,3.1604
2017-10-17,3.1766
2017-10-18,3.167
2017-10-19,3.17295
2017-10-20,3.183
2017-10-23,3.2
2017-10-24,3.2467
2017-10-25,3.2384
2017-10-26,3.2441
2017-10-27,3.2798
2017-10-30,3.2544
2017-10-31,3.2766
2017-11-01,3.2733
2017-11-03,3.2917
2017-11-06,3.2848
2017-11-07,3.273
2017-11-08,3.2506
2017-11-09,3.2512
2017-11-10,3.2658
2017-11-13,3.287
2017-11-14,3.2831
2017-11-16,3.2805
2017-11-17,3.2785
2017-11-20,3.26155
2017-11-21,3.2588
2017-11-22,3.2558
2017-11-23,3.2368
2017-11-24,3.2297
2017-11-27,3.2215
2017-11-28,3.2229
2017-11-29,3.2133
2017-11-30,3.2613
2017-12-01,3.2633
2017-12-04,3.2503
2017-12-05,3.2319
2017-12-06,3.2351
2017-12-07,3.2889
2017-12-08,3.2808
2017-12-11,3.2842
2017-12-12,3.3146
2017-12-13,3.3033
2017-12-14,3.3329
2017-12-15,3.3179
2017-12-18,3.2878
2017-12-19,3.288
2017-12-20,3.2906
2017-12-21,3.3042
2017-12-22,3.3206
2017-12-26,3.3197
2017-12-27,3.30275
2017-12-28,3.3077
2017-12-29,3.3077
2018-01-02,3.2694
2018-01-03,3.2532
2018-01-04,3.2315
2018-01-05,3.2406
2018-01-08,3.2354
2018-01-09,3.2394
2018-01-10,3.2464
2018-01-11,3.2298
2018-01-12,3.21945
2018-01-15,3.196
2018-01-16,3.2216
2018-01-17,3.2321
2018-01-18,3.2126
2018-01-19,3.2084
2018-01-22,3.1931
2018-01-23,3.2246
2018-01-24,3.1967
2018-01-25,3.13855
2018-01-26,3.1447
2018-01-29,3.16515
2018-01-30,3.1658
2018-01-31,3.1621
2018-02-01,3.1727
2018-02-02,3.2057
2018-02-05,3.2352
2018-02-06,3.261
2018-02-07,3.2464
2018-02-08,3.2689
2018-02-09,3.2818
2018-02-14,3.25335
2018-02-15,3.2205
2018-02-16,3.2378
2018-02-19,3.2344
2018-02-20,3.2504
2018-02-21,3.2552
2018-02-22,3.2595
2018-02-23,3.2414
2018-02-26,3.2348
2018-02-27,3.238
2018-02-28,3.2446
2018-03-01,3.2617
2018-03-02,3.2611
2018-03-05,3.2579
2018-03-06,3.2243
2018-03-07,3.2315
2018-03-08,3.2515
2018-03-09,3.2493
2018-03-12,3.2603
2018-03-13,3.2489
2018-03-14,3.2581
2018-03-15,3.2856
2018-03-16,3.2902
2018-03-19,3.2908
2018-03-20,3.2978
2018-03-21,3.2918
2018-03-22,3.303
2018-03-23,3.3038
2018-03-26,3.3031
2018-03-27,3.3253
2018-03-28,3.3377
2018-03-29,3.3235
2018-04-02,3.3101
2018-04-03,3.3136
2018-04-04,3.3535
2018-04-05,3.3193
2018-04-06,3.3663
2018-04-09,3.39
2018-04-10,3.4192
2018-04-11,3.4049
2018-04-12,3.3855
2018-04-13,3.4102
2018-04-16,3.426
2018-04-17,3.4038
2018-04-18,3.3841
2018-04-19,3.3974
2018-04-20,3.40985
2018-04-23,3.4418
2018-04-24,3.4664
2018-04-25,3.5037
2018-04-26,3.4974
2018-04-27,3.4673
2018-04-30,3.4808
2018-05-02,3.5421
2018-05-03,3.5481
2018-05-04,3.5305
2018-05-07,3.5455
2018-05-08,3.5785
2018-05-09,3.594
2018-05-10,3.55635
2018-05-11,3.5713
2018-05-14,3.6094
2018-05-15,3.675
2018-05-16,3.68
2018-05-17,3.6871
2018-05-18,3.75
2018-05-21,3.7069
2018-05-22,3.6499
2018-05-23,3.6504
2018-05-24,3.6433
2018-05-25,3.6584
2018-05-28,3.7089
2018-05-29,3.7286
2018-05-30,3.7367
2018-06-01,3.741
2018-06-04,3.7421
2018-06-05,3.7749
2018-06-06,3.819
2018-06-07,3.8997
2018-06-08,3.7856
2018-06-11,3.691
2018-06-12,3.7041
2018-06-13,3.7051
2018-06-14,3.7054
2018-06-15,3.7735
2018-06-18,3.754
2018-06-19,3.7563
2018-06-20,3.7332
2018-06-21,3.7891
2018-06-22,3.766
2018-06-25,3.7757
2018-06-26,3.7718
2018-06-27,3.8355
2018-06-28,3.8518
2018-06-29,3.8555
2018-07-02,3.9052
2018-07-03,3.8917
2018-07-04,3.9055
2018-07-05,3.9189
2018-07-06,3.9261
2018-07-09,3.8686
2018-07-10,3.8449
2018-07-11,3.8414
2018-07-12,3.8561
2018-07-13,3.8742
2018-07-16,3.8576
2018-07-17,3.8668
2018-07-18,3.8471
2018-07-19,3.8844
2018-07-20,3.779
2018-07-23,3.7912
2018-07-24,3.7456
2018-07-25,3.7117
2018-07-26,3.724
2018-07-27,3.7161
2018-07-30,3.7152
2018-07-31,3.7546
2018-08-01,3.7488
2018-08-02,3.7642
2018-08-03,3.7198
2018-08-06,3.7211
2018-08-07,3.7115
2018-08-08,3.7516
2018-08-09,3.8027
2018-08-10,3.8469
2018-08-13,3.8985
2018-08-14,3.8809
2018-08-15,3.9131
2018-08-16,3.8807
2018-08-17,3.9386
2018-08-20,3.9427
2018-08-21,3.987
2018-08-22,4.0737
2018-08-23,4.0724
2018-08-24,4.0851
2018-08-27,4.0684
2018-08-28,4.1189
2018-08-29,4.135
2018-08-30,4.1809
2018-08-31,4.135
2018-09-03,4.1276
2018-09-04,4.1649
2018-09-05,4.1606
2018-09-06,4.1457
2018-09-10,4.1004
2018-09-11,4.1638
2018-09-12,4.1256
2018-09-13,4.1634
2018-09-14,4.1876
2018-09-17,4.1692
2018-09-18,4.1366
2018-09-19,4.1348
2018-09-20,4.0994
2018-09-21,4.0725
2018-09-24,4.0591
2018-09-25,4.1283
2018-09-26,4.0567
2018-09-27,4.0089
2018-09-28,4.0036
2018-10-01,4.027
2018-10-02,3.9502
2018-10-03,3.8539
2018-10-04,3.9044
2018-10-05,3.8696
2018-10-08,3.7585
2018-10-09,3.7388
2018-10-10,3.7507
2018-10-11,3.7457
2018-10-15,3.7329
2018-10-16,3.7076
2018-10-17,3.7005
2018-10-18,3.696
2018-10-19,3.7076
2018-10-22,3.69
2018-10-23,3.7077
2018-10-24,3.7057
2018-10-25,3.7011
2018-10-26,3.67495
2018-10-29,3.6365
2018-10-30,3.7016
2018-10-31,3.7174
2018-11-01,3.69705
2018-11-05,3.7045
2018-11-06,3.7489
2018-11-07,3.7589
2018-11-08,3.7388
2018-11-09,3.7503
2018-11-12,3.7475
2018-11-13,3.7789
2018-11-14,3.7921
2018-11-16,3.7522
2018-11-19,3.755
2018-11-20,3.75825
2018-11-21,3.7869
2018-11-22,3.81
2018-11-23,3.8078
2018-11-26,3.8652
2018-11-27,3.8922
2018-11-28,3.8628
2018-11-29,3.8565
2018-11-30,3.863
2018-12-03,3.8282
2018-12-04,3.831
2018-12-05,3.8558
2018-12-06,3.9175
2018-12-07,3.8961
2018-12-10,3.9107
2018-12-11,3.901
2018-12-12,3.8626
2018-12-13,3.8787
2018-12-14,3.9087
2018-12-17,3.9118
2018-12-18,3.8994
2018-12-19,3.8904
2018-12-20,3.844
2018-12-21,3.8668
2018-12-24,3.8847
2018-12-26,3.9255
2018-12-27,3.9327
2018-12-28,3.8745
2018-12-31,3.8745
2019-01-02,3.8592
2019-01-03,3.768
2019-01-04,3.7624
2019-01-07,3.7059
2019-01-08,3.7205
2019-01-09,3.6928
2019-01-10,3.6866
2019-01-11,3.7138
2019-01-14,3.72575
2019-01-15,3.7046
2019-01-16,3.7194
2019-01-17,3.7588
2019-01-18,3.7483
2019-01-21,3.7702
2019-01-22,3.7612
2019-01-23,3.7991
2019-01-24,3.7812
2019-01-25,3.76195
2019-01-28,3.7673
2019-01-29,3.7367
2019-01-30,3.7148
2019-01-31,3.6516
2019-02-01,3.6691
2019-02-04,3.6753
2019-02-05,3.6738
2019-02-06,3.7016
2019-02-07,3.719
2019-02-08,3.7181
2019-02-11,3.7388
2019-02-12,3.7293
2019-02-13,3.7274
2019-02-14,3.7753
2019-02-15,3.7152
2019-02-18,3.7313
2019-02-19,3.7203
2019-02-20,3.7097
2019-02-21,3.7592
2019-02-22,3.7427
2019-02-25,3.7282
2019-02-26,3.7592
2019-02-27,3.7348
2019-02-28,3.7382
2019-03-01,3.7829
2019-03-06,3.83
2019-03-07,3.8484
2019-03-08,3.8675
2019-03-11,3.8458
2019-03-12,3.8126
2019-03-13,3.8262
2019-03-14,3.8324
2019-03-15,3.8341
2019-03-18,3.8108
2019-03-19,3.7759
2019-03-20,3.7894
2019-03-21,3.7964
2019-03-22,3.8812
2019-03-25,3.8767
2019-03-26,3.8643
2019-03-27,3.9386
2019-03-28,3.9679
2019-03-29,3.8964
2019-04-01,3.8679
2019-04-02,3.8658
2019-04-03,3.8433
2019-04-04,3.871
2019-04-05,3.8619
2019-04-08,3.8655
2019-04-09,3.856
2019-04-10,3.8342
2019-04-11,3.8396
2019-04-12,3.8682
2019-04-15,3.8727
2019-04-16,3.891
2019-04-17,3.9222
2019-04-18,3.9367
2019-04-22,3.9227
2019-04-23,3.9433
2019-04-24,3.9627
2019-04-25,3.9722
2019-04-26,3.935
2019-04-29,3.9361
2019-04-30,3.945
2019-05-02,3.9647
2019-05-03,3.9385
2019-05-06,3.9621
2019-05-07,3.9877
2019-05-08,3.9341
2019-05-09,3.967
2019-05-10,3.9575
2019-05-13,3.9887
2019-05-14,3.9785
2019-05-15,4.0028
2019-05-16,4.0135
2019-05-17,4.0841
2019-05-20,4.1053
2019-05-21,4.0807
2019-05-22,4.0225
2019-05-23,4.051
2019-05-24,4.0319
2019-05-27,4.0207
2019-05-28,4.0272
2019-05-29,3.9962
2019-05-30,3.9717
2019-05-31,3.9404
2019-06-03,3.9
2019-06-04,3.8707
2019-06-05,3.8608
2019-06-06,3.8723
2019-06-07,3.8568
2019-06-10,3.8787
2019-06-11,3.8661
2019-06-12,3.8434
2019-06-13,3.8426
2019-06-14,3.881
2019-06-17,3.8892
2019-06-18,3.8605
2019-06-19,3.872
2019-06-21,3.8252
2019-06-24,3.8231
2019-06-25,3.83
2019-06-26,3.8438
2019-06-27,3.8639
2019-06-28,3.8319
2019-07-01,3.819
2019-07-02,3.8561
2019-07-03,3.8472
2019-07-04,3.7937
2019-07-05,3.8201
2019-07-08,3.8062
2019-07-09,3.7852
2019-07-10,3.7694
2019-07-11,3.753
2019-07-12,3.7449
2019-07-15,3.746
2019-07-16,3.7621
2019-07-17,3.7615
2019-07-18,3.7486
2019-07-19,3.7405
2019-07-22,3.7397
2019-07-23,3.7618
2019-07-24,3.7593
2019-07-25,3.7846
2019-07-26,3.7738
2019-07-29,3.7906
2019-07-30,3.7897
2019-07-31,3.7646
2019-08-01,3.8293
2019-08-02,3.8736
2019-08-05,3.9401
2019-08-06,3.964
2019-08-07,3.9847
2019-08-08,3.9406
2019-08-09,3.9359
2019-08-12,3.9963
2019-08-13,3.9733
2019-08-14,4.0071
2019-08-15,4.0185
2019-08-16,3.993
2019-08-19,4.0271
2019-08-20,4.0422
2019-08-21,4.0251
2019-08-22,4.0441
2019-08-23,4.0848
2019-08-26,4.1364
2019-08-27,4.1554
2019-08-28,4.1556
2019-08-29,4.1677
2019-08-30,4.1382
2019-09-02,4.1578
2019-09-03,4.1654
2019-09-04,4.1246
2019-09-05,4.0856
2019-09-06,4.0647
2019-09-09,4.0763
2019-09-10,4.1105
2019-09-11,4.0628
2019-09-12,4.0491
2019-09-13,4.0613
2019-09-16,4.0869
2019-09-17,4.0995
2019-09-18,4.0969
2019-09-19,4.139
2019-09-20,4.1684
2019-09-23,4.1731
2019-09-24,4.1718
2019-09-25,4.1824
2019-09-26,4.1466
2019-09-27,4.1584
2019-09-30,4.1641
2019-10-01,4.1737
2019-10-02,4.1543
2019-10-03,4.1009
2019-10-04,4.0607
2019-10-07,4.0685
2019-10-08,4.0865
2019-10-09,4.0951
2019-10-10,4.1142
2019-10-11,4.1057
2019-10-14,4.126
2019-10-15,4.1485
2019-10-16,4.1711
2019-10-17,4.14545
2019-10-18,4.1373
2019-10-21,4.1316
2019-10-22,4.0855
2019-10-23,4.0718
2019-10-24,4.0086
2019-10-25,4.013
2019-10-28,3.97895
2019-10-29,3.9943
2019-10-30,4.0183
2019-10-31,4.0038
2019-11-01,3.9783
2019-11-04,3.9919
2019-11-05,4.004
2019-11-06,4.0348
2019-11-07,4.0924
2019-11-08,4.1362
2019-11-11,4.1556
2019-11-12,4.1753
2019-11-13,4.1764
2019-11-14,4.1828
2019-11-18,4.1824
2019-11-19,4.2081
2019-11-20,4.2032
2019-11-21,4.2009
2019-11-22,4.1829
2019-11-25,4.2086
2019-11-26,4.2556
2019-11-27,4.2599
2019-11-28,4.2477
2019-11-29,4.2237
2019-12-02,4.2258
2019-12-03,4.2005
2019-12-04,4.1923
2019-12-05,4.2133
2019-12-06,4.178
2019-12-09,4.15
2019-12-10,4.1424
2019-12-11,4.115
2019-12-12,4.1089
2019-12-13,4.0946
2019-12-16,4.0798
2019-12-17,4.0684
2019-12-18,4.0545
2019-12-19,4.063
2019-12-20,4.0774
2019-12-23,4.0754
2019-12-24,4.0803
2019-12-26,4.0598
2019-12-27,4.0542
2019-12-30,4.0304
2019-12-31,4.0304
2020-01-02,4.021
2020-01-03,4.0519
2020-01-06,4.0551
2020-01-07,4.0838
2020-01-08,4.0669
2020-01-09,4.0741
2020-01-10,4.0742
2020-01-13,4.1306
2020-01-14,4.144
2020-01-15,4.1619
2020-01-16,4.1723
2020-01-17,4.1834
2020-01-20,4.1826
2020-01-21,4.2011
2020-01-22,4.1886
2020-01-23,4.1659
2020-01-24,4.1766
2020-01-27,4.2193
2020-01-28,4.2061
2020-01-29,4.201
2020-01-30,4.252
2020-01-31,4.2692
2020-02-03,4.2472
2020-02-04,4.2378
2020-02-05,4.2446
2020-02-06,4.2474
2020-02-07,4.3073
2020-02-10,4.3192
2020-02-11,4.3145
2020-02-12,4.3363
2020-02-13,4.3386
2020-02-14,4.316
2020-02-17,4.3154
2020-02-18,4.3468
2020-02-19,4.3725
2020-02-20,4.387
2020-02-21,4.3921
2020-02-26,4.4356
2020-02-27,4.4761
2020-02-28,4.4984
2020-03-02,4.4943
2020-03-03,4.488
2020-03-04,4.5255
2020-03-05,4.6204
2020-03-06,4.6456
2020-03-09,4.7376
2020-03-10,4.669
2020-03-11,4.6735
2020-03-12,4.8829
2020-03-13,4.73585
2020-03-16,4.94675
2020-03-17,5.04925
2020-03-18,5.1104
2020-03-19,5.14405
2020-03-20,5.02445
2020-03-23,5.08015
2020-03-24,5.071
2020-03-25,5.0703
2020-03-26,5.0007
2020-03-27,5.1106
2020-03-30,5.1591
2020-03-31,5.1984
2020-04-01,5.24015
2020-04-02,5.2648
2020-04-03,5.2994
2020-04-06,5.2468
2020-04-07,5.2214
2020-04-08,5.212
2020-04-09,5.0776
2020-04-13,5.1821
2020-04-14,5.1855
2020-04-15,5.2576
2020-04-16,5.2374
2020-04-17,5.257
2020-04-20,5.2834
2020-04-22,5.3844
2020-04-23,5.4464
2020-04-24,5.6507
2020-04-27,5.6355
2020-04-28,5.568
2020-04-29,5.4288
2020-04-30,5.4267
2020-05-04,5.58135
2020-05-05,5.5351
2020-05-06,5.6673
2020-05-07,5.8362
2020-05-08,5.765
2020-05-11,5.7951
2020-05-12,5.772
2020-05-13,5.9019
2020-05-14,5.9369
2020-05-15,5.8226
2020-05-18,5.7372
2020-05-19,5.7213
2020-05-20,5.6965
2020-05-21,5.6016
2020-05-22,5.5805
2020-05-25,5.4769
2020-05-26,5.3704
2020-05-27,5.2989
2020-05-28,5.3402
2020-05-29,5.426
2020-06-01,5.3636
2020-06-02,5.2598
2020-06-03,5.0513
2020-06-04,5.1038
2020-06-05,4.9772
2020-06-08,4.9328
2020-06-09,4.9054
2020-06-10,4.8891
2020-06-12,5.037
2020-06-15,5.188
2020-06-16,5.1282
2020-06-17,5.24955
2020-06-18,5.3465
2020-06-19,5.3463
2020-06-22,5.2223
2020-06-23,5.1702
2020-06-24,5.2432
2020-06-25,5.3284
2020-06-26,5.4626
2020-06-29,5.4413
2020-06-30,5.4757
2020-07-01,5.36485
2020-07-02,5.3025
2020-07-03,5.3371
2020-07-06,5.3082
2020-07-07,5.3315
2020-07-08,5.3479
2020-07-09,5.2975
2020-07-10,5.3437
2020-07-13,5.3483
2020-07-14,5.4285
2020-07-15,5.3488
2020-07-16,5.3557
2020-07-17,5.3507
2020-07-20,5.3632
2020-07-21,5.228
2020-07-22,5.1108
2020-07-23,5.1644
2020-07-24,5.2143
2020-07-27,5.1886
2020-07-28,5.1774
2020-07-29,5.1392
2020-07-30,5.1834
2020-07-31,5.203
2020-08-03,5.3072
2020-08-04,5.3326
2020-08-05,5.2757
2020-08-06,5.3428
2020-08-07,5.4224
2020-08-10,5.393
2020-08-11,5.4282
2020-08-12,5.4548
2020-08-13,5.3798
2020-08-14,5.3849
2020-08-17,5.4494
2020-08-18,5.4656
2020-08-19,5.4903
2020-08-20,5.6507
2020-08-21,5.6061
2020-08-24,5.5951
2020-08-25,5.5994
2020-08-26,5.5677
2020-08-27,5.5953
2020-08-28,5.4676
2020-08-31,5.471
2020-09-01,5.3729
2020-09-02,5.3738
2020-09-03,5.3076
2020-09-04,5.2845
2020-09-08,5.3695
2020-09-09,5.3021
2020-09-10,5.2933
2020-09-11,5.2851
2020-09-14,5.2981
2020-09-15,5.2725
2020-09-16,5.2529
2020-09-17,5.259
2020-09-18,5.2886
2020-09-21,5.4437
2020-09-22,5.4326
2020-09-23,5.5308
2020-09-24,5.5711
2020-09-25,5.5664
2020-09-28,5.5855
2020-09-29,5.65245
2020-09-30,5.6404
2020-10-01,5.6438
2020-10-02,5.6461
2020-10-05,5.6296
2020-10-06,5.5202
2020-10-07,5.6015
2020-10-08,5.6197
2020-10-09,5.539
2020-10-13,5.58565
2020-10-14,5.5672
2020-10-15,5.6169
2020-10-16,5.6223
2020-10-19,5.602
2020-10-20,5.5827
2020-10-21,5.6003
2020-10-22,5.5817
2020-10-23,5.6117
2020-10-26,5.6325
2020-10-27,5.64875
2020-10-28,5.7322
2020-10-29,5.78
2020-10-30,5.7715
2020-11-03,5.6892
2020-11-04,5.6929
2020-11-05,5.5621
2020-11-06,5.531
2020-11-09,5.2818
2020-11-10,5.3693
2020-11-11,5.4017
2020-11-12,5.4091
2020-11-13,5.4851
2020-11-16,5.4195
2020-11-17,5.3965
2020-11-18,5.2929
2020-11-19,5.3327
2020-11-20,5.3502
2020-11-23,5.3825
2020-11-24,5.4034
2020-11-25,5.3505
2020-11-26,5.3198
2020-11-27,5.3491
2020-11-30,5.3314
2020-12-01,5.2786
2020-12-02,5.2264
2020-12-03,5.1622
2020-12-04,5.1703
2020-12-07,5.1015
2020-12-08,5.0917
2020-12-09,5.1106
2020-12-10,5.0849
2020-12-11,5.0688
2020-12-14,5.0575
2020-12-15,5.0965
2020-12-16,5.1054
2020-12-17,5.0609
2020-12-18,5.0983
2020-12-21,5.1569
2020-12-22,5.147
2020-12-23,5.1737
2020-12-24,5.17925
2020-12-28,5.2387
2020-12-29,5.1939
2020-12-30,5.1964
2020-12-31,5.1964
2021-01-04,5.1623
2021-01-05,5.3266
2021-01-06,5.3179
2021-01-07,5.343
2021-01-08,5.368
2021-01-11,5.4963
2021-01-12,5.4634
2021-01-13,5.3067
2021-01-14,5.2614
2021-01-15,5.2711
2021-01-18,5.2785
2021-01-19,5.2942
2021-01-20,5.303
2021-01-21,5.3163
2021-01-22,5.4298
2021-01-25,5.50815
2021-01-26,5.3862
2021-01-27,5.3821
2021-01-28,5.4279
2021-01-29,5.4756
2021-02-01,5.4605
2021-02-02,5.3872
2021-02-03,5.342
2021-02-04,5.3907
2021-02-05,5.3881
2021-02-08,5.3667
2021-02-09,5.4213
2021-02-10,5.4021
2021-02-11,5.3623
2021-02-12,5.3812
2021-02-17,5.4135
2021-02-18,5.4235
2021-02-19,5.3921
2021-02-22,5.5041
2021-02-23,5.4487
2021-02-24,5.4179
2021-02-25,5.4597
2021-02-26,5.5299
2021-03-01,5.5829
2021-03-02,5.6841
2021-03-03,5.7339
2021-03-04,5.6005
2021-03-05,5.6867
2021-03-08,5.734
2021-03-09,5.8394
2021-03-10,5.7446
2021-03-11,5.5887
2021-03-12,5.5637
2021-03-15,5.6293
2021-03-16,5.5848
2021-03-17,5.6576
2021-03-18,5.5471
2021-03-19,5.5079
2021-03-22,5.5266
2021-03-23,5.4948
2021-03-24,5.5327
2021-03-25,5.6582
2021-03-26,5.7039
2021-03-29,5.7922
2021-03-30,5.7639
2021-03-31,5.697
2021-04-01,5.6846
2021-04-05,5.6576
2021-04-06,5.626
2021-04-07,5.5861
2021-04-08,5.5814
2021-04-09,5.6442
2021-04-12,5.6579
2021-04-13,5.7061
2021-04-14,5.6933
2021-04-15,5.6231
2021-04-16,5.6325
2021-04-19,5.5747
2021-04-20,5.5263
2021-04-22,5.4967
2021-04-23,5.4784
2021-04-26,5.4563
2021-04-27,5.4421
2021-04-28,5.4002
2021-04-29,5.3659
2021-04-30,5.4033
2021-05-03,5.4084
2021-05-04,5.4502
2021-05-05,5.3869
2021-05-06,5.2894
2021-05-07,5.2214
2021-05-10,5.2224
2021-05-11,5.24
2021-05-12,5.235
2021-05-13,5.2812
2021-05-14,5.2698
2021-05-17,5.2752
2021-05-18,5.2585
2021-05-19,5.2819
2021-05-20,5.2902
2021-05-21,5.3024
2021-05-24,5.3195
2021-05-25,5.314
2021-05-26,5.3161
2021-05-27,5.28365
2021-05-28,5.22775
2021-05-31,5.2319
2021-06-01,5.1633
2021-06-02,5.11435
2021-06-04,5.06635
2021-06-07,5.0495
2021-06-08,5.0486
2021-06-09,5.053
2021-06-10,5.0632
2021-06-11,5.1187
2021-06-14,5.0704
2021-06-15,5.0871
2021-06-16,5.0204
2021-06-17,5.0356
2021-06-18,5.0311
2021-06-21,5.037
2021-06-22,5.0175
2021-06-23,4.9516
2021-06-24,4.9274
2021-06-25,4.9203
2021-06-28,4.9417
2021-06-29,4.9447
2021-06-30,5.0019
2021-07-01,5.0052
2021-07-02,5.029
2021-07-05,5.0746
2021-07-06,5.1642
2021-07-07,5.2325
2021-07-08,5.2584
2021-07-09,5.23815
2021-07-12,5.2236
2021-07-13,5.1767
2021-07-14,5.0877
2021-07-15,5.0997
2021-07-16,5.0938
2021-07-19,5.1975
2021-07-20,5.2462
2021-07-21,5.2513
2021-07-22,5.1975
2021-07-23,5.1698
2021-07-26,5.186
2021-07-27,5.1666
2021-07-28,5.1524
2021-07-29,5.0679
2021-07-30,5.1213
2021-08-02,5.1376
2021-08-03,5.2461
2021-08-04,5.2088
2021-08-05,5.14615
2021-08-06,5.2407
2021-08-09,5.2771
2021-08-10,5.2214
2021-08-11,5.201
2021-08-12,5.2348
2021-08-13,5.2471
2021-08-16,5.2492
2021-08-17,5.2582
2021-08-18,5.3022
2021-08-19,5.4177
2021-08-20,5.4271
2021-08-23,5.3683
2021-08-24,5.3014
2021-08-25,5.2462
2021-08-26,5.2426
2021-08-27,5.2197
2021-08-30,5.1949
2021-08-31,5.143
2021-09-01,5.1573
2021-09-02,5.1732
2021-09-03,5.1682
2021-09-06,5.177
2021-09-08,5.2521
2021-09-09,5.2822
2021-09-10,5.2155
2021-09-13,5.2187
2021-09-14,5.2257
2021-09-15,5.2573
2021-09-16,5.2591
2021-09-17,5.31
2021-09-20,5.3329
2021-09-21,5.3041
2021-09-22,5.278
2021-09-23,5.2888
2021-09-24,5.3432
2021-09-27,5.3475
2021-09-28,5.4203
2021-09-29,5.417
2021-09-30,5.4391
2021-10-01,5.3908
2021-10-04,5.4201
2021-10-05,5.4608
2021-10-06,5.5094
2021-10-07,5.5137
2021-10-08,5.5081
2021-10-11,5.5158
2021-10-13,5.54675
2021-10-14,5.4985
2021-10-15,5.4507
2021-10-18,5.519
2021-10-19,5.5518
2021-10-20,5.5568
2021-10-21,5.642
2021-10-22,5.7114
2021-10-25,5.597
2021-10-26,5.5797
2021-10-27,5.5664
2021-10-28,5.6121
2021-10-29,5.6427
2021-11-01,5.6691
2021-11-03,5.6669
2021-11-04,5.5939
2021-11-05,5.5452
2021-11-08,5.5624
2021-11-09,5.4954
2021-11-10,5.4587
2021-11-11,5.4168
2021-11-12,5.4196
2021-11-16,5.4769
2021-11-17,5.499
2021-11-18,5.5467
2021-11-19,5.5581
2021-11-22,5.5838
2021-11-23,5.6453
2021-11-24,5.6024
2021-11-25,5.5737
2021-11-26,5.5862
2021-11-29,5.6115
2021-11-30,5.6196
2021-12-01,5.6165
2021-12-02,5.6342
2021-12-03,5.6429
2021-12-06,5.6874
2021-12-07,5.6408
2021-12-08,5.5776
2021-12-09,5.5561
2021-12-10,5.5928
2021-12-13,5.6354
2021-12-14,5.6458
2021-12-15,5.7124
2021-12-16,5.696
2021-12-17,5.6956
2021-12-20,5.7052
2021-12-21,5.73695
2021-12-22,5.7198
2021-12-23,5.6907
2021-12-24,5.6566
2021-12-27,5.6647
2021-12-28,5.6435
2021-12-29,5.6616
2021-12-30,5.5802
2021-12-31,5.5802
2022-01-03,5.6306
2022-01-04,5.6773
2022-01-05,5.6625
2022-01-06,5.7039
2022-01-07,5.675
2022-01-10,5.6733
2022-01-11,5.6348
2022-01-12,5.5608
2022-01-13,5.5243
2022-01-14,5.5346
2022-01-17,5.5055
2022-01-18,5.521
2022-01-19,5.4975
2022-01-20,5.4163
2022-01-21,5.4398
2022-01-24,5.4907
2022-01-25,5.4968
2022-01-26,5.4321
2022-01-27,5.3809
2022-01-28,5.3951
2022-01-31,5.3571
2022-02-01,5.2807
2022-02-02,5.2953
2022-02-03,5.3022
2022-02-04,5.3281
2022-02-07,5.291
2022-02-08,5.2696
2022-02-09,5.2732
2022-02-10,5.2098
2022-02-11,5.1984
2022-02-14,5.2103
2022-02-15,5.1878
2022-02-16,5.1627
2022-02-17,5.1562
2022-02-18,5.1336
2022-02-21,5.0994
2022-02-22,5.0608
2022-02-23,5.014
2022-02-24,5.1171
2022-02-25,5.1391
2022-03-02,5.1344
2022-03-03,5.0476
2022-03-04,5.0755
2022-03-07,5.0576
2022-03-08,5.09
2022-03-09,5.0091
2022-03-10,5.051
2022-03-11,5.0252
2022-03-14,5.0644
2022-03-15,5.1311
2022-03-16,5.1284
2022-03-17,5.0761
2022-03-18,5.0408
2022-03-21,4.9663
2022-03-22,4.9205
2022-03-23,4.8701
2022-03-24,4.8064
2022-03-25,4.7779
2022-03-28,4.7902
2022-03-29,4.7483
2022-03-30,4.7494
2022-03-31,4.7375
2022-04-01,4.6981
2022-04-04,4.6172
2022-04-05,4.6397
2022-04-06,4.6964
2022-04-07,4.7419
2022-04-08,4.751
2022-04-11,4.7022
2022-04-12,4.648
2022-04-13,4.6808
2022-04-14,4.7155
2022-04-18,4.6743
2022-04-19,4.6661
2022-04-20,4.6394
2022-04-22,4.7323
2022-04-25,4.8815
2022-04-26,4.9663
2022-04-27,5.0164
2022-04-28,5.0107
2022-04-29,4.9188
2022-05-02,5.0263
2022-05-03,5.0164
2022-05-04,5.009
2022-05-05,5.0048
2022-05-06,5.0747
2022-05-09,5.1337
2022-05-10,5.1387
2022-05-11,5.1241
2022-05-12,5.1479
2022-05-13,5.1072
2022-05-16,5.0663
2022-05-17,4.9673
2022-05-18,4.9589
2022-05-19,4.9195
2022-05-20,4.8774
2022-05-23,4.797
2022-05-24,4.8103
2022-05-25,4.8356
2022-05-26,4.7964
2022-05-27,4.7431
2022-05-30,4.7213
2022-05-31,4.7286
2022-06-01,4.7762
2022-06-02,4.7876
2022-06-03,4.7953
2022-06-06,4.7836
2022-06-07,4.8906
2022-06-08,4.8708
2022-06-09,4.8948
2022-06-10,4.9833
2022-06-13,5.103
2022-06-14,5.12
2022-06-15,5.1116
2022-06-17,5.131
2022-06-20,5.1638
2022-06-21,5.1459
2022-06-22,5.1506
2022-06-23,5.183
2022-06-24,5.2331
2022-06-27,5.2211
2022-06-28,5.2176
2022-06-29,5.2265
2022-06-30,5.2377
2022-07-01,5.3139
2022-07-04,5.3035
2022-07-05,5.3896
2022-07-06,5.4318
2022-07-07,5.3637
2022-07-08,5.3083
2022-07-11,5.3474
2022-07-12,5.4117
2022-07-13,5.39895
2022-07-14,5.4565
2022-07-15,5.4011
2022-07-18,5.3672
2022-07-19,5.3901
2022-07-20,5.4285
2022-07-21,5.4747
2022-07-22,5.4519
2022-07-25,5.4141
2022-07-26,5.3605
2022-07-27,5.3071
2022-07-28,5.2146
2022-07-29,5.1881
2022-08-01,5.1603
2022-08-02,5.2326
2022-08-03,5.2843
2022-08-04,5.2406
2022-08-05,5.2162
2022-08-08,5.1244
2022-08-09,5.1221
2022-08-10,5.0494
2022-08-11,5.1124
2022-08-12,5.102
2022-08-15,5.0922
2022-08-16,5.1337
2022-08-17,5.17815
2022-08-18,5.177
2022-08-19,5.1958
2022-08-22,5.1706
2022-08-23,5.1027
2022-08-24,5.1047
2022-08-25,5.117
2022-08-26,5.09
2022-08-29,5.04255
2022-08-30,5.0614
2022-08-31,5.1787
2022-09-01,5.2004
2022-09-02,5.1875
2022-09-05,5.1683
2022-09-06,5.2225
2022-09-08,5.2152
2022-09-09,5.163
2022-09-12,5.118
2022-09-13,5.1791
2022-09-14,5.1771
2022-09-15,5.2208
2022-09-16,5.2879
2022-09-19,5.2364
2022-09-20,5.1702
2022-09-21,5.1689
2022-09-22,5.1674
2022-09-23,5.2254
2022-09-26,5.3545
2022-09-27,5.3505
2022-09-28,5.3591
2022-09-29,5.3913
2022-09-30,5.4063
2022-10-03,5.1999
2022-10-04,5.1408
2022-10-05,5.2141
2022-10-06,5.20055
2022-10-07,5.2218
2022-10-10,5.1938
2022-10-11,5.20645
2022-10-13,5.3014
2022-10-14,5.2821
2022-10-17,5.271
2022-10-18,5.2694
2022-10-19,5.2805
2022-10-20,5.2173
2022-10-21,5.1916
2022-10-24,5.2741
2022-10-25,5.3088
2022-10-26,5.3245
2022-10-27,5.3
2022-10-28,5.34515
2022-10-31,5.2567
2022-11-01,5.1497
2022-11-03,5.1346
2022-11-04,5.0357
2022-11-07,5.0883
2022-11-08,5.1741
2022-11-09,5.1626
2022-11-10,5.3061
2022-11-11,5.3048
2022-11-14,5.301
2022-11-16,5.3201
2022-11-17,5.4652
2022-11-18,5.3474
2022-11-21,5.3256
2022-11-22,5.3336
2022-11-23,5.3927
2022-11-24,5.3146
2022-11-25,5.3505
2022-11-28,5.37935
2022-11-29,5.3073
2022-11-30,5.2938
2022-12-01,5.1945
2022-12-02,5.1971
2022-12-05,5.24605
2022-12-06,5.2393
2022-12-07,5.2205
2022-12-08,5.2088
2022-12-09,5.2393
2022-12-12,5.3063
2022-12-13,5.2666
2022-12-14,5.3403
2022-12-15,5.318
2022-12-16,5.28035
2022-12-19,5.3157
2022-12-20,5.2424
2022-12-21,5.2028
2022-12-22,5.1868
2022-12-23,5.1442
2022-12-26,5.1869
2022-12-27,5.2829
2022-12-28,5.2733
2022-12-29,5.2174
2022-12-30,5.2174
2023-01-02,5.3433
2023-01-03,5.3756
2023-01-04,5.4456
2023-01-05,5.4023
2023-01-06,5.2852
2023-01-09,5.2964
2023-01-10,5.2392
2023-01-11,5.2017
2023-01-12,5.1397
2023-01-13,5.1143
2023-01-16,5.1112
2023-01-17,5.12
2023-01-18,5.0906
2023-01-19,5.2141
2023-01-20,5.1983
2023-01-23,5.1919
2023-01-24,5.1693
2023-01-25,5.1039
2023-01-26,5.0948
2023-01-27,5.0764
2023-01-30,5.0956
2023-01-31,5.099
2023-02-01,5.0718
2023-02-02,4.9898
2023-02-03,5.1027
2023-02-06,5.176
2023-02-07,5.1692
2023-02-08,5.2033
2023-02-09,5.2312
2023-02-10,5.2523
2023-02-13,5.1831
2023-02-14,5.1504
2023-02-15,5.224
2023-02-16,5.2429
2023-02-17,5.2009
2023-02-22,5.1727
2023-02-23,5.1327
2023-02-24,5.1788
2023-02-27,5.1957
2023-02-28,5.2075
2023-03-01,5.2067
2023-03-02,5.2077
2023-03-03,5.2034
2023-03-06,5.1967
2023-03-07,5.1898
2023-03-08,5.1384
2023-03-09,5.135
2023-03-10,5.1819
2023-03-13,5.2397
2023-03-14,5.2359
2023-03-15,5.2978
2023-03-16,5.2889
2023-03-17,5.2676
2023-03-20,5.2464
2023-03-21,5.2441
2023-03-22,5.2645
2023-03-23,5.2629
2023-03-24,5.2918
2023-03-27,5.2303
2023-03-28,5.173
2023-03-29,5.149
2023-03-30,5.1251
2023-03-31,5.0801
2023-04-03,5.0634
2023-04-04,5.0759
2023-04-05,5.0444
2023-04-06,5.068
2023-04-10,5.0831
2023-04-11,5.0125
2023-04-12,4.9493
2023-04-13,4.9094
2023-04-14,4.9452
2023-04-17,4.9418
2023-04-18,4.9675
2023-04-19,5.0464
2023-04-20,5.0494
2023-04-24,5.0592
2023-04-25,5.061
2023-04-26,5.0582
2023-04-27,5.0147
2023-04-28,5.0004
2023-05-02,5.03315
2023-05-03,5.0224
2023-05-04,5.0103
2023-05-05,4.9693
2023-05-08,4.9693
2023-05-09,5.0004
2023-05-10,4.9544
2023-05-11,4.9693
2023-05-12,4.9231
2023-05-15,4.91
2023-05-16,4.9119
2023-05-17,4.951
2023-05-18,4.9644
2023-05-19,4.9855
2023-05-22,4.9677
2023-05-23,4.9671
2023-05-24,4.9471
2023-05-25,4.9987
2023-05-26,5.0111
2023-05-29,4.9951
2023-05-30,5.059
2023-05-31,5.0956
2023-06-01,5.0347
2023-06-02,4.9555
2023-06-05,4.9233
2023-06-06,4.9289
2023-06-07,4.9116
2023-06-09,4.8919
2023-06-12,4.8829
2023-06-13,4.853
2023-06-14,4.8459
2023-06-15,4.8219
2023-06-16,4.8283
2023-06-19,4.78
2023-06-20,4.7927
2023-06-21,4.7792
2023-06-22,4.7747
2023-06-23,4.7796
2023-06-26,4.7695
2023-06-27,4.79
2023-06-28,4.856
2023-06-29,4.8581
2023-06-30,4.8189
2023-07-03,4.7873
2023-07-04,4.8053
2023-07-05,4.8574
2023-07-06,4.8974
2023-07-07,4.8796
2023-07-10,4.8732
2023-07-11,4.8946
2023-07-12,4.8055
2023-07-13,4.8035
2023-07-14,4.7954
2023-07-17,4.8299
2023-07-18,4.8037
2023-07-19,4.7997
2023-07-20,4.7885
2023-07-21,4.7729
2023-07-24,4.7454
2023-07-25,4.7493
2023-07-26,4.7365
2023-07-27,4.7199
2023-07-28,4.725
2023-07-31,4.7412
2023-08-01,4.7749
2023-08-02,4.808
2023-08-03,4.8794
2023-08-04,4.8606
2023-08-07,4.9007
2023-08-08,4.9214
2023-08-09,4.9012
2023-08-10,4.8515
2023-08-11,4.8915
2023-08-14,4.9478
2023-08-15,4.9809
2023-08-16,4.97685
2023-08-17,4.9813
2023-08-18,4.9721
2023-08-21,4.9844
2023-08-22,4.9428
2023-08-23,4.8974
2023-08-24,4.8745
2023-08-25,4.8769
2023-08-28,4.89355
2023-08-29,4.8703
2023-08-30,4.865
2023-08-31,4.9216
2023-09-01,4.9315
2023-09-04,4.9173
2023-09-05,4.9702
2023-09-06,4.9759
2023-09-08,4.9832
2023-09-11,4.9363
2023-09-12,4.9502
2023-09-13,4.9168
2023-09-14,4.8748
2023-09-15,4.8686
2023-09-18,4.8532
2023-09-19,4.8572
2023-09-20,4.8484
2023-09-21,4.9226
2023-09-22,4.9128
2023-09-25,4.9603
2023-09-26,4.9714
2023-09-27,5.0286
2023-09-28,5.0472
2023-09-29,5.0073
2023-10-02,5.0676
2023-10-03,5.1097
2023-10-04,5.1523
2023-10-05,5.171
2023-10-06,5.1915
2023-10-09,5.1663
2023-10-10,5.0859
2023-10-11,5.0493
2023-10-13,5.0622
2023-10-16,5.0615
2023-10-17,5.0381
2023-10-18,5.0565
2023-10-19,5.0537
2023-10-20,5.0525
2023-10-23,5.0161
2023-10-24,5.0062
2023-10-25,4.9978
2023-10-26,5.0052
2023-10-27,4.9477
2023-10-30,5.0071
2023-10-31,5.0572
2023-11-01,5.0191
2023-11-03,4.8907
2023-11-06,4.8996
2023-11-07,4.8667
2023-11-08,4.8852
2023-11-09,4.9004
2023-11-10,4.9216
2023-11-13,4.92435
2023-11-14,4.8679
2023-11-16,4.8572
2023-11-17,4.8846
2023-11-20,4.872
2023-11-21,4.8803
2023-11-22,4.8965
2023-11-23,4.8928
2023-11-24,4.8924
2023-11-27,4.8948
2023-11-28,4.8864
2023-11-29,4.893
2023-11-30,4.9352
2023-12-01,4.9188
2023-12-04,4.9088
2023-12-05,4.9519
2023-12-06,4.9028
2023-12-07,4.8946
2023-12-08,4.9155
2023-12-11,4.9437
2023-12-12,4.9473
2023-12-13,4.95765
2023-12-14,4.8909
2023-12-15,4.9394
2023-12-18,4.9396
2023-12-19,4.866
2023-12-20,4.8763
2023-12-21,4.8752
2023-12-22,4.8616
2023-12-26,4.8365
2023-12-27,4.8303
2023-12-28,4.841
2023-12-29,4.841
2024-01-02,4.8913
2024-01-03,4.9209
2024-01-04,4.9185
2024-01-05,4.8896
2024-01-08,4.8847
2024-01-09,4.8934
2024-01-10,4.8898
2024-01-11,4.8791
2024-01-12,4.854
2024-01-15,4.8762
2024-01-16,4.9035
2024-01-17,4.9343
2024-01-18,4.94
2024-01-19,4.922
2024-01-22,4.9487
2024-01-23,4.9712
2024-01-24,4.9189
2024-01-25,4.9229
2024-01-26,4.9122
2024-01-29,4.9222
2024-01-30,4.9635
2024-01-31,4.9532
2024-02-01,4.9347
2024-02-02,4.9468
2024-02-05,5.005
2024-02-06,4.9684
2024-02-07,4.9605
2024-02-08,4.9801
2024-02-09,4.9714
2024-02-14,4.972
2024-02-15,4.9707
2024-02-16,4.9758
2024-02-19,4.9582
2024-02-20,4.9405
2024-02-21,4.93
2024-02-22,4.9416
2024-02-23,4.9848
2024-02-26,4.9816
2024-02-27,4.9572
2024-02-28,4.9554
2024-02-29,4.983
2024-03-01,4.9593
2024-03-04,4.9472
2024-03-05,4.9485
2024-03-06,4.9395
2024-03-07,4.9361
2024-03-08,4.9748
2024-03-11,4.9774
2024-03-12,4.981
2024-03-13,4.98
2024-03-14,4.9765
2024-03-15,4.9934
2024-03-18,5.0121
2024-03-19,5.0349
2024-03-20,5.0117
2024-03-21,4.9804
2024-03-22,4.9894
2024-03-25,4.9866
2024-03-26,4.9867
2024-03-27,4.9853
2024-03-28,4.9959
2024-04-01,5.0529
2024-04-02,5.04725
2024-04-03,5.0721
2024-04-04,5.0234
2024-04-05,5.0517
2024-04-08,5.0418
2024-04-09,5.0077
2024-04-10,5.0651
2024-04-11,5.0762
2024-04-12,5.1361
2024-04-15,5.1743
2024-04-16,5.26315
2024-04-17,5.2466
2024-04-18,5.2509
2024-04-19,5.2266
2024-04-22,5.204
2024-04-23,5.1623
2024-04-24,5.1589
2024-04-25,5.1676
2024-04-26,5.1181
2024-04-29,5.1152
2024-04-30,5.1715
2024-05-02,5.1181
2024-05-03,5.0665
2024-05-06,5.0724
2024-05-07,5.0607
2024-05-08,5.0884
2024-05-09,5.1574
2024-05-10,5.1461
2024-05-13,5.1409
2024-05-14,5.1353
2024-05-15,5.142
2024-05-16,5.1267
2024-05-17,5.1154
2024-05-20,5.1082
2024-05-21,5.1034
2024-05-22,5.1499
2024-05-23,5.144
2024-05-24,5.1505
2024-05-27,5.1701
2024-05-28,5.1535
2024-05-29,5.1969
2024-05-31,5.2413
2024-06-03,5.237
2024-06-04,5.2684
2024-06-05,5.2838
2024-06-06,5.2678
2024-06-07,5.2799
2024-06-10,5.3663
2024-06-11,5.35215
2024-06-12,5.3888
2024-06-13,5.3971
2024-06-14,5.3627
2024-06-17,5.4127
2024-06-18,5.4071
2024-06-19,5.4644
2024-06-20,5.4251
2024-06-21,5.4413
2024-06-24,5.3997
2024-06-25,5.42865
2024-06-26,5.5094
2024-06-27,5.5226
2024-06-28,5.5586
2024-07-01,5.589
2024-07-02,5.6674
2024-07-03,5.586
2024-07-04,5.4836
2024-07-05,5.4967
2024-07-08,5.4717
2024-07-09,5.4384
2024-07-10,5.3964
2024-07-11,5.4097
2024-07-12,5.4526
2024-07-15,5.456
2024-07-16,5.4271
2024-07-17,5.4667
2024-07-18,5.5423
2024-07-19,5.554
2024-07-22,5.5595
2024-07-23,5.5804
2024-07-24,5.6343
2024-07-25,5.6399
2024-07-26,5.6462
2024-07-29,5.6476
2024-07-30,5.6529
2024-07-31,5.6618
2024-08-01,5.6678
2024-08-02,5.7363
2024-08-05,5.7643
2024-08-06,5.6525
2024-08-07,5.609
2024-08-08,5.6169
2024-08-09,5.5112
2024-08-12,5.4908
2024-08-13,5.4872
2024-08-14,5.4499
2024-08-15,5.4648
2024-08-16,5.4629
2024-08-19,5.4234
2024-08-20,5.4544
2024-08-21,5.4704
2024-08-22,5.5521
2024-08-23,5.526
2024-08-26,5.4918
2024-08-27,5.4966
2024-08-28,5.5312
2024-08-29,5.6355
2024-08-30,5.6559
2024-09-02,5.6227
2024-09-03,5.6221
2024-09-04,5.6356
2024-09-05,5.6046
2024-09-06,5.5699
2024-09-09,5.6094
2024-09-10,5.6251
2024-09-11,5.6384
2024-09-12,5.6551
2024-09-13,5.5714
2024-09-16,5.5204
2024-09-17,5.5007
2024-09-18,5.4764
2024-09-19,5.4186
2024-09-20,5.4772
2024-09-23,5.5443
2024-09-24,5.4699
2024-09-25,5.4733
2024-09-26,5.4409
2024-09-27,5.4428
2024-09-30,5.4478
2024-10-01,5.4518
2024-10-02,5.4302
2024-10-03,5.4847
2024-10-04,5.4683
2024-10-07,5.4623
2024-10-08,5.5194
2024-10-09,5.5734
2024-10-10,5.5816
2024-10-11,5.626
2024-10-14,5.6042
2024-10-15,5.6375
2024-10-16,5.6746
2024-10-17,5.6755
2024-10-18,5.6669
2024-10-21,5.7065
2024-10-22,5.6955
2024-10-23,5.7146
2024-10-24,5.7084
2024-10-25,5.6966
2024-10-28,5.6985
2024-10-29,5.7137
2024-10-30,5.7798
2024-10-31,5.7776
2024-11-01,5.807
2024-11-04,5.7895
2024-11-05,5.7843
2024-11-06,5.7645
2024-11-07,5.6621
2024-11-08,5.7645
2024-11-11,5.7977
2024-11-12,5.7691
2024-11-13,5.771
2024-11-14,5.7882
2024-11-18,5.76
2024-11-19,5.774
2024-11-21,5.817
2024-11-22,5.8121
2024-11-25,5.7999
2024-11-26,5.7987
2024-11-27,5.8288
2024-11-28,5.9868
2024-11-29,6.0532
2024-12-02,6.0631
2024-12-03,6.0704
2024-12-04,6.0578
2024-12-05,5.9846
2024-12-06,6.029
2024-12-09,6.0567
2024-12-10,6.0526
2024-12-11,6.0317
2024-12-12,5.9405
2024-12-13,6.0397
2024-12-16,6.05065
2024-12-17,6.1682
2024-12-18,6.1621
2024-12-19,6.1838
2024-12-20,6.0777
2024-12-23,6.1609
2024-12-24,6.1534
2024-12-26,6.1653
2024-12-27,6.1988
2024-12-30,6.192
2024-12-31,6.192
2025-01-02,6.2083
2025-01-03,6.156
2025-01-06,6.1116
2025-01-07,6.0738
2025-01-08,6.1318
2025-01-09,6.0893
2025-01-10,6.0962
2025-01-13,6.1076
2025-01-14,6.0668
2025-01-15,6.0374
2025-01-16,6.0319
2025-01-17,6.0606
2025-01-20,6.0495
2025-01-21,6.0437
2025-01-22,5.9671
2025-01-23,5.9396
2025-01-24,5.8922
2025-01-27,5.9269
2025-01-28,5.8927
2025-01-29,5.8593
2025-01-30,5.9003
2025-01-31,5.8298
2025-02-03,5.8684
2025-02-04,5.7924
2025-02-05,5.7994
2025-02-06,5.7853
2025-02-07,5.7554
2025-02-10,5.7805
2025-02-11,5.7785
2025-02-12,5.7708
2025-02-13,5.7785
2025-02-14,5.728
2025-02-17,5.7102
2025-02-18,5.6976
2025-02-19,5.7084
2025-02-20,5.7016
2025-02-21,5.7024
2025-02-24,5.7255
2025-02-25,5.7776
2025-02-26,5.7754
2025-02-27,5.8225
2025-02-28,5.8485
2025-03-05,5.7911
2025-03-06,5.7486
2025-03-07,5.7685
2025-03-10,5.7927
2025-03-11,5.83435
2025-03-12,5.8265
2025-03-13,5.8128
2025-03-14,5.7416
2025-03-17,5.7079
2025-03-18,5.6849
2025-03-19,5.6654
2025-03-20,5.6625
2025-03-21,5.7238
2025-03-24,5.74
2025-03-25,5.6989
2025-03-26,5.7295
2025-03-27,5.7471
2025-03-28,5.7657
2025-03-31,5.7419
2025-04-01,5.7048
2025-04-02,5.69205
2025-04-03,5.60645
2025-04-04,5.7774
2025-04-07,5.8874
2025-04-08,5.9365
2025-04-09,6.0602
2025-04-10,5.9112
2025-04-11,5.8734
2025-04-14,5.8422
2025-04-15,5.8704
2025-04-16,5.8805
2025-04-17,5.8556
2025-04-22,5.7493
2025-04-23,5.6877
2025-04-24,5.6735
2025-04-25,5.6843
2025-04-28,5.6678
2025-04-29,5.6464
2025-04-30,5.6605
2025-05-02,5.6391
2025-05-05,5.6517
2025-05-06,5.7207
2025-05-07,5.73715
2025-05-08,5.6857
2025-05-09,5.6508
2025-05-12,5.6819
2025-05-13,5.6259
2025-05-14,5.6097
2025-05-15,5.6325
2025-05-16,5.6922
2025-05-19,5.6588
2025-05-20,5.6617
2025-05-21,5.6568
2025-05-22,5.6387
2025-05-23,5.6929
2025-05-26,5.6616
2025-05-27,5.6536
2025-05-28,5.6933
2025-05-29,5.6556
2025-05-30,5.7084
2025-06-02,5.6934
2025-06-03,5.6691
2025-06-04,5.6329
2025-06-05,5.5966
2025-06-06,5.5944
2025-06-09,5.5757
2025-06-10,5.5554
2025-06-11,5.5387
2025-06-12,5.5385
2025-06-13,5.5649
2025-06-16,5.512
2025-06-17,5.477
2025-06-18,5.4876
2025-06-20,5.4954
2025-06-23,5.521
2025-06-24,5.4935
2025-06-25,5.5424
2025-06-26,5.5142
2025-06-27,5.4756
2025-06-30,5.4568
2025-07-01,5.4508
2025-07-02,5.4509
2025-07-03,5.4205
2025-07-04,5.4087
2025-07-07,5.4549
2025-07-08,5.4568
2025-07-09,5.4623
2025-07-10,5.543
2025-07-11,5.5719
2025-07-14,5.5592
2025-07-15,5.55725
2025-07-16,5.5719
2025-07-17,5.5734
2025-07-18,5.5463
2025-07-21,5.5622
2025-07-22,5.5706
2025-07-23,5.5534
2025-07-24,5.5236
2025-07-25,5.5423
2025-07-28,5.5874
2025-07-29,5.5761
2025-07-30,5.6031
2025-07-31,5.6018
2025-08-01,5.5433
2025-08-04,5.511
2025-08-05,5.5116
2025-08-06,5.4799
2025-08-07,5.4635
2025-08-08,5.4251
2025-08-11,5.447
2025-08-12,5.4049
2025-08-13,5.3925
2025-08-14,5.4092
2025-08-15,5.3925
2025-08-18,5.4152
2025-08-19,5.4713
2025-08-20,5.4723
2025-08-21,5.4825
2025-08-22,5.4389
2025-08-25,5.4171
2025-08-26,5.4215
2025-08-27,5.4425
2025-08-28,5.4112
2025-08-29,5.4261
2025-09-01,5.4375
2025-09-02,5.4677
2025-09-03,5.4482
2025-09-04,5.4584
2025-09-05,5.3965
2025-09-08,5.4275
2025-09-09,5.4275
2025-09-10,5.412
2025-09-11,5.3855
2025-09-12,5.3674
2025-09-15,5.3205
2025-09-16,5.3093
2025-09-17,5.3008
2025-09-18,5.3007
2025-09-19,5.3273
2025-09-22,5.3454
2025-09-23,5.306
2025-09-24,5.3109
2025-09-25,5.3422
2025-09-26,5.3442
2025-09-29,5.3226
2025-09-30,5.3183
2025-10-01,5.3205
2025-10-02,5.3446
2025-10-03,5.3495
2025-10-06,5.3223
2025-10-07,5.336
2025-10-08,5.3424
2025-10-09,5.3535
2025-10-10,5.4443
2025-10-13,5.4626
2025-10-14,5.4979
2025-10-15,5.4461
2025-10-16,5.4351
2025-10-17,5.4387
2025-10-20,5.3768
2025-10-21,5.3845
2025-10-22,5.3895
2025-10-23,5.3837
2025-10-24,5.3794
2025-10-27,5.3741
2025-10-28,5.3687
2025-10-29,5.3413
2025-10-30,5.3847
2025-10-31,5.384
2025-11-03,5.3502
2025-11-04,5.3843
2025-11-05,5.3795
2025-11-06,5.3448
2025-11-07,5.3564
2025-11-10,5.3178
2025-11-11,5.2726
2025-11-12,5.2882
2025-11-13,5.2817
2025-11-14,5.2949
2025-11-17,5.3105
2025-11-18,5.3358
2025-11-19,5.3343
2025-11-21,5.3899
2025-11-24,5.3945
2025-11-25,5.3838
2025-11-26,5.3691
2025-11-27,5.3487
2025-11-28,5.3335
2025-12-01,5.3466
2025-12-02,5.3462
2025-12-03,5.3111
2025-12-04,5.2949
2025-12-05,5.3402
2025-12-08,5.4246
2025-12-09,5.4567
2025-12-10,5.4653
2025-12-11,5.4234
2025-12-12,5.4008
2025-12-15,5.3926
2025-12-16,5.4502
2025-12-17,5.509
2025-12-18,5.528
2025-12-19,5.5157
2025-12-22,5.5386
2025-12-23,5.564
2025-12-24,5.5346
2025-12-26,5.541
2025-12-29,5.5736
2025-12-30,5.5021
2025-12-31,5.5021
2026-01-02,5.4369
2026-01-05,5.4348
2026-01-06,5.3794
2026-01-07,5.3877
2026-01-08,5.3857
2026-01-09,5.3704
2026-01-12,5.3757
2026-01-13,5.3761
2026-01-14,5.3792
2026-01-15,5.3843
2026-01-16,5.3795
2026-01-19,5.365
2026-01-20,5.3787
2026-01-21,5.3365
2026-01-22,5.3115
2026-01-23,5.28755
2026-01-26,5.2757
2026-01-27,5.2389
2026-01-28,5.1835
2026-01-29,5.1953
2026-01-30,5.2298
2026-02-02,5.2584
2026-02-03,5.2233
2026-02-04,5.2356
2026-02-05,5.2577
2026-02-06,5.2338
2026-02-09,5.194
2026-02-10,5.2018
2026-02-11,5.1833
2026-02-12,5.1671
2026-02-13,5.2285
2026-02-18,5.2346
2026-02-19,5.22535
2026-02-20,5.2003
2026-02-23,5.1632
2026-02-24,5.1679
2026-02-25,5.1437
2026-02-26,5.1379
2026-02-27,5.1492
2026-03-02,5.1998
2026-03-03,5.2867
2026-03-04,5.2088
2026-03-05,5.2444
2026-03-06,5.2875
2026-03-09,5.2136
2026-03-10,5.1619
2026-03-11,5.1593
2026-03-12,5.2048
2026-03-13,5.2538
2026-03-16,5.2644
2026-03-17,5.2019
2026-03-18,5.2109
2026-03-19,5.2584
2026-03-20,5.27965
2026-03-23,5.2437
2026-03-24,5.2596
2026-03-25,5.2272
2026-03-26,5.2305
2026-03-27,5.2373
2026-03-30,5.235
2026-03-31,5.2191
2026-04-01,5.1603
2026-04-02,5.1652
2026-04-06,5.1529
2026-04-07,5.1622
2026-04-08,5.0896
2026-04-09,5.0818
2026-04-10,5.0226
2026-04-13,5.0241
2026-04-14,4.9803
2026-04-15,4.9925
2026-04-16,5.0004
2026-04-17,4.9692
2026-04-20,4.9841
2026-04-22,4.965
2026-04-23,4.9536
2026-04-24,5.008
2026-04-27,4.9697
2026-04-28,4.9875
2026-04-29,4.9982
2026-04-30,4.9883
2026-05-04,4.9584
2026-05-05,4.9239
2026-05-06,4.9271
2026-05-07,4.9167
2026-05-08,4.8996
2026-05-11,4.897
2026-05-12,4.8974
2026-05-13,4.9115
2026-05-14,4.9806
2026-05-15,5.0651
2026-05-18,5.009
2026-05-19,5.0375
2026-05-20,5.0298
2026-05-21,5.0074
2026-05-22,5.0137
2026-05-25,5.0069
2026-05-26,5.0208
2026-05-27,5.0576
2026-05-28,5.0514
2026-05-29,5.0566
2026-06-01,5.03
2026-06-02,5.0157
2026-06-03,5.0412
2026-06-05,5.1241
2026-06-08,5.1692
2026-06-09,5.169
2026-06-10,5.176
2026-06-11,5.1475
2026-06-12,5.0824
2026-06-15,5.0427
2026-06-16,5.0777
2026-06-17,5.0638
2026-06-18,5.161
2026-06-19,5.1439
2026-06-22,5.1392
2026-06-23,5.174
2026-06-24,5.2095
2026-06-25,5.1889
2026-06-26,5.1692
2026-06-29,5.1714
2026-06-30,5.1763
2026-07-01,5.1947
2026-07-02,5.1942
2026-07-03,5.1714
2026-07-06,5.1667
2026-07-07,5.1455
2026-07-08,5.1549
2026-07-09,5.1326
2026-07-10,5.1085
2026-07-13,5.118
2026-07-14,5.0739
2026-07-15,5.0724
2026-07-16,5.0972
2026-07-17,5.1173
2026-07-20,5.0891
2026-07-21,5.0777
