date,portfolio,ifix
2020-06-04,10000.0,16518.520747449824
2020-06-05,10134.690030061714,16687.208497577707
2020-06-08,10253.509652508055,16811.72328709415
2020-06-09,10302.3815898567,16805.2839045527
2020-06-10,10329.643998629475,16846.98943820901
2020-06-12,10209.942009069278,16742.514970059878
2020-06-15,10137.601990004485,16717.238889056058
2020-06-16,10195.359928459215,16751.361598411215
2020-06-17,10190.772384277028,16784.942677459152
2020-06-18,10190.903598844741,16818.64411879758
2020-06-19,10217.929806597585,16874.85330845846
2020-06-22,10083.972529593426,16805.103361116962
2020-06-23,10095.23843217226,16811.663105948905
2020-06-24,10110.430404389474,16770.800108326057
2020-06-25,10139.043984692278,16808.894773267537
2020-06-26,10077.524860015707,16792.826407486533
2020-06-29,10084.751532029111,16773.929527878914
2020-06-30,10169.283543741225,16888.514428429575
2020-07-01,10147.344618378358,16947.251226190834
2020-07-02,10184.271313687172,16929.858875214395
2020-07-03,10195.164108736139,16929.919056359642
2020-07-06,10188.116664706014,16865.224325218907
2020-07-07,10165.08598656789,16840.670417958052
2020-07-08,10098.700587978416,16727.830770619563
2020-07-09,9991.404290174714,16646.706586826345
2020-07-10,9849.850011167304,16651.581259591367
2020-07-13,9739.17982702496,16556.91631811753
2020-07-14,9729.109912604259,16505.882706947912
2020-07-15,9862.218478114473,16527.126651220173
2020-07-16,9911.168813541211,16510.336111696204
2020-07-17,9960.983477556387,16499.50350555171
2020-07-20,9868.521934811639,16396.41320374327
2020-07-21,9916.755184213125,16442.63232329311
2020-07-22,10011.424450013277,16463.69572412963
2020-07-23,9970.458595272848,16446.54409773418
2020-07-24,9986.470868494109,16434.989317846717
2020-07-27,9966.368081883873,16385.941684470254
2020-07-28,9987.112471632994,16385.58059759877
2020-07-29,9948.381008788061,16388.770198296872
2020-07-30,9971.642496889675,16451.418770499204
2020-07-31,9981.532139341909,16448.2291698011
2020-08-03,9842.097578708994,16334.78771101014
2020-08-04,9818.388253698478,16334.908073300634
2020-08-05,9872.954717299088,16372.400926789636
2020-08-06,9813.449713415048,16323.834742575149
2020-08-07,9845.585217283064,16444.13685192429
2020-08-10,9904.293930476064,16523.756507086327
2020-08-11,9875.568448380036,16522.01125387416
2020-08-12,9824.569109178638,16494.267745915204
2020-08-13,9805.756732082074,16535.130743538048
2020-08-14,9807.579136348102,16583.937652333523
2020-08-17,9783.77828470495,16541.38958264376
2020-08-18,9843.441246790746,16581.41004423314
2020-08-19,9814.281588207083,16600.72819185749
2020-08-20,9830.035925698252,16614.69021755484
2020-08-21,9841.935906739523,16674.149189059066
2020-08-24,9891.45668820573,16731.441639334396
2020-08-25,9888.412879140158,16714.711280955675
2020-08-26,9863.445872758324,16710.31805735263
2020-08-27,9912.460697181034,16717.539794782293
2020-08-28,9916.258077106864,16741.43170944543
2020-08-31,9891.176363541701,16742.996419221858
2020-09-01,9890.29388070503,16698.22164715794
2020-09-02,9948.404202594396,16746.54710679144
2020-09-03,9967.437951252861,16728.07149520055
2020-09-04,10000.949416105084,16784.641771732917
2020-09-08,10004.97829986927,16771.40191977853
2020-09-09,9978.028393059712,16781.692895615804
2020-09-10,9978.451572876906,16808.654048686545
2020-09-11,9965.868648488682,16801.372130111635
2020-09-14,9952.334211193947,16807.149520055365
2020-09-15,10020.280332866043,16863.90034002347
2020-09-16,10017.31565996861,16867.33066530256
2020-09-17,10013.624269122116,16850.96139379532
2020-09-18,10013.441200761583,16837.60117955045
2020-09-21,9967.092568390037,16774.110071314655
2020-09-22,9997.423362145604,16783.377967682725
2020-09-23,9977.831898814338,16791.68296572684
2020-09-24,9985.863123303325,16787.95173472151
2020-09-25,9950.121461121124,16779.16528751542
2020-09-28,9915.884819048948,16743.477868383834
2020-09-29,9922.736187381837,16755.634459723766
2020-09-30,9943.04858226015,16819.90792284777
2020-10-01,9878.576104315514,16785.42412662113
2020-10-02,9885.790415294843,16820.088466283512
2020-10-05,9871.210851648317,16782.354888213522
2020-10-06,9903.528287385268,16820.931002316975
2020-10-07,9887.686544331606,16846.32744561129
2020-10-08,9922.793129543375,16879.487256642493
2020-10-09,9929.862643932953,16897.481419071402
2020-10-13,9939.993738837897,16900.49047633376
2020-10-14,9939.372670605364,16909.3371046851
2020-10-15,9960.3667784451,16927.030361387777
2020-10-16,9992.256303174834,16952.00553666536
2020-10-19,10032.906985442993,16959.648542111758
2020-10-20,10058.897455712258,16993.65088917642
2020-10-21,10047.519925960496,17023.74146180002
2020-10-22,10039.195473276824,17013.14958023651
2020-10-23,10045.120640101217,16973.7309300996
2020-10-26,10007.37082149993,16910.05927842807
2020-10-27,9927.887198754916,16868.83519393374
2020-10-28,9787.490284828753,16687.750127884934
2020-10-29,9788.473497478004,16697.74019799597
2020-10-30,9781.42478943959,16650.67854241266
2020-11-03,9711.447127227386,16649.41473836247
2020-11-04,9719.895005568715,16685.1623386393
2020-11-05,9746.678410306686,16766.406884723012
2020-11-06,9637.224522627255,16820.81064002648
2020-11-09,9650.694779533034,16868.474107062255
2020-11-10,9661.636031508402,16893.75018806608
2020-11-11,9659.534495815915,16890.801311948962
2020-11-12,9631.673470780328,16858.303493515483
2020-11-13,9605.470226068073,16871.18225859838
2020-11-16,9601.54283170924,16868.113020190773
2020-11-17,9623.368969830139,16867.631571028796
2020-11-18,9621.026874941672,16856.076791141335
2020-11-19,9580.26183528184,16819.366292540544
2020-11-23,9586.270564146373,16832.245057623444
2020-11-24,9550.808668196698,16829.717449523065
2020-11-25,9577.10757864905,16847.711611951974
2020-11-26,9582.037326975684,16853.00755273373
2020-11-27,9619.51944500531,16920.109529684352
2020-11-30,9592.451331610388,16902.23572954593
2020-12-01,9486.632752485435,16871.8442511961
2020-12-02,9470.02504228233,16837.059549243222
2020-12-03,9456.17710859547,16854.45190021966
2020-12-04,9464.704277051325,16815.695242680467
2020-12-07,9425.080458350763,16749.857069780035
2020-12-08,9418.688620681613,16730.358378719946
2020-12-09,9379.597735153788,16674.149189059066
2020-12-10,9365.888164125952,16655.61339632293
2020-12-11,9360.372066859407,16662.173141154875
2020-12-14,9313.868351693258,16618.48162970541
2020-12-15,9302.29317907371,16654.710679144224
2020-12-16,9277.210497643875,16674.028826768572
2020-12-17,9281.369727631234,16704.961935425632
2020-12-18,9310.888577220852,16817.199771311647
2020-12-21,9301.713913088744,16817.98212619986
2020-12-22,9357.594868964869,16893.75018806608
2020-12-23,9427.836887699163,17021.875846297353
2020-12-28,9396.459227763118,17059.188156350614
2020-12-29,9488.31072440657,17181.95769265489
2020-12-30,9548.17612459693,17272.8914031234
2021-01-04,9544.075165725484,17256.76285619715
2021-01-05,9574.882885769359,17257.123943068636
2021-01-06,9560.1869265978,17270.423976168262
2021-01-07,9554.666491012113,17232.931122679263
2021-01-08,9581.263525381564,17256.34158818042
2021-01-11,9554.93398420188,17234.676375891435
2021-01-12,9547.457154325113,17184.54548190052
2021-01-13,9530.296606009348,17162.820088466284
2021-01-14,9522.192763108033,17181.656786928655
2021-01-15,9505.040530152157,17199.410224776577
2021-01-18,9514.249000218177,17213.071344747692
2021-01-19,9549.404025835684,17249.721662203232
2021-01-20,9562.636772545948,17273.252489994884
2021-01-21,9542.15161987318,17275.599554659526
2021-01-22,9518.216207441335,17229.681340835916
2021-01-26,9525.503154494829,17222.279059970508
2021-01-27,9521.924431993775,17218.908915836666
2021-01-28,9519.488644764671,17284.987813318083
2021-01-29,9569.967706709564,17328.85986820329
2021-02-01,9542.1278960974,17301.537628261063
2021-02-02,9516.801246820203,17336.38251135919
2021-02-03,9531.019493531512,17343.243161917373
2021-02-04,9534.702824231943,17351.548159961483
2021-02-05,9570.216215999764,17421.177745012486
2021-02-08,9553.535059816842,17405.53064724822
2021-02-09,9531.656110541293,17404.989016940992
2021-02-10,9490.611942087437,17405.350103812474
2021-02-11,9469.892587826374,17416.303072247465
2021-02-12,9462.970360923238,17435.92212559805
2021-02-17,9453.931759321118,17424.848794872563
2021-02-18,9406.574134927825,17396.984924623113
2021-02-19,9405.11855485898,17416.242891102214
2021-02-22,9351.149857844293,17301.597809406314
2021-02-23,9371.206764031494,17394.93876568471
2021-02-24,9341.172515245566,17404.387205488518
2021-02-25,9352.714828706978,17415.219811633015
2021-02-26,9313.382290581354,17371.468119038305
2021-03-01,9130.833424581613,17315.439472813167
2021-03-02,9111.674982094668,17204.645984413084
2021-03-03,9095.618338524568,17144.103752294406
2021-03-04,9119.71492419437,17137.724550898205
2021-03-05,9146.145164452768,17167.754942376552
2021-03-08,9091.138597654872,17124.06343092709
2021-03-09,9082.095391595232,17107.99506514609
2021-03-10,9027.603090212542,17053.109860680648
2021-03-11,9034.660509877616,17073.691812355188
2021-03-12,9014.510007062487,17080.9737309301
2021-03-15,9034.016145364998,17036.860951463903
2021-03-16,9016.652730831716,16988.836397556643
2021-03-17,9017.620105474012,16954.232239039506
2021-03-18,8980.546288590083,16903.138446724643
2021-03-19,8991.854111275366,16965.90738121746
2021-03-22,8992.679180050796,16944.242168928475
2021-03-23,8996.742409237886,16934.733547979416
2021-03-24,9005.219844569676,16938.645322420485
2021-03-25,8992.987518248325,16933.770649655464
2021-03-26,9007.809868629929,16957.241296301865
2021-03-29,9002.890129271242,16964.463033731532
2021-03-30,9046.0562772123,17042.156892245657
2021-03-31,9081.884562381501,17132.187885535463
2021-04-01,9063.408205918822,17151.68657659555
2021-04-05,9066.681899350675,17137.423645171966
2021-04-06,9110.827862966158,17115.397346011494
2021-04-07,9119.476996701276,17111.305028134684
2021-04-08,9119.857207031355,17107.032166822133
2021-04-09,9128.85206761788,17147.353534137754
2021-04-12,9136.260515158903,17121.596003971954
2021-04-13,9110.561489813757,17111.726296151413
2021-04-14,9138.273527862179,17094.69503204646
2021-04-15,9151.019796789637,17112.56883218488
2021-04-16,9145.684081738393,17136.159841121775
2021-04-19,9170.701090427454,17096.259741822887
2021-04-20,9189.632010165169,17103.00003009057
2021-04-22,9186.908091169558,17086.99184545482
2021-04-23,9249.4502913441,17119.309120452563
2021-04-26,9268.528415302033,17118.406403273853
2021-04-27,9257.0133176846,17123.702344055608
2021-04-28,9201.491707630674,17105.82854391719
2021-04-29,9220.889172809444,17145.668462070833
2021-04-30,9274.895343684475,17218.728372400925
2021-05-03,9190.902828812372,17226.431558992565
2021-05-04,9213.177944095904,17189.059067794056
2021-05-05,9213.75259882094,17182.017873800138
2021-05-06,9203.406930607453,17183.402040140823
2021-05-07,9247.169695203344,17191.526494749192
2021-05-10,9221.58618762889,17129.23900941835
2021-05-11,9199.140817922938,17087.83438148828
2021-05-12,9129.425265312928,17037.82384978786
2021-05-13,9137.503979394136,17016.82063009659
2021-05-14,9158.895196843,17007.793458309512
2021-05-17,9134.368651396573,16917.52174043872
2021-05-18,9134.214711794693,16899.647940300303
2021-05-19,9128.219991125225,16858.664580386965
2021-05-20,9147.232174492821,16889.65787018927
2021-05-21,9125.585806602598,16875.094033039448
2021-05-24,9099.47014943719,16867.691752174043
2021-05-25,9099.113035014447,16845.785815304065
2021-05-26,9093.518651629985,16780.609635001354
2021-05-27,9122.456910768944,16806.607889748142
2021-05-28,9201.34014884814,16920.651159991572
2021-05-31,9198.242739688087,16949.778834291217
2021-06-01,9128.440143298678,16920.29007312009
2021-06-02,9190.695080032141,16982.818283031924
2021-06-04,9195.997251928646,17017.783528420547
2021-06-07,9205.79100775898,17016.278999789367
2021-06-08,9216.149551826253,17029.157764872263
2021-06-09,9213.874546118866,17043.119790569614
2021-06-10,9203.614430148893,17039.08765383805
2021-06-11,9170.343938991384,17023.801642945265
2021-06-14,9148.678698205065,16982.878464177174
2021-06-15,9136.286754162189,16967.291547558147
2021-06-16,9117.982960632538,16944.181987783228
2021-06-17,9107.549248992058,16927.993259711733
2021-06-18,9102.746171696439,16930.821773538348
2021-06-21,9064.78531304365,16917.943008455448
2021-06-22,9021.556097241672,16836.09665091927
2021-06-23,8984.919200483211,16733.30725483706
2021-06-24,8966.04794692071,16737.881021875844
2021-06-25,8812.688854687092,16399.843529022357
2021-06-28,8775.45185857284,16284.055005566755
2021-06-29,8859.760718268051,16526.344296331958
2021-06-30,8911.480526317519,16579.243523004243
2021-07-01,8767.39294777891,16574.067944512986
2021-07-02,8749.496560430469,16611.01916769476
2021-07-05,8741.680645452634,16583.456203171547
2021-07-06,8797.015221707923,16618.96307886739
2021-07-07,8777.79664226123,16624.13865735865
2021-07-08,8716.811810499652,16622.21286071074
2021-07-12,8863.568007965134,16838.082628712422
2021-07-13,8959.294228388593,16994.011976047903
2021-07-14,8988.665432105869,17036.379502301927
2021-07-15,9034.255928003358,17083.802244756716
2021-07-16,9022.959338057166,17099.56970481148
2021-07-19,9006.949805900886,17068.45605271868
2021-07-20,9035.866911275954,17089.399091264706
2021-07-21,9023.087069124838,17077.784130231998
2021-07-22,9000.982219542042,17056.118917943008
2021-07-23,8967.67859296056,17020.61204224716
2021-07-26,8943.445515246302,17003.400234706463
2021-07-27,8905.493687231838,16956.09785454217
2021-07-28,8898.55567649888,16952.486985827338
2021-07-29,8884.580714302057,16964.523214876775
2021-07-30,8909.512747317367,16995.877591550565
2021-08-02,8868.301659895114,16926.909999097283
2021-08-03,8832.747883517737,16854.391719074414
2021-08-04,8796.83723869751,16806.54770860289
2021-08-05,8803.511671569082,16736.49685553516
2021-08-06,8802.047748456605,16721.69229380435
2021-08-09,8756.600672191975,16667.348719646136
2021-08-10,8679.104424983883,16582.854391719073
2021-08-11,8643.79813535702,16489.092167423943
2021-08-12,8589.773918561305,16383.233532934131
2021-08-13,8630.52622742941,16496.31390485361
2021-08-16,8576.970919189778,16399.96389131285
2021-08-17,8495.571694968454,16298.859567297566
2021-08-18,8503.321270717854,16269.37080612644
2021-08-19,8445.835636455195,16192.519483645772
2021-08-20,8489.13706956078,16281.045948304396
2021-08-23,8516.09444033424,16365.84118195769
2021-08-24,8507.269761917207,16372.882375951614
2021-08-25,8537.935771566881,16374.988716035263
2021-08-26,8568.26122127635,16390.635813799538
2021-08-27,8582.059602227571,16436.734571058885
2021-08-30,8574.5450366204,16496.795354015587
2021-08-31,8628.317908041108,16548.85204465441
2021-09-01,8603.298472483384,16554.268347726655
2021-09-02,8550.892228492517,16522.251978455148
2021-09-03,8540.909559771295,16448.951343544064
2021-09-06,8532.944244671755,16447.206090331896
2021-09-08,8471.670092914463,16339.722564920412
2021-09-09,8481.813857743933,16370.114043270241
2021-09-10,8503.595069311172,16416.87479312731
2021-09-13,8498.30132058931,16414.407366172178
2021-09-14,8486.238999423378,16419.2820389372
2021-09-15,8533.905395679265,16435.049498991964
2021-09-16,8506.379775840916,16415.490626786624
2021-09-17,8503.3683247754,16428.429573014775
2021-09-20,8397.378474832274,16252.45990431198
2021-09-21,8368.87970254072,16245.11780459182
2021-09-22,8341.733036850606,16263.954503054192
2021-09-23,8345.893823054363,16281.286672885384
2021-09-24,8330.884558472826,16305.479493274757
2021-09-27,8329.910296989852,16319.682243553096
2021-09-28,8265.533590107338,16250.835013390306
2021-09-29,8269.420711995572,16251.075737971294
2021-09-30,8330.800806344294,16343.213071344746
2021-10-01,8310.681184265086,16336.894051093792
2021-10-04,8285.83822534277,16293.383083080069
2021-10-05,8280.389771450346,16296.693046068667
2021-10-06,8254.706647894542,16315.108476514306
2021-10-07,8230.818574157378,16314.265940480847
2021-10-08,8272.619795307952,16348.027562964522
2021-10-11,8299.057851062691,16411.7593957813
2021-10-13,8327.247221936905,16416.57388740108
2021-10-14,8297.238782955594,16445.521018264975
2021-10-15,8376.502114209392,16513.284987813317
2021-10-18,8384.79244261177,16535.0705623928
2021-10-19,8353.220540260663,16489.994884602653
2021-10-20,8388.042044196081,16479.94463334637
2021-10-21,8345.214128139982,16399.0009929889
2021-10-22,8274.631015281688,16323.413474558422
2021-10-25,8216.871059538273,16297.05413294015
2021-10-26,8104.077843361041,16210.634008365178
2021-10-27,8080.41760744371,16133.241055577288
2021-10-28,8050.912835778857,16092.016971082958
2021-10-29,8050.422479354853,16102.548671501218
2021-11-01,8015.0638237481135,16087.804290915656
2021-11-03,7941.252434133983,16038.094664941471
2021-11-04,7915.518437935204,15980.501308939909
2021-11-05,7873.876694263187,15977.4320705323
2021-11-08,7827.804240564767,15890.470315650107
2021-11-09,7759.369586633112,15810.730298197575
2021-11-10,7763.395709366299,15810.79047934282
2021-11-11,7713.505959263289,15778.774110071314
2021-11-12,7705.881013725739,15753.979478229472
2021-11-16,7645.5336351983415,15723.347275298649
2021-11-17,7642.860406318479,15668.883338849937
2021-11-18,7601.990704953957,15593.055095838472
2021-11-19,7609.127560217913,15611.771432010351
2021-11-22,7553.996308765156,15535.341377546412
2021-11-23,7521.1437386697335,15428.098576715915
2021-11-24,7477.26597411968,15327.35533957211
2021-11-25,7463.630401221017,15321.99921764511
2021-11-26,7481.1851877567715,15295.158426864864
2021-11-29,7573.634115166874,15429.001293894624
2021-11-30,7576.819214163113,15517.106490536515
2021-12-01,7473.045749912909,15534.498841512954
2021-12-02,7471.482994138123,15544.007462462008
2021-12-03,7567.180616203273,15711.31104624921
2021-12-06,7654.36890093767,15906.478500285859
2021-12-07,7739.266158609191,16013.540757680617
2021-12-08,7804.727221339122,16087.68392862516
2021-12-09,7824.6744942793775,16062.708753347575
2021-12-10,7837.480416107569,16092.077152228207
2021-12-13,7830.794811656566,16091.95678993771
2021-12-14,7800.51512156655,16060.722775554419
2021-12-15,7872.516935655033,16105.317004182589
2021-12-16,7978.4951833621735,16136.671380856376
2021-12-17,8005.2809526102965,16217.193753197123
2021-12-20,8005.984440171154,16219.119549845034
2021-12-21,8037.567350812323,16268.407907802482
2021-12-22,8120.017793684044,16288.86949718653
2021-12-23,8122.598242994027,16396.95483405049
2021-12-27,8231.919930718053,16511.780459182137
2021-12-28,8273.44676576869,16658.261366713807
2021-12-29,8284.95047498894,16786.44720609033
2021-12-30,8413.078780100059,16879.54743778774
2022-01-03,8242.806621050328,16785.36394547588
2022-01-04,8221.977437551974,16774.04989016941
2022-01-05,8132.102875271825,16610.83862425902
2022-01-06,8137.923636623367,16593.68699786357
2022-01-07,8115.129867232805,16607.408298979928
2022-01-10,8062.469684737294,16562.693708061262
2022-01-11,7923.263914094567,16576.354828032378
2022-01-12,7979.726687203862,16635.753618391358
2022-01-13,7946.853182151613,16637.679415039267
2022-01-14,8012.966659438784,16747.810910841636
2022-01-17,8067.900689537468,16825.74549393675
2022-01-18,8069.495880355976,16862.87726055427
2022-01-19,8056.16617020526,16893.20855775885
2022-01-20,8043.097209029205,16878.163271447054
2022-01-21,8063.880578217869,16912.40634309271
2022-01-24,8047.405662841361,16849.3966840189
2022-01-25,8039.9073854799135,16806.24680287666
2022-01-26,7993.524559026423,16687.870490175428
2022-01-27,7932.5388436873445,16652.243252189088
2022-01-28,7888.565351037004,16669.57542202028
2022-01-31,7970.580640373333,16711.82258598381
2022-02-01,7962.386229822461,16709.956970481147
2022-02-02,7899.400447127286,16676.25552914272
2022-02-03,7893.292811497781,16655.67357746818
2022-02-04,7909.459706876785,16681.671832214965
2022-02-07,7898.682594208304,16643.938254144974
2022-02-08,7850.89705716268,16625.46264255409
2022-02-09,7839.879056189527,16632.624198838505
2022-02-10,7837.5911886976555,16616.194746186018
2022-02-11,7857.779295722771,16626.2449974423
2022-02-14,7800.49144904606,16568.832184876475
2022-02-15,7784.018487518637,16555.65251406734
2022-02-16,7775.611189051112,16534.950200102307
2022-02-17,7779.307806192726,16529.05244786808
2022-02-18,7774.476252188948,16559.203201636927
2022-02-21,7725.844486773326,16499.202599825476
2022-02-22,7702.367073013054,16449.613336141785
2022-02-23,7695.297787091871,16425.420515752412
2022-02-24,7613.646752834796,16307.58583335841
2022-02-25,7750.216381407497,16496.5546294346
2022-03-02,7685.462614448596,16469.051846056627
2022-03-03,7670.474523878237,16501.790389071102
2022-03-04,7665.78585860558,16499.984954713687
2022-03-07,7599.920717857385,16434.628230975235
2022-03-08,7583.461110603952,16403.634941172928
2022-03-09,7587.654498341167,16398.158456955436
2022-03-10,7591.154754790434,16395.87157343604
2022-03-11,7540.4603220990375,16367.947522041344
2022-03-14,7509.212661737894,16276.412000120361
2022-03-15,7536.882094377279,16295.609785454217
2022-03-16,7519.855913672829,16310.955977492249
2022-03-17,7510.909104522763,16300.123371347756
2022-03-18,7494.5269183705705,16364.276472181265
2022-03-21,7478.056927160635,16370.17422441549
2022-03-22,7490.432657608849,16432.58207203683
2022-03-23,7494.243220585181,16457.07579815244
2022-03-24,7497.197317919005,16445.581199410222
2022-03-25,7588.103688162261,16539.4036048506
2022-03-28,7601.633893406523,16539.34342370535
2022-03-29,7648.123854767857,16622.333223001235
2022-03-30,7680.087181064193,16683.23654199139
2022-03-31,7734.667475688238,16730.177835284205
2022-04-01,7850.439022995635,16842.957301477447
2022-04-04,7900.116931558454,16893.990912647067
2022-04-05,7849.842596543468,16884.42211055276
2022-04-06,7892.810060064919,16874.13113471549
2022-04-07,7918.506306376552,16882.91758192158
2022-04-08,7916.8185676093235,16903.860620467607
2022-04-11,7906.11617931314,16896.337977311705
2022-04-12,7914.902354843282,16904.703156501066
2022-04-13,7902.05930119839,16872.325700358077
2022-04-14,7913.772738726064,16902.47645412692
2022-04-18,7919.469743561304,16862.215267956548
2022-04-19,7936.4038432634925,16883.098125357326
2022-04-20,7957.295613225464,16900.129389462283
2022-04-22,7965.087664976636,16912.647067673697
2022-04-25,7969.044824829295,16882.676857340593
2022-04-26,7959.129987343783,16862.696717118524
2022-04-27,8003.241230562313,16857.942406643997
2022-04-28,7989.845011592186,16879.788162368728
2022-04-29,8014.968343124555,16929.317244907168
2022-05-02,7931.121289831785,16839.64733848885
2022-05-03,7935.3296526942295,16819.96810399302
2022-05-04,7931.761060151799,16777.961664610477
2022-05-05,7898.914975631786,16745.162940450755
2022-05-06,7840.020038357477,16726.506785424128
2022-05-09,7803.897620570276,16668.97361056781
2022-05-10,7804.317037197503,16658.863178166277
2022-05-11,7769.809375608704,16633.226010290975
2022-05-12,7756.465789833473,16584.659826076488
2022-05-13,7805.830229233038,16681.431107633976
2022-05-16,7771.286367355331,16661.932416573887
2022-05-17,7799.581883288754,16710.017151626394
2022-05-18,7787.497108944732,16715.07236782716
2022-05-19,7806.389157134042,16725.30316251918
2022-05-20,7821.554959014795,16757.861162097917
2022-05-23,7844.673565328768,16786.748111816567
2022-05-24,7839.095440024977,16797.15944994433
2022-05-25,7852.055524854893,16809.677128155745
2022-05-26,7852.677856959352,16824.782595612796
2022-05-27,7865.0129520117325,16889.958775915507
2022-05-30,7906.9559119549995,16926.669274516295
2022-05-31,7935.523969179878,16973.791111244846
2022-06-01,7914.2026582891585,16989.618752444858
2022-06-02,7929.32533707504,17008.696175488218
2022-06-03,7890.089217039041,17032.828814732344
2022-06-06,7797.964783399886,17026.991243643366
2022-06-07,7753.152068601887,17000.391177444104
2022-06-08,7724.062120666877,16987.933680377937
2022-06-09,7703.141142494207,16957.782926609092
2022-06-10,7669.572633179251,16932.807751331507
2022-06-13,7587.777870949919,16866.006680107123
2022-06-14,7589.7800263640165,16858.363674660726
2022-06-15,7581.599531311317,16877.080010832608
2022-06-17,7563.274828168089,16862.87726055427
2022-06-20,7580.67302321242,16918.424457617428
2022-06-21,7607.007924145495,16929.437607197662
2022-06-22,7568.0718580336925,16901.39319351247
2022-06-23,7557.171455737891,16866.728853850087
2022-06-24,7553.595648608511,16864.98360063792
2022-06-27,7521.510681869869,16854.030632202932
2022-06-28,7497.540249477636,16812.86672885385
2022-06-29,7506.265672006049,16804.922817681218
2022-06-30,7508.896484717023,16824.361327596063
2022-07-01,7486.422786671956,16803.297926759544
2022-07-04,7486.803764035216,16811.001113351187
2022-07-05,7497.282096261123,16753.22721391388
2022-07-06,7508.073664705336,16782.294707068275
2022-07-07,7536.897162007395,16806.126440586166
2022-07-08,7546.11600886961,16802.635934161826
2022-07-11,7503.466356088027,16771.341738633284
2022-07-12,7487.205184359195,16732.163813077364
2022-07-13,7480.837291955632,16689.074113080373
2022-07-14,7490.636780205228,16705.563746878102
2022-07-15,7486.655424008468,16719.164685703967
2022-07-18,7476.153598127737,16728.97421237926
2022-07-19,7485.533234172443,16755.213191707036
2022-07-20,7498.868843543652,16787.650828995276
2022-07-21,7516.581059704726,16796.7381819276
2022-07-22,7514.488528222547,16810.640026479705
2022-07-25,7559.444557479824,16808.35314296031
2022-07-26,7565.256599088095,16814.611982066017
2022-07-27,7558.111263075504,16818.343213071345
2022-07-28,7566.819225785229,16860.831101615862
2022-07-29,7605.566764564353,16935.57608401288
2022-08-01,7619.723632088189,16870.700809436403
2022-08-02,7662.920620336012,16902.777359853157
2022-08-03,7664.757282485012,16888.33388499383
2022-08-04,7689.738133105896,16918.123551891193
2022-08-05,7712.312757569192,16955.556224234948
2022-08-08,7750.384995675056,16978.063972557396
2022-08-09,7776.345084143014,17005.62693708061
2022-08-10,7839.098596128385,17048.95736165859
2022-08-11,7874.412722634278,17161.13501639936
2022-08-12,7993.137001029669,17277.705894743172
2022-08-15,8098.038476771688,17464.929437607196
2022-08-16,8144.36728618269,17502.422291096198
2022-08-17,8186.4958549509165,17554.779887461256
2022-08-18,8239.01243275317,17578.431077543406
2022-08-19,8276.70594748265,17591.911654078776
2022-08-22,8313.605848332396,17631.75157223242
2022-08-23,8306.099798678837,17641.86200463395
2022-08-24,8358.189935547247,17627.719435500858
2022-08-25,8359.267783108055,17652.694610778442
2022-08-26,8397.900895224964,17697.529563987602
2022-08-29,8449.706660619706,17768.18222850781
2022-08-30,8479.919851371276,17797.00899708121
2022-08-31,8570.028189779656,17911.292991905633
2022-09-01,8476.18116766764,17867.60148045617
2022-09-02,8576.181436293278,17906.95994944784
2022-09-05,8606.323045836169,17938.855956428848
2022-09-06,8528.045585138361,17916.3482081064
2022-09-08,8517.484301206623,17900.46038576114
2022-09-09,8543.798638182596,17934.34237053531
2022-09-12,8565.766294787689,17895.9467998676
2022-09-13,8541.150169174556,17894.923720398398
2022-09-14,8493.422686728618,17867.300574729936
2022-09-15,8480.682864172215,17882.767129058462
2022-09-16,8489.741265409883,17960.701712153583
2022-09-19,8491.317637700704,17956.729756567267
2022-09-20,8520.079733616374,17981.464207263863
2022-09-21,8542.90798734071,17988.866488129268
2022-09-22,8589.164769382163,18022.146661450966
2022-09-23,8559.213177216005,17995.967863268437
2022-09-26,8571.214405547991,17959.919357265368
2022-09-27,8554.879113753017,17930.91204525622
2022-09-28,8575.758413716756,17904.793428218938
2022-09-29,8562.178665483954,17888.785243583185
2022-09-30,8624.325295123017,17998.976920530797
2022-10-03,8608.467106461254,17951.433815785513
2022-10-04,8551.344043887715,17964.5533054494
2022-10-05,8541.945006414382,17973.099028074503
2022-10-06,8604.05122661057,18027.86387024945
2022-10-07,8612.845676538496,18071.37483826317
2022-10-10,8592.490216375583,18045.075677790148
2022-10-11,8624.764454147045,18054.102849577226
2022-10-13,8596.62842456329,18009.689164384796
2022-10-14,8581.516146062877,18004.152499022053
2022-10-17,8575.775550096952,17948.06367165167
2022-10-18,8592.01370241712,17976.709896789333
2022-10-19,8595.992790953067,17972.67776005777
2022-10-20,8570.694729774135,18008.30499804411
2022-10-21,8583.934335886463,18048.62636535973
2022-10-24,8587.099762429083,18013.179670809135
2022-10-25,8543.726136017698,18014.443474859327
2022-10-26,8530.29510934759,18000.18054343574
2022-10-27,8542.983428263415,18008.30499804411
2022-10-28,8552.24088494283,18016.369271507236
2022-10-31,8590.73492201824,18002.888694971865
2022-11-01,8544.615419363276,17989.04703156501
2022-11-03,8567.918461186364,17986.639785755124
2022-11-04,8572.264814223352,18012.57785935666
2022-11-07,8571.793350090706,17977.25152709656
2022-11-08,8567.331549983173,17954.26232961213
2022-11-09,8530.037710202203,17868.624559925374
2022-11-10,8432.946778349915,17702.524599043118
2022-11-11,8393.499775000091,17661.420876839285
2022-11-14,8401.174287611913,17640.237113712275
2022-11-16,8375.867753248469,17539.192970842236
2022-11-17,8227.587897644762,17235.940179941623
2022-11-18,8254.917206945618,17321.81867420937
2022-11-21,8204.16541299103,17259.049739716545
2022-11-22,8195.971598959368,17250.925285108173
2022-11-23,8159.961211348934,17204.886708994072
2022-11-24,8175.633140478057,17203.081274636657
2022-11-25,8139.9879276461415,17167.8151235218
2022-11-28,8137.706110271367,17154.75581500316
2022-11-29,8116.271315910819,17159.38976318719
2022-11-30,8191.096468000498,17255.198146420724
2022-12-01,8282.81898574549,17319.411428399482
2022-12-02,8286.944919567013,17414.557819035294
2022-12-05,8263.492988902768,17386.75412993109
2022-12-06,8250.817993944418,17341.678452140943
2022-12-07,8243.020555330908,17309.3611771432
2022-12-08,8198.992812596314,17229.741521981163
2022-12-09,8187.412292446375,17249.601299912738
2022-12-12,8137.895672643374,17132.187885535463
2022-12-13,8036.729690935317,17014.23284085096
2022-12-14,7979.61789558248,16861.97454337556
2022-12-15,7946.146415791891,16766.94851503024
2022-12-16,7973.873834513937,16733.24707369181
2022-12-19,7928.573120034711,16624.25901964914
2022-12-20,7995.181522047056,16727.590046038575
2022-12-21,8073.271488661104,16849.035597147413
2022-12-22,8047.2616561324985,16857.581319772515
2022-12-23,8071.299936456171,16971.263503144466
2022-12-26,8074.37077574863,17013.14958023651
2022-12-27,8121.640539680367,17058.104895736167
2022-12-28,8155.535056816988,17154.75581500316
2022-12-29,8221.593560487847,17254.71669725875
2023-01-02,8159.1661918779755,17218.42746667469
2023-01-03,8215.492627541955,17182.980772124094
2023-01-04,8199.484449966028,17132.970240423674
2023-01-05,8208.641563572755,17186.89254656516
2023-01-06,8209.79597753314,17157.52414768453
2023-01-09,8156.71861094531,17123.64216291036
2023-01-10,8170.102127468798,17123.882887491345
2023-01-11,8187.6521269959285,17085.848403695123
2023-01-12,8193.83694419667,17051.30442632323
2023-01-13,8245.078534316794,17083.862425901963
2023-01-16,8263.285189436008,17096.19956067764
2023-01-17,8314.14045376412,17079.589564589416
2023-01-18,8321.865198041003,17083.802244756716
2023-01-19,8267.928087981909,17000.692083170343
2023-01-20,8295.409782430832,17011.2237835886
2023-01-23,8266.618076092851,16946.167965576384
2023-01-24,8217.10326069666,16922.336232058493
2023-01-25,8239.963764740824,16950.260283453194
2023-01-26,8178.346886682239,16907.531670327688
2023-01-27,8147.176008267514,16907.652032618178
2023-01-30,8143.854829666766,16898.143411669123
2023-01-31,8180.027181698851,16977.943610266902
2023-02-01,8055.480643584955,16892.967833177867
2023-02-02,8098.591634381678,16935.876989739114
2023-02-03,8161.5615778385345,16945.14488610718
2023-02-06,8129.6925704922605,16917.642102729213
2023-02-07,8133.064557150077,16879.667800078234
2023-02-08,8071.204034216755,16840.550055667558
2023-02-09,8078.691116176212,16799.205608882738
2023-02-10,8063.768258503925,16763.578370896397
2023-02-13,8029.508888089604,16696.65693738152
2023-02-14,8046.962963645295,16722.53482983781
2023-02-15,8061.399612787393,16747.87109198688
2023-02-16,8027.19405013975,16734.631240032497
2023-02-17,8048.704063011195,16835.073571450062
2023-02-22,8031.649188656063,16837.781722986187
2023-02-23,8007.567161443892,16811.54274365841
2023-02-24,8031.022274517204,16869.43700538621
2023-02-27,8093.07832021939,16899.28685342882
2023-02-28,8049.291998805792,16901.21265007673
2023-03-01,8109.533454480266,16903.078265579392
2023-03-02,8132.064328936084,16916.799566695754
2023-03-03,8182.492943280334,16979.207414317094
2023-03-06,8184.33592062505,16921.313152589293
2023-03-07,8206.848422110434,16905.48551138928
2023-03-08,7877.692895964601,16841.09168597478
2023-03-09,7666.8494827815175,16801.43231125688
2023-03-10,7770.539692786952,16781.572533325307
2023-03-13,7800.358483848794,16686.72704841573
2023-03-14,7758.620145760579,16699.365088917642
2023-03-15,7719.458756167503,16718.68323654199
2023-03-16,7715.551578907403,16713.206752324495
2023-03-17,7699.332233872468,16706.46646405681
2023-03-20,7702.717073883861,16659.46498961875
2023-03-21,7648.142697835235,16667.047813919897
2023-03-22,7652.713954856301,16660.728793668943
2023-03-23,7635.464721689717,16614.02822495712
2023-03-24,7656.250613025084,16671.74194324918
2023-03-27,7673.494187780689,16653.747780820268
2023-03-28,7648.8703441290345,16632.68437998375
2023-03-29,7663.0646735206365,16516.053320494688
2023-03-30,7629.764474703154,16466.283513375256
2023-03-31,7650.522546066683,16615.77347816929
2023-04-03,7702.03212224622,16568.531279150244
2023-04-04,7717.638496586906,16616.014202750277
2023-04-05,7717.286712848142,16611.56079800199
2023-04-06,7757.572733557724,16612.282971744953
2023-04-10,7739.564069029652,16614.26894953811
2023-04-11,7760.871379124317,16641.831914061324
2023-04-12,7778.9864924450385,16670.117052327503
2023-04-13,7790.368183039086,16668.371799115335
2023-04-14,7817.629167866097,16739.205007071283
2023-04-17,7866.360025985639,16833.749586254624
2023-04-18,7890.811048947048,16906.929858875214
2023-04-19,7912.27947064382,16904.943881082057
2023-04-20,7951.227930385531,16934.613185688922
2023-04-24,7964.867433657739,16948.39466795053
2023-04-25,7959.216411918568,16940.87202479463
2023-04-26,7969.977625686485,16954.292420184756
2023-04-27,8068.671240136461,17014.65410886769
2023-04-28,8106.2806473755245,17201.155477988745
2023-05-02,8179.489668366752,17209.580838323353
2023-05-03,8147.408177578752,17235.278187343905
2023-05-04,8145.254269497484,17304.065236361446
2023-05-05,8222.790299288708,17370.806126440584
2023-05-08,8250.244020041231,17444.04658020642
2023-05-09,8279.374924136922,17515.06033159811
2023-05-10,8295.534352874794,17542.803839557066
2023-05-11,8304.98234148428,17623.928023350283
2023-05-12,8336.721647487684,17720.75948605302
2023-05-15,8383.402932045747,17858.39376523335
2023-05-16,8411.773516186708,17924.653206150513
2023-05-17,8489.66323478322,17994.282791201516
2023-05-18,8486.59133356448,18010.29097583727
2023-05-19,8507.920219639784,18043.27024343273
2023-05-22,8572.66008646054,18059.097884632745
2023-05-23,8655.318344953768,18087.322841753677
2023-05-24,8515.27393619581,18030.933108657056
2023-05-25,8603.084085953798,18075.587518430475
2023-05-26,8628.485543428704,18098.81744049589
2023-05-29,8646.924236128172,18098.03508560768
2023-05-30,8629.06500194213,18072.157193151386
2023-05-31,8651.118843339682,18135.347395660938
2023-06-01,8520.764618086952,18123.491710047238
2023-06-02,8556.657477523702,18216.17067372792
2023-06-05,8541.885105741172,18264.676676797157
2023-06-06,8492.671339143435,18259.200192579665
2023-06-07,8485.03899408573,18287.84641771733
2023-06-09,8517.791418877669,18337.07459452953
2023-06-12,8508.838163913777,18341.949267294556
2023-06-13,8520.686751318037,18361.929407516625
2023-06-14,8563.470896164547,18391.59871212349
2023-06-15,8595.37032748186,18442.39159871212
2023-06-16,8601.46102335753,18552.101826497757
2023-06-19,8628.170286420065,18614.088406102368
2023-06-20,8610.539147439185,18640.146841994403
2023-06-21,8638.491007338642,18676.375891433214
2023-06-22,8638.877503104273,18652.483976770076
2023-06-23,8694.04471123869,18697.138386543495
2023-06-26,8712.154414310176,18714.77146210092
2023-06-27,8728.768405400673,18756.0557277405
2023-06-28,8714.253410506608,18779.22546866067
2023-06-29,8739.128905383195,18849.09577829266
2023-06-30,8847.046572251389,18989.077122137634
2023-07-03,8818.14355426595,18969.518249932295
2023-07-04,8749.325816347662,19001.354075768064
2023-07-05,8803.237281936903,19082.05699154455
2023-07-06,8838.659001978132,19120.813649083742
2023-07-07,8809.624180692152,19202.479463184187
2023-07-10,8803.463883519602,19144.224114584897
2023-07-11,8779.67996672558,19147.112809556762
2023-07-12,8773.901790887641,19137.303282881472
2023-07-13,8720.230632766887,19127.43357506093
2023-07-14,8732.692129668512,19161.857190142327
2023-07-17,8717.456719829024,19153.371648662473
2023-07-18,8709.367798110172,19137.604188607707
2023-07-19,8719.46732435219,19105.5878193362
2023-07-20,8699.731321520962,19099.690067101976
2023-07-21,8725.175380637791,19168.958565281497
2023-07-24,8682.105474032382,19152.16802575753
2023-07-25,8677.714547033396,19154.815996148405
2023-07-26,8695.656388121859,19107.032166822133
2023-07-27,8715.09623529852,19099.509523666235
2023-07-28,8664.509248731523,19145.12683176361
2023-07-31,8696.045702641617,19240.995396142385
2023-08-01,8748.801272131072,19193.75319712334
2023-08-02,8717.37354721912,19210.784461228297
2023-08-03,8763.74960075883,19268.317636084612
2023-08-04,8882.534603549124,19358.22826708392
2023-08-07,8890.448864311742,19374.7780820269
2023-08-08,8888.605574182988,19359.251346553123
2023-08-09,8878.967628718965,19331.20693286793
2023-08-10,8845.44788792011,19336.924141666415
2023-08-11,8871.012003318998,19382.48126861854
2023-08-14,8836.887546183969,19345.65040772726
2023-08-15,8849.517283111203,19345.469864291517
2023-08-16,8842.62071001999,19332.410555772873
2023-08-17,8811.52775834341,19296.181506334065
2023-08-18,8821.083269530985,19315.19874823218
2023-08-21,8782.691777196205,19277.284626726447
2023-08-22,8718.045570288168,19228.8989859477
2023-08-23,8697.1346903721,19195.67899377125
2023-08-24,8703.25470683421,19198.086239581142
2023-08-25,8719.934793250814,19240.51394698041
2023-08-28,8707.951317558565,19192.30884963741
2023-08-29,8690.290598751058,19212.409352149967
2023-08-30,8756.768861283448,19306.111395299853
2023-08-31,8757.219834220392,19335.05852616375
2023-09-01,8823.396488045655,19361.658592363012
2023-09-04,8848.284189363794,19364.0658381729
2023-09-05,8814.250304796253,19352.992507447416
2023-09-06,8849.450902753095,19390.485360936418
2023-09-08,8933.70678767427,19500.67703788403
2023-09-11,8876.882846882636,19420.03430325279
2023-09-12,8862.093034246716,19407.456443896128
2023-09-13,8812.1295022019,19355.339572112054
2023-09-14,8842.7510324376,19356.663557307493
2023-09-15,8879.658024830305,19462.94345981404
2023-09-18,8901.420503040034,19458.85114193723
2023-09-19,8867.467282273154,19435.621219871813
2023-09-20,8880.192542718032,19406.613907862666
2023-09-21,8872.82796243922,19403.845575181294
2023-09-22,8904.451045964148,19416.78452140944
2023-09-25,8813.299147312913,19343.90515451509
2023-09-26,8718.221871182093,19252.79090061084
2023-09-27,8724.861387665705,19216.74239460777
2023-09-28,8710.25095311125,19216.862756898263
2023-09-29,8781.638801986259,19373.99572713869
2023-10-02,8686.635416497058,19240.694490416154
2023-10-03,8644.85830290129,19232.208948936295
2023-10-04,8602.390405457385,19166.430957181114
2023-10-05,8624.896030699312,19156.561249360577
2023-10-06,8608.303619351063,19156.92233623206
2023-10-09,8565.302838480815,19133.692414166642
2023-10-10,8546.83258793575,19139.951253272346
2023-10-11,8539.924177398456,19160.2924803659
2023-10-13,8579.955323798758,19209.88174404959
2023-10-16,8591.000724314908,19198.808413324103
2023-10-17,8550.640983819165,19156.741792796314
2023-10-18,8523.53682920246,19100.29187855445
2023-10-19,8520.87407200064,19041.795805374175
2023-10-20,8513.439511768262,19067.974603556704
2023-10-23,8524.461735423572,19091.866518219842
2023-10-24,8442.865695266155,18990.340926187826
2023-10-25,8437.054228418385,18958.324556916315
2023-10-26,8389.39833444651,18907.531670327684
2023-10-27,8404.97107916456,18991.30382451178
2023-10-30,8419.198057923164,18993.590708031174
2023-10-31,8435.520719487975,18991.364005657026
2023-11-01,8440.287498113508,18938.705503565732
2023-11-03,8487.169911086075,19019.58896277796
2023-11-06,8490.85659440166,19034.152799927782
2023-11-07,8492.314791721245,19095.236662353684
2023-11-08,8477.985127829406,19102.81948665483
2023-11-09,8471.853541313027,19124.06343092709
2023-11-10,8573.693594118227,19150.723678271595
2023-11-13,8579.072848541553,19139.04853609364
2023-11-14,8586.001505373875,19164.083892516475
2023-11-16,8597.799043714802,19205.72924502753
2023-11-17,8588.997865518846,19244.064634549995
2023-11-20,8546.120895912582,19236.541991394097
2023-11-21,8553.49377990467,19205.96996960852
2023-11-22,8548.803732754388,19135.79875425029
2023-11-23,8574.28878774614,19128.456654530135
2023-11-24,8567.482031727337,19104.444377576503
2023-11-27,8479.661085023232,19012.3672253483
2023-11-28,8539.712487428844,19062.317575903468
2023-11-29,8623.361501519388,19041.3143562122
2023-11-30,8731.17629594979,19116.901874642674
2023-12-01,8699.176977853089,19107.99506514609
2023-12-04,8684.116197082341,19164.98660969518
2023-12-05,8717.895877873001,19197.18352240243
2023-12-06,8749.648539373798,19205.428339301296
2023-12-07,8751.354740185421,19135.738573105045
2023-12-08,8772.663058306696,19195.498450335508
2023-12-11,8771.109125506318,19143.56212198718
2023-12-12,8746.97602000229,19075.43706556736
2023-12-13,8779.120335193476,19119.850750759786
2023-12-14,8842.724918271508,19163.060813047272
2023-12-15,8785.87499163923,19195.498450335508
2023-12-18,8830.345230641691,19242.981373935545
2023-12-19,8833.329289558322,19298.58875214395
2023-12-20,8867.997857058988,19333.493816387327
2023-12-21,8981.210817708481,19453.374657719734
2023-12-22,9081.494764410783,19621.881864411876
2023-12-26,9164.12760460833,19771.913459513133
2023-12-27,9139.76258708092,19851.35257123943
2023-12-28,9206.299381528594,19928.56498059158
2024-01-02,9202.71403040694,19944.573165227335
2024-01-03,9228.767332383806,20006.680107122436
2024-01-04,9202.218545975167,19982.42710558782
2024-01-05,9190.057757334785,20005.596846507986
2024-01-08,9251.707045074725,20022.86883519393
2024-01-09,9231.983350989924,20009.628983239552
2024-01-10,9238.17158997877,20009.328077513313
2024-01-11,9221.207805308137,19968.64562332621
2024-01-12,9247.084452924671,20014.443474859323
2024-01-15,9247.507725079595,20053.38067583426
2024-01-16,9245.211046451599,20067.463063822102
2024-01-17,9254.31584250946,20055.426834772665
2024-01-18,9269.602068717826,20039.23810670117
2024-01-19,9266.81211125212,20101.46541088677
2024-01-22,9266.787580883713,20064.75491228598
2024-01-23,9268.76457155763,20040.6824541871
2024-01-24,9246.80512675869,20006.740288267687
2024-01-25,9226.959533493453,20006.138476815213
2024-01-26,9221.783794579782,20049.890169409922
2024-01-29,9225.704647758643,20035.807781422078
2024-01-30,9220.811139370599,20025.576986730055
2024-01-31,9275.601048738692,20061.444949297384
2024-02-01,9175.477872142774,19982.968735895043
2024-02-02,9212.51758775876,20057.653537146813
2024-02-05,9210.149295330768,20027.86387024945
2024-02-06,9215.407272590444,20055.24629133692
2024-02-07,9333.27583837481,20104.65501158487
2024-02-08,9289.270516672343,20099.178527367374
2024-02-09,9351.719885509983,20172.6597057142
2024-02-14,9353.646746859833,20118.015225829746
2024-02-15,9331.126532465885,20155.808985044983
2024-02-16,9348.048117654933,20161.345650407726
2024-02-19,9333.444701744345,20202.991002918785
2024-02-20,9333.53234171336,20206.662052778862
2024-02-21,9327.46210304638,20197.033069539313
2024-02-22,9337.30019250789,20187.765173171247
2024-02-23,9402.17969483051,20240.36349411729
2024-02-26,9369.462946023657,20172.84024914994
2024-02-27,9362.317791003408,20136.61119971113
2024-02-28,9353.688398535376,20120.48265278488
2024-02-29,9411.240208951007,20220.8648030572
2024-03-01,9534.669177092734,20259.982547467876
2024-03-04,9490.57144468436,20249.9322962116
2024-03-05,9459.8531540702,20262.750880149248
2024-03-06,9451.427710825319,20252.038636295245
2024-03-07,9487.171941802953,20291.6378298679
2024-03-08,9569.158469169084,20354.94839466795
2024-03-11,9556.998514296594,20307.826557939396
2024-03-12,9514.776519715846,20273.58348629374
2024-03-13,9470.02146437366,20265.639575121113
2024-03-14,9464.056969375619,20255.047693557608
2024-03-15,9511.233583715379,20263.051785875487
2024-03-18,9544.475473579882,20305.178587548522
2024-03-19,9507.3617065519,20302.951885174374
2024-03-20,9501.566112432947,20330.69539313333
2024-03-21,9494.768105724266,20348.809917852737
2024-03-22,9487.577696690574,20420.305118406402
2024-03-25,9481.46429298438,20401.70914452502
2024-03-26,9492.91902916471,20414.9489964794
2024-03-27,9509.131897480778,20433.966238377514
2024-03-28,9544.452351293028,20510.63701742244
2024-04-01,9525.62921642637,20482.11115457527
2024-04-02,9522.747128522333,20501.12839647338
2024-04-03,9551.952684156635,20533.927120633107
2024-04-04,9544.500943884448,20547.52805945897
2024-04-05,9548.066802162446,20595.07116420425
2024-04-08,9539.597068449792,20593.205548701593
2024-04-09,9520.034576295762,20586.525441579157
2024-04-10,9512.863006146648,20572.503234736556
2024-04-11,9499.67958014452,20567.3276562453
2024-04-12,9524.62532291667,20605.723226913004
2024-04-15,9489.868880206326,20537.899076219415
2024-04-16,9473.464362764014,20476.75503264827
2024-04-17,9414.457958857412,20409.291968826168
2024-04-18,9451.31341886923,20382.02991002919
2024-04-19,9474.648342897563,20408.449432792706
2024-04-22,9501.292010170479,20341.22709355159
2024-04-23,9465.238506046211,20300.544639364485
2024-04-24,9443.789821191274,20253.422802635934
2024-04-25,9436.011742691231,20226.040381548464
2024-04-26,9433.214034133553,20261.42689495381
2024-04-29,9501.80723876742,20310.71525291126
2024-04-30,9544.971545192608,20351.999518550838
2024-05-02,9523.507813158833,20319.5618812626
2024-05-03,9518.680463915214,20411.097403183583
2024-05-06,9523.660276234434,20417.115517708302
2024-05-07,9525.967090530816,20428.670297595763
2024-05-08,9539.764560899133,20450.15496644901
2024-05-09,9534.4933129938,20397.01501519574
2024-05-10,9540.552264355212,20448.28935094635
2024-05-13,9447.761104883966,20320.163692715072
2024-05-14,9431.015235664265,20267.324647188034
2024-05-15,9416.46953897436,20296.63286492342
2024-05-16,9487.430307750723,20338.45876087022
2024-05-17,9535.143525278758,20415.310083350887
2024-05-20,9521.76795857943,20408.991063099933
2024-05-21,9531.207419843757,20381.849366593444
2024-05-22,9504.344650123092,20363.734841874037
2024-05-23,9479.929360839073,20309.63199229681
2024-05-24,9460.808021718125,20335.26916017212
2024-05-27,9383.974194538165,20310.113441458787
2024-05-28,9364.71581817418,20243.011464508167
2024-05-29,9391.654256631744,20287.726055426836
2024-05-31,9397.936839247224,20355.309481539432
2024-06-03,9437.59475750505,20290.55456925345
2024-06-04,9395.421346134222,20245.177985737068
2024-06-05,9326.887367017302,20197.273794120298
2024-06-06,9364.612374711967,20214.184695934764
2024-06-07,9333.091584034131,20213.943971353772
2024-06-10,9304.63699732003,20131.856889236602
2024-06-11,9292.691843701574,20070.29157764872
2024-06-12,9192.412548476883,19982.667830168808
2024-06-13,9092.602527015402,19833.96022026299
2024-06-14,9141.87510962589,19935.545993440257
2024-06-17,9103.429479162074,19895.46535070562
2024-06-18,9083.200497706137,19868.263473053892
2024-06-19,9050.397843900737,19860.921373333735
2024-06-20,9083.03465731402,19868.744922215865
2024-06-21,9134.451484344287,19856.046700568713
2024-06-24,9154.071532965454,19837.089639815844
2024-06-25,9161.866128247599,19867.18021243944
2024-06-26,9242.484670835363,19926.278097072187
2024-06-27,9299.192783569775,20029.007312009144
2024-06-28,9342.192183646124,20144.615292029004
2024-07-01,9221.852707859996,19973.15920921975
2024-07-02,9214.840312980854,19892.93774260524
2024-07-03,9231.623345474361,19876.749014533747
2024-07-04,9327.805192565304,20002.226702374144
2024-07-05,9394.855353313,20110.372220383353
2024-07-08,9425.195658153309,20144.79583546475
2024-07-09,9383.23308315719,20155.628441609242
2024-07-10,9402.368151831204,20154.906267866278
2024-07-11,9480.143790107591,20164.53525110583
2024-07-12,9540.411053522212,20281.46721632113
2024-07-15,9561.805931459803,20312.70123070442
2024-07-16,9555.914745982447,20359.2212559805
2024-07-17,9533.788367895173,20389.973821201813
2024-07-18,9541.448705474142,20357.114915896847
2024-07-19,9559.610509744296,20411.7593957813
2024-07-22,9516.87439800073,20407.366172178256
2024-07-23,9501.177729894554,20378.479222459602
2024-07-24,9493.998540597076,20350.314446483913
2024-07-25,9485.439390510917,20311.136520927994
2024-07-26,9490.337190624548,20316.251918274003
2024-07-29,9384.654837200314,20181.02488490356
2024-07-30,9459.827039165866,20211.23581981765
2024-07-31,9428.845686941782,20249.631390485363
2024-08-01,9357.453493708941,20254.566244395628
2024-08-02,9393.806971337246,20274.847290343932
2024-08-05,9302.72798787768,20176.571480155268
2024-08-06,9321.409097948514,20145.277284626725
2024-08-07,9318.547052417769,20156.410796497454
2024-08-08,9279.989428373752,20130.954172057893
2024-08-09,9321.145938317046,20160.503114374264
2024-08-12,9327.64079808866,20174.224415490626
2024-08-13,9326.734425392353,20191.977853338547
2024-08-14,9348.978772867385,20239.52095808383
2024-08-15,9364.493333543925,20305.23876869377
2024-08-16,9390.034991765218,20374.08599885656
2024-08-19,9362.35602661956,20353.383684891523
2024-08-20,9366.808845621536,20356.392742153883
2024-08-21,9348.186372971504,20352.18006198658
2024-08-22,9348.093821677667,20333.042457797972
2024-08-23,9379.718960175614,20392.01998014022
2024-08-26,9385.678053985583,20382.691902626906
2024-08-27,9365.399752812398,20364.81810248849
2024-08-28,9352.668447043148,20351.337525953113
2024-08-29,9378.818452880758,20376.553425811693
2024-08-30,9368.156255135778,20422.77254536154
2024-09-02,9326.714231652995,20397.315920921978
2024-09-03,9313.236784087612,20363.5542984383
2024-09-04,9227.624565709804,20373.42400625884
2024-09-05,9216.50499551422,20355.490024975174
2024-09-06,9210.785453708686,20380.705924833746
2024-09-09,9185.309362344751,20354.64748894171
2024-09-10,9177.609517965078,20292.480365901363
2024-09-11,9127.9810544914,20264.676676797157
2024-09-12,9093.838533883149,20211.777450124875
2024-09-13,9089.849309652856,20246.742695513498
2024-09-16,9055.723580242922,20225.197845515
2024-09-17,9033.554657783452,20182.709956970477
2024-09-18,9022.538925489282,20161.586374988714
2024-09-19,9008.005383708447,20104.23374356814
2024-09-20,8979.188940619882,20061.80603616887
2024-09-23,8916.629466750024,19931.814762434926
2024-09-24,8908.508335967199,19881.021875846298
2024-09-25,8871.450859164215,19822.044353504047
2024-09-26,8872.600061136309,19824.51178045918
2024-09-27,8877.211915232656,19914.723317184726
2024-09-30,8851.433766783599,19895.70607528661
2024-10-01,8749.450404534915,19729.184846387627
2024-10-02,8760.855886213805,19732.55499052147
2024-10-03,8783.222872403976,19688.863479072006
2024-10-04,8776.593640780038,19717.148617338185
2024-10-07,8762.018484438635,19714.139560075826
2024-10-08,8747.41811131276,19600.938825865855
2024-10-09,8672.433284269253,19451.32849878133
2024-10-10,8621.894318333836,19317.365269461076
2024-10-11,8594.268910270135,19359.13098426263
2024-10-14,8621.032365316622,19428.82075045888
2024-10-15,8629.469830254386,19460.897300875633
2024-10-16,8641.513235198361,19460.476032858904
2024-10-17,8614.171807511924,19440.556073782085
2024-10-18,8654.628438689831,19474.91950771823
2024-10-21,8629.784484708627,19365.75091023982
2024-10-22,8598.826067866363,19304.90777239491
2024-10-23,8536.278257614094,19132.910059278423
2024-10-24,8475.501478012835,19071.585472271538
2024-10-25,8538.128569784407,19147.534077573495
2024-10-28,8573.816943640477,19196.7622543857
2024-10-29,8593.123536904095,19240.393584689915
2024-10-30,8604.470109208229,19299.250744741672
2024-10-31,8594.426364020583,19287.094153401737
2024-11-01,8507.789810888382,19248.217133572052
2024-11-04,8465.964794537434,19180.513345168958
2024-11-05,8457.659417802577,19183.402040140823
2024-11-06,8460.254353228489,19137.002377155237
2024-11-07,8429.77652119146,19162.940450756778
2024-11-08,8471.660713355172,19232.99130382451
2024-11-11,8406.072500046597,19065.988625763544
2024-11-12,8346.493861708552,18985.10516655132
2024-11-13,8326.976688064848,18936.478801191584
2024-11-14,8334.304863561356,18965.48611320073
2024-11-18,8327.604956100398,19000.69208317034
2024-11-19,8361.285950838208,19035.23606054223
2024-11-21,8360.438607010674,19028.79667800078
2024-11-22,8383.574789729782,19112.68919447537
2024-11-25,8429.093079529395,19146.089730087562
2024-11-26,8372.364299140438,19162.579363885296
2024-11-27,8351.78191541841,19085.607679114135
2024-11-28,8198.809941426089,18888.15334155809
2024-11-29,8246.695026409017,18880.81124183793
2024-12-02,8141.322090388016,18676.736978304696
2024-12-03,8090.2536103474185,18488.36999368098
2024-12-04,7968.153633080528,18195.468359762886
2024-12-05,7867.433617035599,17846.65844191015
2024-12-06,8061.458929985788,18162.428911022176
2024-12-09,7952.616469018998,18048.14491619775
2024-12-10,7921.643170430827,17844.67246411699
2024-12-11,7890.004231717453,17735.443685493334
2024-12-12,7849.369352993719,17735.80477236482
2024-12-13,7892.4818760251765,17901.72418981133
2024-12-16,7876.222648474758,17797.249721662203
2024-12-17,7802.190969878932,17596.003971955586
2024-12-18,7635.664215356547,17378.208407305992
2024-12-19,7605.078044992434,17322.48066680709
2024-12-20,7807.38274585047,17733.33734540968
2024-12-23,7940.785831489046,18178.136189931694
2024-12-26,8064.051602678529,18469.112027201878
2024-12-27,8170.365471276261,18732.705443384584
2024-12-30,8134.033623640413,18754.12993109259
2025-01-02,8173.102326266993,18760.50913248879
2025-01-03,8135.442502521653,18756.65753919297
2025-01-06,8199.841872695672,18770.077934583092
2025-01-07,8173.226185215898,18745.463846176994
2025-01-08,8136.380044652674,18569.01272831222
2025-01-09,8075.635890133339,18475.431047452832
2025-01-10,8097.7712999507985,18515.270965606476
2025-01-13,8070.557578326974,18462.311557788944
2025-01-14,8039.061632404028,18447.446814912888
2025-01-15,8084.4892457243295,18600.668010712245
2025-01-16,8055.523377275892,18560.467005687115
2025-01-17,8030.824068489731,18305.118406403275
2025-01-20,7999.471654104802,18288.327866879306
2025-01-21,7977.441083111069,18166.88231577047
2025-01-22,7928.935724385099,18118.31613155598
2025-01-23,7917.6352078039745,18038.57611410345
2025-01-24,7941.485140482791,18059.759877230463
2025-01-27,7909.308643325723,17988.746125838774
2025-01-28,7875.262786158137,17901.18255950411
2025-01-29,7851.871756466221,17901.78437095658
2025-01-30,7926.181733071903,18034.24307164565
2025-01-31,7966.04352373277,18178.497276803177
2025-02-03,7918.926165971701,18063.370745945296
2025-02-04,7911.920363873451,18054.343574158214
2025-02-05,7892.57679447728,18018.716336171878
2025-02-06,7919.5951499816,18028.345319411426
2025-02-07,7899.0529672202765,18099.419251948362
2025-02-10,7904.524148636358,18081.90653868143
2025-02-11,7889.203851154541,18080.22146661451
2025-02-12,7831.118970672143,18086.23958113923
2025-02-13,7804.077813521722,18042.247163963526
2025-02-14,7866.53830384224,18164.775975686814
2025-02-17,7920.177293959797,18323.17274997743
2025-02-18,7945.683625403353,18418.499684048988
2025-02-19,7887.581999893557,18416.995155417808
2025-02-20,7879.300773578422,18508.169590467303
2025-02-21,7907.116294498863,18699.12436433665
2025-02-24,7886.503288559624,18737.640297294856
2025-02-25,7898.011659113719,18765.504167544306
2025-02-26,7886.127543137857,18693.8284235549
2025-02-27,7872.976074751831,18749.495982908556
2025-02-28,7841.253488134441,18785.42412662113
2025-03-05,7904.261062478629,18789.215538771703
2025-03-06,7936.50350289442,18901.513555802965
2025-03-07,7973.641662289239,19023.92200523576
2025-03-10,7968.373338133786,19045.34649294376
2025-03-11,7976.31263916743,19102.3982186381
2025-03-12,7957.396740916349,19170.342731622182
2025-03-13,7980.909140978163,19188.216531760598
2025-03-14,8009.399973492614,19334.21599013029
2025-03-17,8002.825242598399,19378.87039990371
2025-03-18,8040.349656004617,19480.27562964523
2025-03-19,8067.733547009054,19592.51346553125
2025-03-20,8081.196028874332,19613.215779496284
2025-03-21,8044.588736806532,19610.868714831642
2025-03-24,8085.839223492939,19626.395450305416
2025-03-25,8080.18925229997,19654.138958264375
2025-03-26,8125.819139444141,19694.279782144255
2025-03-27,8141.314943261985,19775.524328227966
2025-03-28,8174.946695694596,19870.670718863777
2025-03-31,8228.474055611754,19938.555050702616
2025-04-01,8295.40476917968,19928.865886317813
2025-04-02,8263.280273564465,19916.649113832635
2025-04-03,8260.090412843017,19890.289772214364
2025-04-04,8220.125693337868,19738.874010772422
2025-04-07,8161.164925175091,19581.079047934283
2025-04-08,8126.093168216187,19518.91192489393
2025-04-09,8169.991257680889,19537.98934793729
2025-04-10,8166.011151094137,19538.65134053501
2025-04-11,8146.227595746013,19605.031143742664
2025-04-14,8220.24168793804,19742.725604068244
2025-04-15,8252.918173424223,19814.461529202898
2025-04-16,8291.658496157186,19913.459513134534
2025-04-17,8355.14581733161,20060.421869828184
2025-04-22,8402.83626026567,20164.294526524838
2025-04-23,8471.659344752281,20222.18878825264
2025-04-24,8525.610155016702,20254.205157524146
2025-04-25,8603.137387555444,20408.26888935696
2025-04-28,8599.210065261797,20430.596094243672
2025-04-29,8585.446244883964,20469.89438209009
2025-04-30,8629.220975244814,20538.07961965516
2025-05-02,8704.062963318544,20578.701892697016
2025-05-05,8605.030806477178,20411.93993921704
2025-05-06,8623.090301530838,20374.80817259952
2025-05-07,8648.995468091865,20390.575632654287
2025-05-08,8624.368557966294,20400.204615893843
2025-05-09,8704.011411674726,20509.192669936507
2025-05-12,8698.244653761649,20502.572743959314
2025-05-13,8763.119250693546,20532.30222971143
2025-05-14,8743.460576636317,20497.698071194296
2025-05-15,8841.912292195797,20599.40420666205
2025-05-16,8828.42217519522,20696.717118526765
2025-05-19,8831.323762944307,20673.607558751843
2025-05-20,8810.785579228683,20685.222519784547
2025-05-21,8813.623271548362,20679.685854421805
2025-05-22,8823.58267682573,20684.1392591701
2025-05-23,8847.715137120449,20704.179580537417
2025-05-26,8823.954389167202,20679.204405259832
2025-05-27,8831.774848575078,20691.842445761744
2025-05-28,8853.859812466482,20719.5859537207
2025-05-29,8870.571528405975,20738.543014473562
2025-05-30,8920.84631032533,20834.291216561847
2025-06-02,8867.743335538127,20732.043450786867
2025-06-03,8895.539836602386,20787.650828995273
2025-06-04,8918.015730430574,20749.97743207053
2025-06-05,8965.096292144824,20751.12087383023
2025-06-06,8993.001512944185,20758.76387927662
2025-06-09,8892.083585757755,20559.383745072668
2025-06-10,8867.441652731019,20508.470496193542
2025-06-11,8880.300888973536,20511.72027803689
2025-06-12,8827.107758232154,20410.25486715012
2025-06-13,8876.71969958239,20575.572473144162
2025-06-16,8886.743268600569,20653.206150513044
2025-06-17,8859.511308351504,20654.530135708483
2025-06-18,8863.51749091281,20708.813528721446
2025-06-20,8827.99606285676,20682.454187103176
2025-06-23,8808.821985021013,20641.04955917311
2025-06-24,8843.278301330669,20667.168176210394
2025-06-25,8836.80659110872,20716.697258748834
2025-06-26,8849.609829394001,20759.786958745826
2025-06-27,8828.838763064627,20840.188968796076
2025-06-30,8925.147204261675,20965.72683778172
2025-07-01,8958.350783135887,20912.225799656964
2025-07-02,8969.279766430776,20914.211777450124
2025-07-03,9005.775361795933,20954.11187674901
2025-07-04,9053.402186418976,21035.837871994703
2025-07-07,9034.168136993103,21013.390304817498
2025-07-08,9025.085771106738,20981.735022417473
2025-07-09,9004.743052767652,20958.625462642554
2025-07-10,8983.759166899727,20912.887792254685
2025-07-11,8976.604849844982,20962.416874793125
2025-07-14,8948.082445694889,20966.208286943696
2025-07-15,8937.369470776657,20939.427677308697
2025-07-16,8949.683902853338,20914.933951193092
2025-07-17,8948.759787226687,20913.18869798092
2025-07-18,8899.427298164574,20852.827009297984
2025-07-21,8833.986220214718,20726.025336262144
2025-07-22,8804.509138537953,20708.03117383324
2025-07-23,8776.784864582187,20658.441910149548
2025-07-24,8814.404235447191,20687.750127884934
2025-07-25,8835.46367192395,20733.06653025607
2025-07-28,8791.06125780776,20648.150934312278
2025-07-29,8768.559944295554,20583.335840881053
2025-07-30,8773.29133795311,20543.556103872652
2025-07-31,8843.914899336498,20680.52839045527
2025-08-01,8834.850026737373,20642.373544368547
2025-08-04,8826.856108498003,20577.85935666356
2025-08-05,8779.0712254185,20514.30806728252
2025-08-06,8774.025587220483,20486.80528390455
2025-08-07,8763.347474547507,20523.3352390696
2025-08-08,8784.584796598947,20580.62768934493
2025-08-11,8775.228459583079,20569.133090602714
2025-08-12,8782.466015568996,20530.918063370747
2025-08-13,8756.272912862818,20525.501760298495
2025-08-14,8806.853204730785,20581.169319652152
2025-08-15,8815.358099812347,20650.558180122167
2025-08-18,8843.864721454058,20670.718863779977
2025-08-19,8803.58390058521,20634.489814341163
2025-08-20,8794.253862602365,20598.20058375711
2025-08-21,8774.087489253505,20615.77347816929
2025-08-22,8790.122505589197,20642.674450094786
2025-08-25,8816.552142340808,20656.155026630153
2025-08-26,8850.325900849379,20704.179580537417
2025-08-27,8848.446145458405,20711.461499112324
2025-08-28,8860.738600217845,20775.855324526823
2025-08-29,8932.88242603021,20921.13260915355
2025-09-01,8959.444480658882,20939.728583034932
2025-09-02,8951.584132968866,20897.722143652394
2025-09-03,8972.314306179687,20978.846327445608
2025-09-04,8987.768167842272,20975.41600216652
2025-09-05,9025.640500885074,21065.386814311074
2025-09-08,9057.776331345645,21119.730388469292
2025-09-09,9031.298800907223,21098.96789335901
2025-09-10,9076.00374442062,21152.10784461228
2025-09-11,9081.509959983176,21151.265308578822
2025-09-12,9130.471048658794,21271.988685944692
2025-09-15,9154.334217740965,21346.553124905964
2025-09-16,9168.237559151406,21405.83155297445
2025-09-17,9186.47117223746,21444.407667077903
2025-09-18,9163.222458404343,21391.749164986606
2025-09-19,9225.252511704419,21465.8321547859
2025-09-22,9215.576228735015,21413.655101856584
2025-09-23,9205.659566670864,21444.588210513644
2025-09-24,9216.850412003303,21450.967411909845
2025-09-25,9217.597030692586,21478.289651852076
2025-09-26,9240.81572939067,21536.785725032343
2025-09-29,9223.68029858167,21557.66858243312
2025-09-30,9216.719077316391,21601.66099960882
2025-10-01,9186.499019697108,21502.482472241445
2025-10-02,9191.584634886192,21509.16257936388
2025-10-03,9242.506356039412,21574.27857852135
2025-10-06,9213.11602178658,21561.821081455182
2025-10-07,9199.03223699998,21517.64812084374
2025-10-08,9215.807820575368,21529.082538440707
2025-10-09,9200.190162135681,21504.94989919658
2025-10-10,9193.733515599764,21529.082538440707
2025-10-13,9198.4442033054,21484.42812866729
2025-10-14,9195.542280396337,21517.527758553246
2025-10-15,9219.520187161168,21581.319772515268
2025-10-16,9204.308715215957,21534.5590226582
2025-10-17,9210.895960379605,21529.86489332892
2025-10-20,9184.744107202687,21470.586465260432
2025-10-21,9204.820414246364,21499.052146962353
2025-10-22,9186.062781025907,21472.452080763094
2025-10-23,9191.302898546082,21472.090993891612
2025-10-24,9184.46628900599,21536.785725032343
2025-10-27,9212.115451549951,21562.121987181414
2025-10-28,9211.930967304055,21571.750970420966
2025-10-29,9219.335834437827,21603.10534709475
2025-10-30,9225.37618366142,21579.093070141123
2025-10-31,9247.227126907883,21626.57599374116
2025-11-03,9288.150694157144,21613.877772093998
2025-11-04,9403.612257204408,21602.202629916046
2025-11-05,9460.756071099295,21609.304005055215
2025-11-06,9453.546632297604,21621.09950952367
2025-11-07,9519.824945950088,21644.75069960581
2025-11-10,9493.192110568227,21623.446574188307
2025-11-11,9617.395978229073,21621.159690668912
2025-11-12,9613.797302559044,21647.519032287182
2025-11-13,9587.457142116747,21611.53070742936
2025-11-14,9659.98165263497,21765.835163843167
2025-11-17,9671.837422867493,21764.450997502478
2025-11-18,9674.44537658952,21760.960491078145
2025-11-19,9668.841504005411,21783.287695964853
2025-11-21,9700.886419647557,21818.373303643966
2025-11-24,9670.824881535655,21823.368338699485
2025-11-25,9743.035347348463,21853.158005596844
2025-11-26,9750.708536666036,21774.260524177775
2025-11-27,99775.5919131466,21873.138145818913
2025-11-28,99804.68872640638,22028.766587428156
2025-12-01,99821.70620394003,22027.68332681371
2025-12-02,99846.21673422326,22076.129148737702
2025-12-03,99825.65892502746,22069.569403905756
2025-12-04,99841.90169801607,22122.1677248518
2025-12-05,99810.0522922255,22088.52646465862
2025-12-08,99822.72804467387,22132.518881834323
2025-12-09,99852.77327799244,22120.06138476815
2025-12-10,99856.37097064132,22124.93605753317
2025-12-11,99854.38523639727,22135.287214515694
2025-12-12,99871.91539321738,22182.52941353474
2025-12-15,99907.89245589079,22208.46748713628
2025-12-16,99889.1886370332,22216.17067372792
2025-12-17,99881.70805005112,22188.607709204705
2025-12-18,99881.01575789145,22249.63139048536
2025-12-19,99930.18748035676,22311.19670207324
2025-12-22,99947.73416398936,22478.199380134203
2025-12-23,99983.11600687353,22598.922757500077
2025-12-26,99989.29833254706,22721.752474949593
2025-12-29,100002.31106389637,22702.133421599014
2025-12-30,99991.1074095137,22720.247946318417
2026-01-02,100017.74794724929,22741.792796316913
2026-01-05,100058.99749563083,22766.10597899678
2026-01-06,100070.99559253508,22799.325971173228
2026-01-07,100073.76399198316,22754.9122859808
2026-01-08,100076.99006912213,22763.819095477385
2026-01-09,100094.13852697084,22805.404266843198
2026-01-12,100095.41993427838,22797.159449944334
2026-01-13,100098.53535954816,22843.920199801403
2026-01-14,98183.25491073108,22856.076791141335
2026-01-15,98235.28018627402,22895.796347004485
2026-01-16,98255.2630930171,22924.803659013633
2026-01-19,112437.68877279907,22949.357566274484
2026-01-20,112378.87703035762,22933.83083080071
2026-01-21,112389.78301872149,22942.918183733036
2026-01-22,112427.11668992792,22990.401107333073
2026-01-23,112514.10625822327,23118.76749014534
2026-01-26,112485.62750957708,23145.126831763606
2026-01-27,112448.11599470311,23110.041224084493
2026-01-28,112545.50441501262,23161.074835254112
2026-01-29,112604.01597084806,23127.734480787167
2026-01-30,112708.71777592035,23235.879998796376
2026-02-02,112673.95320709291,23188.397075196342
2026-02-03,112666.71067585865,23211.506634971265
2026-02-04,112636.4184139162,23158.246321427498
2026-02-05,112611.70106975627,23155.77889447236
2026-02-06,112598.45411155232,23152.047663467034
2026-02-09,112611.30394494353,23130.382451178044
2026-02-10,121436.23794798314,23072.307646014502
2026-02-11,121449.29920304769,23089.21854782896
2026-02-12,121491.69545622217,23067.011705232748
2026-02-13,121559.43806351673,23185.688923660215
2026-02-18,121582.66406871327,23183.823308157553
2026-02-19,121772.18679327864,23199.470405921824
2026-02-20,121813.35645940769,23283.663828122644
2026-02-23,121847.38280440251,23260.253362621486
2026-02-24,121778.92705014173,23275.840279240514
2026-02-25,121901.57420608761,23331.989287756147
2026-02-26,121874.60872940168,23381.217464568348
2026-02-27,122021.94035003964,23542.803839557066
2026-03-02,121863.9978713418,23507.116420425482
2026-03-03,121740.95206573886,23369.121054373663
2026-03-04,121705.16695784213,23415.821623085485
2026-03-05,121724.61574346246,23387.235579093067
2026-03-06,121764.19188277893,23450.305419312128
2026-03-09,121657.16235504505,23345.409683146267
2026-03-10,121632.51603056779,23328.920049348537
2026-03-11,121621.79097665212,23311.708241807843
2026-03-12,121526.05309954163,23265.669665693735
2026-03-13,121585.22798926504,23347.395660939426
2026-03-16,121654.24377264178,23357.927361357684
2026-03-17,121559.9379309086,23322.901934823818
2026-03-18,121373.08282263277,23280.955676586524
2026-03-19,121559.54976861202,23254.295429242018
2026-03-20,121578.86991350782,23240.99539614239
2026-03-23,121586.4727514577,23243.10173622604
2026-03-24,121422.8070221174,23208.55775885415
2026-03-25,121467.94326793455,23231.0655071766
2026-03-26,121453.47393437529,23209.761381759094
2026-03-27,121536.57821330207,23281.73803147474
2026-03-30,121454.01464107115,23237.444708572802
2026-03-31,121557.42848479933,23293.53353594319
2026-04-01,121683.0646954862,23330.123672253485
2026-04-02,121730.79160919556,23383.684891523484
2026-04-06,121735.94893965112,23391.809346131857
2026-04-07,121651.99101150654,23351.78888454247
2026-04-08,121749.1189845451,23414.25691330906
2026-04-09,121880.55186410517,23420.816658141
2026-04-10,122056.71975365304,23535.82282670839
2026-04-13,122072.83653617064,23491.108235789725
2026-04-14,121997.39215190656,23498.32997321939
2026-04-15,121913.1605889474,23507.838594168446
2026-04-16,122075.86385099414,23558.992567628557
2026-04-17,122139.19936132616,23657.569283543464
2026-04-20,122169.87765672963,23721.120572924498
2026-04-22,122084.34260155776,23710.949959377725
2026-04-23,122089.04071255222,23643.065627538894
2026-04-24,122178.13612676295,23684.59061775946
2026-04-27,122060.8650558065,23620.678241506932
2026-04-28,122114.25673087176,23618.932988294764
2026-04-29,122054.98272173894,23633.85791231607
2026-04-30,122215.5344102201,23650.648451840036
2026-05-04,122132.79616182702,23491.89059067794
2026-05-05,122169.08345629068,23414.979087052026
2026-05-06,122182.42787010343,23554.659525170766
2026-05-07,122102.17951017612,23528.72145156922
2026-05-08,122023.805412978,23603.82752083772
2026-05-11,121517.43799954631,23281.858393765233
2026-05-12,121691.97123897127,23261.45698552643
2026-05-13,121496.30258400398,23075.497246712606
2026-05-14,121797.02143901172,23279.029879938615
2026-05-15,121946.48404164496,23378.930581048957
2026-05-18,121755.51533776605,23170.884361929406
2026-05-19,121519.49499581808,22969.03680077032
2026-05-20,121613.72253804555,23170.16218818644
2026-05-21,121669.90075053368,23169.440014443473
2026-05-22,121666.81345482002,23200.37312310053
2026-05-25,121692.60069576187,23253.212168627568
2026-05-26,121619.5304517725,23175.879396984925
2026-05-27,121613.4463966533,23192.66993650889
2026-05-28,121648.07454597983,23239.069599494476
2026-05-29,121712.42458096465,23335.35943188999
2026-06-01,121616.47054747705,23232.148767791048
2026-06-02,121614.02766950193,23231.60713748383
2026-06-03,121494.10122190358,23124.364336653325
2026-06-05,121560.61499641498,23159.931393494415
2026-06-08,121431.22324255531,22978.545421719376
2026-06-09,121389.38054957683,22939.909126470677
2026-06-10,121192.48241198587,22731.80272620588
2026-06-11,121252.8165157515,22884.66283513375
2026-06-12,121288.41220461868,22953.269340715553
2026-06-15,121423.77395116034,23068.335690428186
2026-06-16,121365.30592145953,23014.533746577195
2026-06-17,121368.89557822038,22936.117714320102
2026-06-18,121357.66745751732,22867.27048415731
2026-06-19,121215.87707281663,22869.316643095717
2026-06-22,121326.90558470959,22847.41070622574
2026-06-23,121316.23027799264,22826.287124243972
2026-06-24,121186.31064478538,22755.032648271295
2026-06-25,121183.09119860362,22841.151867120032
2026-06-26,121342.02108782383,22907.952938344413
2026-06-29,121383.26282634378,22981.43411669124
2026-06-30,121454.0784149375,23052.929317244907
2026-07-01,121426.05180269046,23029.338308308004
2026-07-02,121532.40545774736,23070.86329852857
2026-07-03,121601.67559845859,23150.362591400113
2026-07-06,121471.81166795954,23079.529383444165
2026-07-07,121483.00201639874,23040.532001323983
2026-07-08,121481.43624164216,22995.57668582433
2026-07-09,121525.90519116288,23057.864171155175
2026-07-10,121617.00766773651,23126.95212589895
2026-07-13,121569.20886345195,23048.59627478711
2026-07-14,121603.47881238391,23057.683627719438
2026-07-15,121639.64804726967,23104.50455872175
2026-07-16,121667.20284268649,23147.112809556766
2026-07-17,121691.61642734295,23152.890199500496
2026-07-20,121595.60822945263,23095.417205789425
2026-07-21,121457.38303262249,23035.65732855896
2026-07-22,121452.98554478191,22957.782926609092
2026-07-23,121397.93386340188,22892.486384015887
2026-07-24,121448.87192571457,22899.10630999308
2026-07-27,121428.57877176427,22857.160051755785
2026-07-28,121435.61474724853,22911.98507507598
2026-07-29,121461.18754811746,22852.766828152737
2026-07-30,121445.49690582341,22906.508590858484
2026-07-31,121477.70154852916,22980.290674931544
2026-08-03,121475.19546958794,22781.6928956158
2026-08-04,121325.3181283424,22774.83224505762
2026-08-05,121358.63806610472,22760.44895134354
2026-08-06,121309.68350790995,22628.772605542683
2026-08-07,121320.13846963378,22695.212589895582
2026-08-10,121134.23529081374,22521.710348147924
