run_id,seed,tickers,fitness,hhi,score_median,score_mean,score_std,sectors,generations_run,converged_early
0,42,"['BPAC11', 'BPAN4', 'BRFS3', 'BRKM5', 'CRFB3', 'DEXP3', 'JALL3', 'PINE4', 'RAIZ4', 'SOMA3', 'TUPY3', 'UNIP6', 'WEGE3', 'ZAMP3']",4.283957013333524,0.18367346938775508,0.0169111905880808,0.14677602858889371,0.33901444443641426,"{'Consumo não Cíclico': 3, 'Materiais Básicos': 3, 'Financeiro e Outros': 3, 'Bens Industriais': 2, 'Consumo Cíclico': 2, 'Petróleo, Gás e Biocombustíveis': 1}",66,True
1,43,"['ALLD3', 'AZZA3', 'BBDC3', 'BHIA3', 'BPAC11', 'FIQE3', 'GUAR3', 'LEVE3', 'LOGN3', 'RDOR3', 'RECV3', 'ROMI3', 'SOJA3', 'TAEE3']",4.4009009576418245,0.19387755102040816,0.22673385440474833,0.1486730224262089,0.3139259173072251,"{'Consumo Cíclico': 5, 'Financeiro e Outros': 2, 'Bens Industriais': 2, 'Comunicações': 1, 'Petróleo, Gás e Biocombustíveis': 1, 'Utilidade Pública': 1, 'Saúde': 1, 'Consumo não Cíclico': 1}",51,True
2,44,"['ALUP11', 'ARML3', 'CEAB3', 'DEXP3', 'FRAS3', 'KEPL3', 'KLBN11', 'MILS3', 'MOTV3', 'POMO3', 'SANB3', 'SAPR11', 'TAEE4', 'USIM3']",4.255802036591181,0.2857142857142857,0.1800353298490467,0.19644989648372538,0.22188135504783058,"{'Bens Industriais': 6, 'Utilidade Pública': 3, 'Materiais Básicos': 3, 'Consumo Cíclico': 1, 'Financeiro e Outros': 1}",80,True
3,45,"['ALUP11', 'BEEF3', 'BMEB4', 'CXSE3', 'DEXP3', 'GMAT3', 'KLBN4', 'LAVV3', 'NATU3', 'PGMN3', 'RAPT4', 'RECV3', 'SUZB3', 'TGMA3']",4.714500480734885,0.1530612244897959,0.09965386544960775,0.16160679286255755,0.3079680277678395,"{'Consumo não Cíclico': 3, 'Materiais Básicos': 3, 'Financeiro e Outros': 2, 'Bens Industriais': 2, 'Consumo Cíclico': 1, 'Petróleo, Gás e Biocombustíveis': 1, 'Saúde': 1, 'Utilidade Pública': 1}",149,True
4,46,"['BBDC4', 'BEEF3', 'BRFS3', 'BRST3', 'CEAB3', 'GMAT3', 'ITSA4', 'JALL3', 'LOGG3', 'NTCO3', 'PETR3', 'PFRM3', 'SCAR3', 'TAEE4']",4.459288064964394,0.23469387755102045,0.2510457774545246,0.24726725671478658,0.24571420420360493,"{'Consumo não Cíclico': 5, 'Financeiro e Outros': 4, 'Consumo Cíclico': 1, 'Saúde': 1, 'Utilidade Pública': 1, 'Comunicações': 1, 'Petróleo, Gás e Biocombustíveis': 1}",52,True
5,47,"['ANIM3', 'CPLE3', 'CPLE5', 'DIRR3', 'JSLG3', 'LAVV3', 'MOAR3', 'ONCO3', 'PETR3', 'PETR4', 'SANB3', 'SAPR4', 'USIM3', 'VVEO3']",4.172906240940829,0.16326530612244897,-0.09842429938454686,-0.021208643101258164,0.30917302794230034,"{'Consumo Cíclico': 3, 'Utilidade Pública': 3, 'Financeiro e Outros': 2, 'Petróleo, Gás e Biocombustíveis': 2, 'Saúde': 2, 'Bens Industriais': 1, 'Materiais Básicos': 1}",89,True
6,48,"['B3SA3', 'BIOM3', 'BMOB3', 'CSMG3', 'CXSE3', 'DIRR3', 'EMBJ3', 'FIQE3', 'LAVV3', 'OPCT3', 'PGMN3', 'RECV3', 'SEER3', 'SMTO3']",4.372282837554937,0.13265306122448978,0.1796838628142328,0.18850098084168856,0.3443203493693771,"{'Consumo Cíclico': 3, 'Financeiro e Outros': 2, 'Saúde': 2, 'Bens Industriais': 2, 'Comunicações': 1, 'Tecnologia da Informação': 1, 'Petróleo, Gás e Biocombustíveis': 1, 'Consumo não Cíclico': 1, 'Utilidade Pública': 1}",88,True
7,49,"['AMAR3', 'CLSC4', 'COGN3', 'EUCA4', 'EVEN3', 'FESA4', 'FIQE3', 'INTB3', 'ISAE4', 'MOVI3', 'ODPV3', 'TASA4', 'TIMS3', 'USIM5']",4.207032005285328,0.18367346938775508,0.13492761861765287,0.10888926591807672,0.2626457674204804,"{'Consumo Cíclico': 4, 'Materiais Básicos': 3, 'Comunicações': 2, 'Utilidade Pública': 2, 'Saúde': 1, 'Tecnologia da Informação': 1, 'Bens Industriais': 1}",53,True
8,50,"['ALOS3', 'BRSR6', 'CAML3', 'CBAV3', 'CYRE3', 'DESK3', 'FIQE3', 'GGBR3', 'ITUB3', 'KLBN3', 'POMO4', 'RAIZ4', 'TUPY3', 'WEGE3']",4.192805380134781,0.17346938775510204,-0.015393641834949685,0.06196987792106295,0.24980710591402253,"{'Bens Industriais': 3, 'Financeiro e Outros': 3, 'Materiais Básicos': 3, 'Comunicações': 2, 'Consumo Cíclico': 1, 'Consumo não Cíclico': 1, 'Petróleo, Gás e Biocombustíveis': 1}",64,True
9,51,"['BRAV3', 'BRBI11', 'GRND3', 'ITUB3', 'LAVV3', 'MDIA3', 'MOVI3', 'OPCT3', 'RADL3', 'RDOR3', 'SOJA3', 'TRIS3', 'TTEN3', 'VAMO3']",4.844334833872936,0.19387755102040813,0.1741734834987142,0.13910034517376088,0.2722616386805646,"{'Consumo Cíclico': 4, 'Consumo não Cíclico': 3, 'Saúde': 2, 'Financeiro e Outros': 2, 'Bens Industriais': 2, 'Petróleo, Gás e Biocombustíveis': 1}",55,True
10,52,"['ABEV3', 'BBAS3', 'BIOM3', 'BMOB3', 'ENAT3', 'FESA4', 'GGBR4', 'ITSA4', 'MULT3', 'NTCO3', 'PCAR3', 'RAIZ4', 'SYNE3', 'TAEE3']",4.470301386284287,0.18367346938775508,0.13076124962985453,0.18663310379641126,0.1975571231581011,"{'Financeiro e Outros': 4, 'Consumo não Cíclico': 3, 'Materiais Básicos': 2, 'Petróleo, Gás e Biocombustíveis': 2, 'Tecnologia da Informação': 1, 'Utilidade Pública': 1, 'Saúde': 1}",114,True
11,53,"['ALUP11', 'BIOM3', 'BRBI11', 'CYRE3', 'ELMD3', 'KLBN3', 'LOGG3', 'MBRF3', 'PSSA3', 'SMFT3', 'TAEE3', 'TASA4', 'TTEN3', 'VALE3']",4.3127090648718625,0.14285714285714285,-0.028052003563534104,0.08144396759614828,0.2643263356700074,"{'Financeiro e Outros': 3, 'Consumo não Cíclico': 2, 'Utilidade Pública': 2, 'Consumo Cíclico': 2, 'Materiais Básicos': 2, 'Comunicações': 1, 'Bens Industriais': 1, 'Saúde': 1}",52,True
12,54,"['AESB3', 'BBDC3', 'BRST3', 'EMBJ3', 'ITUB3', 'POMO3', 'SHUL4', 'SUZB3', 'TAEE11', 'TKNO4', 'TRIS3', 'UNIP3', 'VLID3', 'ZAMP3']",4.3608852513134355,0.19387755102040813,0.11081929313898353,0.1561700569615428,0.24015806620914315,"{'Bens Industriais': 4, 'Materiais Básicos': 3, 'Utilidade Pública': 2, 'Financeiro e Outros': 2, 'Consumo Cíclico': 2, 'Comunicações': 1}",125,True
13,55,"['AMER3', 'AZZA3', 'GOAU3', 'ISAE4', 'MBRF3', 'ONCO3', 'OPCT3', 'SBFG3', 'SCAR3', 'SHUL4', 'TAEE11', 'TTEN3', 'USIM5', 'VULC3']",4.20293557388629,0.17346938775510204,0.2949337680942431,0.2614062042770494,0.22331940647030168,"{'Consumo Cíclico': 4, 'Consumo não Cíclico': 2, 'Utilidade Pública': 2, 'Bens Industriais': 2, 'Materiais Básicos': 2, 'Financeiro e Outros': 1, 'Saúde': 1}",51,True
14,56,"['B3SA3', 'BAZA3', 'BPAC11', 'BRST3', 'DASA3', 'DESK3', 'DEXP3', 'EUCA4', 'LWSA3', 'MELK3', 'MILS3', 'PETR3', 'SANB11', 'SIMH3']",4.171682661535011,0.19387755102040816,0.05886989254825195,0.05691256463547315,0.30199323456920424,"{'Financeiro e Outros': 5, 'Materiais Básicos': 2, 'Comunicações': 2, 'Bens Industriais': 1, 'Consumo Cíclico': 1, 'Petróleo, Gás e Biocombustíveis': 1, 'Tecnologia da Informação': 1, 'Saúde': 1}",60,True
15,57,"['BLAU3', 'BRFS3', 'COCE5', 'EMAE4', 'FLRY3', 'ITSA3', 'MGLU3', 'MTSA4', 'PCAR3', 'ROMI3', 'SANB11', 'TTEN3', 'TUPY3', 'VTRU3']",4.0929404094648305,0.173469387755102,0.07554855980161856,0.14223725792292502,0.2937489643418324,"{'Consumo não Cíclico': 3, 'Bens Industriais': 3, 'Consumo Cíclico': 2, 'Saúde': 2, 'Financeiro e Outros': 2, 'Utilidade Pública': 2}",51,True
16,58,"['BMGB4', 'BMOB3', 'CSMG3', 'ENGI11', 'ISAE4', 'KLBN3', 'MDNE3', 'MOVI3', 'ODPV3', 'RADL3', 'TAEE11', 'TAEE3', 'USIM5', 'VLID3']",4.293958802947606,0.20408163265306123,0.20623873562339679,0.2044845987301262,0.23635422142408227,"{'Utilidade Pública': 5, 'Consumo Cíclico': 2, 'Saúde': 2, 'Materiais Básicos': 2, 'Tecnologia da Informação': 1, 'Bens Industriais': 1, 'Financeiro e Outros': 1}",61,True
17,59,"['ASAI3', 'BBAS3', 'CYRE3', 'ELMD3', 'GOAU3', 'IGTI11', 'LOGG3', 'LOGN3', 'MELK3', 'MOAR3', 'RANI3', 'RDOR3', 'SBSP3', 'SULA11']",4.101961784719119,0.19387755102040816,0.14642947941527512,0.1169333159310586,0.2023976790891468,"{'Financeiro e Outros': 5, 'Materiais Básicos': 2, 'Consumo Cíclico': 2, 'Saúde': 1, 'Comunicações': 1, 'Utilidade Pública': 1, 'Consumo não Cíclico': 1, 'Bens Industriais': 1}",80,True
18,60,"['BMGB4', 'ENAT3', 'FIQE3', 'JSLG3', 'MBRF3', 'ODPV3', 'OPCT3', 'POMO3', 'POMO4', 'PSSA3', 'RAIL3', 'SIMH3', 'USIM3', 'VAMO3']",4.623083249799526,0.25510204081632654,0.29781670276648187,0.15094613695579312,0.37111972948746413,"{'Bens Industriais': 6, 'Financeiro e Outros': 3, 'Comunicações': 1, 'Consumo não Cíclico': 1, 'Saúde': 1, 'Materiais Básicos': 1, 'Petróleo, Gás e Biocombustíveis': 1}",77,True
19,61,"['CMIG3', 'CPLE5', 'DIRR3', 'GGBR3', 'GGBR4', 'GOAU3', 'ITUB3', 'JHSF3', 'MTSA4', 'PGMN3', 'SAPR11', 'SHUL4', 'TIMS3', 'WEGE3']",4.39668716871195,0.17346938775510204,-0.012685839875975644,-0.0083020965638268,0.211691957383604,"{'Bens Industriais': 3, 'Utilidade Pública': 3, 'Materiais Básicos': 3, 'Consumo Cíclico': 2, 'Saúde': 1, 'Financeiro e Outros': 1, 'Comunicações': 1}",61,True
20,62,"['ANIM3', 'BBDC3', 'BRAV3', 'CSUD3', 'CXSE3', 'EUCA4', 'EZTC3', 'IGTI11', 'JALL3', 'MBRF3', 'ROMI3', 'SMFT3', 'TAEE4', 'VVEO3']",4.328467085214753,0.1530612244897959,0.22724933378507525,0.17189135241890857,0.2404038371621249,"{'Financeiro e Outros': 3, 'Consumo Cíclico': 3, 'Consumo não Cíclico': 2, 'Bens Industriais': 2, 'Utilidade Pública': 1, 'Materiais Básicos': 1, 'Saúde': 1, 'Petróleo, Gás e Biocombustíveis': 1}",173,True
21,63,"['ABCB4', 'BAZA3', 'BMOB3', 'BPAN4', 'DEXP3', 'GMAT3', 'MBRF3', 'MDNE3', 'MTSA4', 'ODPV3', 'OPCT3', 'PSSA3', 'SCAR3', 'SOJA3']",4.73452836597749,0.2142857142857143,0.22045322240553056,0.19478647454234688,0.24742016747696421,"{'Financeiro e Outros': 5, 'Consumo não Cíclico': 3, 'Bens Industriais': 2, 'Tecnologia da Informação': 1, 'Materiais Básicos': 1, 'Consumo Cíclico': 1, 'Saúde': 1}",52,True
22,64,"['ANIM3', 'BBDC3', 'CPLE3', 'CSUD3', 'GOAU3', 'HYPE3', 'JHSF3', 'MDNE3', 'SIMH3', 'TAEE11', 'TASA4', 'UGPA3', 'VBBR3', 'VVEO3']",4.895185445503394,0.1530612244897959,0.1777353395914263,0.10008329563904945,0.27140433863245894,"{'Consumo Cíclico': 3, 'Financeiro e Outros': 2, 'Utilidade Pública': 2, 'Petróleo, Gás e Biocombustíveis': 2, 'Bens Industriais': 2, 'Saúde': 2, 'Materiais Básicos': 1}",58,True
23,65,"['AZZA3', 'BLAU3', 'BRKM5', 'CGRA4', 'DEXP3', 'EZTC3', 'INTB3', 'LIGT3', 'RAIL3', 'STBP3', 'USIM3', 'VIVA3', 'VULC3', 'ZAMP3']",4.042351917089488,0.26530612244897955,0.20910436831050422,0.17206591479893024,0.3229643051956835,"{'Consumo Cíclico': 6, 'Materiais Básicos': 3, 'Bens Industriais': 2, 'Saúde': 1, 'Tecnologia da Informação': 1, 'Utilidade Pública': 1}",68,True
24,66,"['ARML3', 'BEEF3', 'BRAV3', 'CMIN3', 'CURY3', 'DXCO3', 'PINE4', 'RAPT4', 'RDOR3', 'SAPR11', 'SCAR3', 'TAEE3', 'UGPA3', 'UNIP3']",4.422052781330891,0.14285714285714285,0.1612433546451325,0.06363321485495012,0.35444656306577466,"{'Materiais Básicos': 3, 'Bens Industriais': 2, 'Utilidade Pública': 2, 'Petróleo, Gás e Biocombustíveis': 2, 'Financeiro e Outros': 2, 'Saúde': 1, 'Consumo Cíclico': 1, 'Consumo não Cíclico': 1}",58,True
25,67,"['BPAN4', 'DASA3', 'ECOR3', 'FLRY3', 'HYPE3', 'ODPV3', 'RENT3', 'SANB3', 'SBFG3', 'SIMH3', 'SMFT3', 'SOJA3', 'TAEE11', 'VAMO3']",4.312148599055239,0.2040816326530612,0.022788606036350398,0.07568786389999765,0.21947036601854078,"{'Saúde': 4, 'Financeiro e Outros': 3, 'Consumo Cíclico': 3, 'Bens Industriais': 2, 'Utilidade Pública': 1, 'Consumo não Cíclico': 1}",86,True
26,68,"['BLAU3', 'BMOB3', 'BRSR6', 'CAML3', 'EUCA4', 'KEPL3', 'KLBN3', 'LAVV3', 'MBRF3', 'MDIA3', 'TAEE3', 'UNIP3', 'VVEO3', 'WEGE3']",4.062853021705496,0.1530612244897959,0.1994087369991761,0.2112588185785737,0.29950026342059777,"{'Materiais Básicos': 3, 'Consumo não Cíclico': 3, 'Saúde': 2, 'Bens Industriais': 2, 'Consumo Cíclico': 1, 'Tecnologia da Informação': 1, 'Utilidade Pública': 1, 'Financeiro e Outros': 1}",51,True
27,69,"['ALUP11', 'CLSC4', 'CPLE3', 'ECOR3', 'ELMD3', 'EQTL3', 'KLBN3', 'MATD3', 'MOTV3', 'SLCE3', 'SOMA3', 'SYNE3', 'VAMO3', 'WIZC3']",4.510206222685695,0.173469387755102,0.05693291680747818,0.04835057856716921,0.18978164185021593,"{'Utilidade Pública': 4, 'Bens Industriais': 3, 'Financeiro e Outros': 2, 'Comunicações': 1, 'Consumo não Cíclico': 1, 'Saúde': 1, 'Materiais Básicos': 1, 'Consumo Cíclico': 1}",126,True
28,70,"['BMGB4', 'BRAV3', 'CSNA3', 'CYRE3', 'DESK3', 'ELMD3', 'EQTL3', 'EZTC3', 'GRND3', 'MILS3', 'POMO3', 'RAIZ4', 'TRIS3', 'VIVA3']",4.570162475634322,0.20408163265306123,0.18857736114315404,0.15575083055851036,0.22030760705229036,"{'Consumo Cíclico': 5, 'Bens Industriais': 2, 'Comunicações': 2, 'Petróleo, Gás e Biocombustíveis': 2, 'Utilidade Pública': 1, 'Financeiro e Outros': 1, 'Materiais Básicos': 1}",88,True
29,71,"['ALPA4', 'AMER3', 'BAZA3', 'BBAS3', 'BBDC4', 'EZTC3', 'FIQE3', 'GGBR3', 'JALL3', 'MDNE3', 'RAIL3', 'RAIZ4', 'TKNO4', 'TUPY3']",4.194159711359965,0.18367346938775508,0.15526098401578722,0.07025747063550306,0.33400606104239283,"{'Consumo Cíclico': 4, 'Financeiro e Outros': 3, 'Materiais Básicos': 2, 'Bens Industriais': 2, 'Comunicações': 1, 'Consumo não Cíclico': 1, 'Petróleo, Gás e Biocombustíveis': 1}",72,True
30,72,"['AZZA3', 'BRFS3', 'CMIN3', 'EUCA4', 'INTB3', 'MDIA3', 'NEOE3', 'NTCO3', 'PSSA3', 'RANI3', 'SOJA3', 'SULA11', 'SUZB3', 'UGPA3']",4.783843949240771,0.20408163265306123,0.1777353395914263,0.13318738722264947,0.3248688985649061,"{'Consumo não Cíclico': 4, 'Materiais Básicos': 4, 'Financeiro e Outros': 2, 'Consumo Cíclico': 1, 'Petróleo, Gás e Biocombustíveis': 1, 'Utilidade Pública': 1, 'Tecnologia da Informação': 1}",64,True
31,73,"['AZZA3', 'ENGI11', 'EUCA4', 'FIQE3', 'ONCO3', 'PORT3', 'RADL3', 'RAIL3', 'SAPR11', 'SHUL4', 'SIMH3', 'TEND3', 'UNIP3', 'ZAMP3']",4.426969876938142,0.16326530612244897,0.1719284345466545,0.17500872334740133,0.3218254917286145,"{'Consumo Cíclico': 3, 'Bens Industriais': 3, 'Materiais Básicos': 2, 'Utilidade Pública': 2, 'Saúde': 2, 'Comunicações': 1, 'Financeiro e Outros': 1}",51,True
32,74,"['ANIM3', 'AZUL4', 'CMIN3', 'CRFB3', 'CSMG3', 'ENAT3', 'ISAE4', 'JHSF3', 'POMO3', 'RAIZ4', 'RANI3', 'SANB3', 'SULA11', 'SUZB3']",4.45395120721723,0.1530612244897959,0.22724933378507525,0.11347966676021365,0.32507390947177506,"{'Materiais Básicos': 3, 'Bens Industriais': 2, 'Utilidade Pública': 2, 'Consumo Cíclico': 2, 'Financeiro e Outros': 2, 'Petróleo, Gás e Biocombustíveis': 2, 'Consumo não Cíclico': 1}",84,True
33,75,"['ALOS3', 'AURE3', 'CLSC4', 'CPLE5', 'CYRE3', 'ENGI11', 'HYPE3', 'JBSS3', 'LOGG3', 'MULT3', 'RANI3', 'SAPR3', 'SCAR3', 'VULC3']",4.677745289199821,0.2448979591836735,0.12859253439451024,0.13984752832275224,0.2584415921097149,"{'Utilidade Pública': 5, 'Financeiro e Outros': 4, 'Consumo Cíclico': 2, 'Materiais Básicos': 1, 'Consumo não Cíclico': 1, 'Saúde': 1}",51,True
34,76,"['EMBJ3', 'EVEN3', 'FRAS3', 'GGBR4', 'GOAU4', 'ITSA4', 'LOGG3', 'MDNE3', 'ODPV3', 'POMO3', 'POMO4', 'RENT3', 'TAEE3', 'UNIP3']",4.395760359742297,0.2040816326530612,0.19313703273622174,0.17838685814843253,0.2250276431224031,"{'Bens Industriais': 4, 'Materiais Básicos': 3, 'Consumo Cíclico': 3, 'Financeiro e Outros': 2, 'Utilidade Pública': 1, 'Saúde': 1}",53,True
35,77,"['ANIM3', 'CMIG4', 'EVEN3', 'FIQE3', 'GGPS3', 'GRND3', 'ITSA3', 'JALL3', 'LOGN3', 'MDIA3', 'PETR4', 'SANB4', 'SUZB3', 'TAEE11']",4.235627686836909,0.14285714285714285,0.06914700597008454,0.06883119380076352,0.28201912268454393,"{'Consumo Cíclico': 3, 'Utilidade Pública': 2, 'Financeiro e Outros': 2, 'Consumo não Cíclico': 2, 'Bens Industriais': 2, 'Comunicações': 1, 'Petróleo, Gás e Biocombustíveis': 1, 'Materiais Básicos': 1}",121,True
36,78,"['AZUL4', 'AZZA3', 'BMOB3', 'CBAV3', 'DESK3', 'EZTC3', 'MGLU3', 'NATU3', 'NEOE3', 'RDOR3', 'RENT3', 'SANB11', 'SHUL4', 'TAEE11']",4.455434040246247,0.1530612244897959,0.18857736114315404,0.1677421895063575,0.23169802741229442,"{'Consumo Cíclico': 4, 'Utilidade Pública': 2, 'Bens Industriais': 2, 'Tecnologia da Informação': 1, 'Saúde': 1, 'Financeiro e Outros': 1, 'Comunicações': 1, 'Consumo não Cíclico': 1, 'Materiais Básicos': 1}",95,True
37,79,"['BEEF3', 'CEBR6', 'COGN3', 'CXSE3', 'EUCA4', 'FRAS3', 'GMAT3', 'LIGT3', 'RAPT4', 'SAPR11', 'SBFG3', 'STBP3', 'UNIP6', 'VTRU3']",4.650288835100096,0.18367346938775508,0.15254609966026167,0.16393865960072387,0.2662950172506652,"{'Bens Industriais': 3, 'Utilidade Pública': 3, 'Consumo Cíclico': 3, 'Materiais Básicos': 2, 'Consumo não Cíclico': 2, 'Financeiro e Outros': 1}",92,True
38,80,"['BBAS3', 'CPLE3', 'ECOR3', 'ELMD3', 'FESA4', 'GGBR3', 'LAVV3', 'LREN3', 'NTCO3', 'POMO3', 'PORT3', 'SBFG3', 'STBP3', 'VITT3']",4.037123326997499,0.19387755102040816,0.12150315629160502,0.12919307110645212,0.2827115729083173,"{'Bens Industriais': 4, 'Consumo Cíclico': 3, 'Materiais Básicos': 3, 'Comunicações': 1, 'Financeiro e Outros': 1, 'Utilidade Pública': 1, 'Consumo não Cíclico': 1}",88,True
39,81,"['BRBI11', 'CMIG4', 'CSUD3', 'CXSE3', 'DESK3', 'ENGI11', 'MOTV3', 'MOVI3', 'NEOE3', 'RANI3', 'SANB11', 'SOMA3', 'TAEE4', 'TRIS3']",4.410965508733965,0.2040816326530612,0.0768375767215917,0.13325856118706092,0.22749572669599497,"{'Utilidade Pública': 4, 'Financeiro e Outros': 3, 'Consumo Cíclico': 3, 'Bens Industriais': 2, 'Materiais Básicos': 1, 'Comunicações': 1}",66,True
40,82,"['ABEV3', 'ALOS3', 'BMOB3', 'BPAC11', 'BRAV3', 'CRFB3', 'CURY3', 'EZTC3', 'ITUB3', 'KLBN4', 'LAVV3', 'MDNE3', 'SAPR11', 'SAPR4']",4.0851652645408425,0.18367346938775508,0.12505686947147665,0.14986376655520237,0.2447972997506191,"{'Consumo Cíclico': 4, 'Financeiro e Outros': 3, 'Utilidade Pública': 2, 'Consumo não Cíclico': 2, 'Tecnologia da Informação': 1, 'Materiais Básicos': 1, 'Petróleo, Gás e Biocombustíveis': 1}",57,True
41,83,"['AURE3', 'AZZA3', 'CBAV3', 'CEAB3', 'CPLE6', 'CXSE3', 'DEXP3', 'EZTC3', 'FLRY3', 'ISAE4', 'MBRF3', 'MRVE3', 'SAPR3', 'SMFT3']",4.463779302805216,0.2448979591836735,0.2036886803824932,0.1491584275502005,0.271294427023452,"{'Consumo Cíclico': 5, 'Utilidade Pública': 4, 'Materiais Básicos': 2, 'Consumo não Cíclico': 1, 'Financeiro e Outros': 1, 'Saúde': 1}",54,True
42,84,"['AESB3', 'AMER3', 'AZZA3', 'BMOB3', 'BRFS3', 'BRSR6', 'CSMG3', 'DEXP3', 'ELMD3', 'EZTC3', 'GMAT3', 'MILS3', 'SIMH3', 'TAEE4']",4.436399053081531,0.1530612244897959,0.35635874187033967,0.3030413220301386,0.2609566960041923,"{'Utilidade Pública': 3, 'Consumo Cíclico': 3, 'Consumo não Cíclico': 2, 'Financeiro e Outros': 2, 'Tecnologia da Informação': 1, 'Bens Industriais': 1, 'Materiais Básicos': 1, 'Comunicações': 1}",52,True
43,85,"['BAZA3', 'BLAU3', 'BMGB4', 'BRKM5', 'CMIG3', 'DESK3', 'DIRR3', 'IRBR3', 'MBRF3', 'ODPV3', 'PFRM3', 'PRIO3', 'TAEE3', 'UNIP3']",4.9193843636396535,0.1530612244897959,0.2329762979011273,0.20104414795071324,0.2631071416820751,"{'Saúde': 3, 'Financeiro e Outros': 3, 'Materiais Básicos': 2, 'Utilidade Pública': 2, 'Consumo não Cíclico': 1, 'Consumo Cíclico': 1, 'Comunicações': 1, 'Petróleo, Gás e Biocombustíveis': 1}",53,True
44,86,"['BLAU3', 'BPAC11', 'BRBI11', 'CMIN3', 'ELMD3', 'FRAS3', 'JSLG3', 'PETR4', 'RDOR3', 'SIMH3', 'SUZB3', 'TAEE4', 'VBBR3', 'WEGE3']",4.391127754842061,0.16326530612244897,0.16553481742030102,0.049409320644373506,0.2864103341629884,"{'Financeiro e Outros': 3, 'Bens Industriais': 3, 'Saúde': 2, 'Petróleo, Gás e Biocombustíveis': 2, 'Materiais Básicos': 2, 'Utilidade Pública': 1, 'Comunicações': 1}",117,True
45,87,"['BMOB3', 'BPAC11', 'BRFS3', 'BRSR6', 'EUCA4', 'KLBN4', 'PNVL3', 'RECV3', 'SAPR3', 'SAPR4', 'SCAR3', 'SUZB3', 'TRIS3', 'WIZC3']",4.412864640682239,0.173469387755102,0.1295371694027166,0.20462725993217862,0.2604243022239102,"{'Financeiro e Outros': 4, 'Materiais Básicos': 3, 'Utilidade Pública': 2, 'Consumo não Cíclico': 1, 'Tecnologia da Informação': 1, 'Petróleo, Gás e Biocombustíveis': 1, 'Saúde': 1, 'Consumo Cíclico': 1}",74,True
46,88,"['ARML3', 'BBAS3', 'BRST3', 'CEAB3', 'CGRA4', 'ENGI11', 'FIQE3', 'GGBR3', 'LAVV3', 'MBRF3', 'PSSA3', 'SMTO3', 'TEND3', 'TGMA3']",4.366460290840164,0.17346938775510204,0.14211311989691996,0.22531222044336396,0.2505875339592746,"{'Consumo Cíclico': 4, 'Comunicações': 2, 'Consumo não Cíclico': 2, 'Bens Industriais': 2, 'Financeiro e Outros': 2, 'Utilidade Pública': 1, 'Materiais Básicos': 1}",103,True
47,89,"['ASAI3', 'BPAN4', 'BRKM5', 'FLRY3', 'FRAS3', 'JHSF3', 'LOGG3', 'MDIA3', 'MDNE3', 'MOVI3', 'PRIO3', 'SANB3', 'SAPR4', 'TAEE3']",4.478020621756858,0.1530612244897959,0.15277393481086668,0.09134699358670963,0.2325177582917295,"{'Consumo Cíclico': 3, 'Financeiro e Outros': 3, 'Utilidade Pública': 2, 'Consumo não Cíclico': 2, 'Bens Industriais': 1, 'Saúde': 1, 'Materiais Básicos': 1, 'Petróleo, Gás e Biocombustíveis': 1}",66,True
48,90,"['BPAN4', 'ELMD3', 'ENGI11', 'FIQE3', 'GMAT3', 'LAVV3', 'LOGN3', 'ONCO3', 'SAPR3', 'SEER3', 'SOJA3', 'VIVA3', 'YDUQ3', 'ZAMP3']",4.261191128474126,0.20408163265306123,0.23466770918766433,0.19855982072609263,0.32182405345698484,"{'Consumo Cíclico': 5, 'Comunicações': 2, 'Utilidade Pública': 2, 'Consumo não Cíclico': 2, 'Financeiro e Outros': 1, 'Bens Industriais': 1, 'Saúde': 1}",57,True
49,91,"['ABEV3', 'BAZA3', 'BMOB3', 'BRSR6', 'CVCB3', 'DEXP3', 'ENGI11', 'MRVE3', 'PCAR3', 'SLCE3', 'SULA11', 'TOTS3', 'VLID3', 'VULC3']",4.19367135440489,0.17346938775510204,0.15836307279671077,0.256295758289228,0.25491415809058193,"{'Consumo Cíclico': 3, 'Consumo não Cíclico': 3, 'Financeiro e Outros': 3, 'Tecnologia da Informação': 2, 'Utilidade Pública': 1, 'Materiais Básicos': 1, 'Bens Industriais': 1}",67,True
50,92,"['ASAI3', 'BBAS3', 'BBDC3', 'CLSC4', 'CXSE3', 'ECOR3', 'POMO4', 'RAPT4', 'SANB4', 'SLCE3', 'SOJA3', 'SULA11', 'VIVT3', 'VLID3']",4.123964503620144,0.2653061224489796,0.15836307279671077,0.11919411272987689,0.21414258607515554,"{'Financeiro e Outros': 5, 'Bens Industriais': 4, 'Consumo não Cíclico': 3, 'Utilidade Pública': 1, 'Comunicações': 1}",52,True
51,93,"['ABCB4', 'ABEV3', 'ALOS3', 'ARML3', 'ASAI3', 'BBAS3', 'CEAB3', 'COGN3', 'CSNA3', 'ENAT3', 'LOGN3', 'MELK3', 'MILS3', 'TAEE3']",4.555085488746772,0.17346938775510204,0.15369368163570496,0.1912757227844895,0.19744672121489412,"{'Bens Industriais': 3, 'Consumo Cíclico': 3, 'Financeiro e Outros': 3, 'Consumo não Cíclico': 2, 'Utilidade Pública': 1, 'Materiais Básicos': 1, 'Petróleo, Gás e Biocombustíveis': 1}",56,True
52,94,"['ABCB4', 'CXSE3', 'DXCO3', 'EVEN3', 'GRND3', 'INTB3', 'PCAR3', 'PLPL3', 'PSSA3', 'SANB11', 'SBFG3', 'SLCE3', 'TAEE11', 'TIMS3']",4.028526869028539,0.20408163265306123,-0.00863468861427924,0.019374150952483737,0.28255337802544483,"{'Financeiro e Outros': 4, 'Consumo Cíclico': 4, 'Consumo não Cíclico': 2, 'Utilidade Pública': 1, 'Tecnologia da Informação': 1, 'Comunicações': 1, 'Materiais Básicos': 1}",73,True
53,95,"['AZUL4', 'BRSR6', 'CMIG4', 'EVEN3', 'FLRY3', 'GGBR4', 'MDIA3', 'PETR4', 'POMO4', 'SLCE3', 'STBP3', 'TASA4', 'VIVA3', 'ZAMP3']",4.1894718761370235,0.173469387755102,-0.005081267192738482,0.051679856374793276,0.2266225714760042,"{'Bens Industriais': 4, 'Consumo Cíclico': 3, 'Consumo não Cíclico': 2, 'Utilidade Pública': 1, 'Saúde': 1, 'Materiais Básicos': 1, 'Petróleo, Gás e Biocombustíveis': 1, 'Financeiro e Outros': 1}",65,True
54,96,"['ALOS3', 'AMER3', 'BBDC4', 'CPLE3', 'ENGI11', 'GUAR3', 'IGTI11', 'JSLG3', 'LAVV3', 'PSSA3', 'QUAL3', 'RENT3', 'SBSP3', 'SHUL4']",4.4555227813800835,0.2346938775510204,-0.028052003563534104,-0.009014874586808254,0.32638370919752413,"{'Consumo Cíclico': 4, 'Financeiro e Outros': 4, 'Utilidade Pública': 3, 'Bens Industriais': 2, 'Saúde': 1}",56,True
55,97,"['BRAV3', 'CSMG3', 'CSUD3', 'CVCB3', 'CXSE3', 'EUCA4', 'ISAE4', 'JBSS3', 'JHSF3', 'MGLU3', 'PETR4', 'PLPL3', 'SIMH3', 'UNIP3']",4.370593238737174,0.17346938775510204,0.3272459207938136,0.22632492396464932,0.2236204419760501,"{'Consumo Cíclico': 4, 'Materiais Básicos': 2, 'Financeiro e Outros': 2, 'Utilidade Pública': 2, 'Petróleo, Gás e Biocombustíveis': 2, 'Bens Industriais': 1, 'Consumo não Cíclico': 1}",77,True
56,98,"['ALOS3', 'ANIM3', 'B3SA3', 'CBAV3', 'COCE5', 'ELMD3', 'GGBR4', 'IGTI11', 'JHSF3', 'MOVI3', 'PINE4', 'PORT3', 'SBFG3', 'TAEE3']",4.515042446551629,0.21428571428571427,0.04510309584053433,0.10875934263121051,0.17454219262753828,"{'Consumo Cíclico': 4, 'Financeiro e Outros': 4, 'Utilidade Pública': 2, 'Materiais Básicos': 2, 'Comunicações': 1, 'Bens Industriais': 1}",58,True
57,99,"['ARML3', 'B3SA3', 'CEAB3', 'CPLE5', 'CXSE3', 'DEXP3', 'EQTL3', 'MILS3', 'PFRM3', 'SAPR11', 'SCAR3', 'UNIP6', 'VIVT3', 'VLID3']",3.92612846766888,0.17346938775510204,0.2545028864083736,0.1910031320415644,0.2832915568261891,"{'Bens Industriais': 3, 'Financeiro e Outros': 3, 'Utilidade Pública': 3, 'Materiais Básicos': 2, 'Consumo Cíclico': 1, 'Saúde': 1, 'Comunicações': 1}",56,True
58,100,"['AESB3', 'ASAI3', 'AZZA3', 'EMBJ3', 'GGBR4', 'LAVV3', 'MBRF3', 'MDIA3', 'PETR3', 'POMO3', 'PSSA3', 'TTEN3', 'VAMO3', 'ZAMP3']",4.22724070256503,0.19387755102040816,-0.028052003563534104,0.1226237043820889,0.3183753175844727,"{'Consumo não Cíclico': 4, 'Consumo Cíclico': 3, 'Bens Industriais': 3, 'Financeiro e Outros': 1, 'Materiais Básicos': 1, 'Petróleo, Gás e Biocombustíveis': 1, 'Utilidade Pública': 1}",133,True
59,101,"['AURE3', 'BRFS3', 'CLSC4', 'JHSF3', 'LWSA3', 'PETR3', 'PFRM3', 'PRIO3', 'RADL3', 'SULA11', 'TRIS3', 'UNIP3', 'VULC3', 'WIZC3']",4.134195517838705,0.14285714285714285,0.11259482883264621,0.17353701560734391,0.37284835272860994,"{'Consumo Cíclico': 3, 'Saúde': 2, 'Utilidade Pública': 2, 'Financeiro e Outros': 2, 'Petróleo, Gás e Biocombustíveis': 2, 'Consumo não Cíclico': 1, 'Materiais Básicos': 1, 'Tecnologia da Informação': 1}",53,True
60,102,"['ABCB4', 'ABEV3', 'ARML3', 'CGRA4', 'DASA3', 'FIQE3', 'GMAT3', 'JALL3', 'KLBN3', 'NEOE3', 'ODPV3', 'RECV3', 'VITT3', 'WIZC3']",4.182571180346701,0.13265306122448978,0.11466606444919189,0.18178557856233168,0.2374206289370096,"{'Consumo não Cíclico': 3, 'Saúde': 2, 'Financeiro e Outros': 2, 'Materiais Básicos': 2, 'Comunicações': 1, 'Petróleo, Gás e Biocombustíveis': 1, 'Bens Industriais': 1, 'Utilidade Pública': 1, 'Consumo Cíclico': 1}",53,True
61,103,"['AZZA3', 'BBDC4', 'FIQE3', 'GUAR3', 'IGTI11', 'ITUB3', 'MYPK3', 'PORT3', 'PRIO3', 'SUZB3', 'SYNE3', 'UNIP3', 'VLID3', 'WEGE3']",4.236357378212003,0.2040816326530612,0.1346703687330792,0.12833302605389976,0.2644661040497806,"{'Financeiro e Outros': 4, 'Consumo Cíclico': 3, 'Bens Industriais': 3, 'Materiais Básicos': 2, 'Comunicações': 1, 'Petróleo, Gás e Biocombustíveis': 1}",66,True
62,104,"['ALPA4', 'BLAU3', 'CSAN3', 'DESK3', 'ECOR3', 'FESA4', 'FRAS3', 'GOAU4', 'GRND3', 'GUAR3', 'MATD3', 'PFRM3', 'SLCE3', 'SOMA3']",4.73173994901707,0.18367346938775508,0.1399331145441579,0.05559940145020233,0.23463252850467978,"{'Consumo Cíclico': 4, 'Saúde': 3, 'Bens Industriais': 2, 'Materiais Básicos': 2, 'Consumo não Cíclico': 1, 'Comunicações': 1, 'Petróleo, Gás e Biocombustíveis': 1}",71,True
63,105,"['ASAI3', 'BIOM3', 'BRAV3', 'CEAB3', 'CYRE3', 'DXCO3', 'EVEN3', 'FESA4', 'GRND3', 'LAVV3', 'QUAL3', 'SLCE3', 'SYNE3', 'VIVA3']",4.424277175111169,0.2551020408163265,0.1662682781477125,0.07691386075717903,0.37334555228922195,"{'Consumo Cíclico': 6, 'Consumo não Cíclico': 2, 'Materiais Básicos': 2, 'Saúde': 2, 'Financeiro e Outros': 1, 'Petróleo, Gás e Biocombustíveis': 1}",52,True
64,106,"['BAZA3', 'BBDC4', 'BEEF3', 'CMIG3', 'CXSE3', 'DEXP3', 'LEVE3', 'POMO3', 'PSSA3', 'RAIL3', 'SAPR3', 'TUPY3', 'UGPA3', 'UNIP3']",4.383178192255739,0.18367346938775508,0.10883298784531978,0.0859999414016972,0.32049550581033015,"{'Financeiro e Outros': 4, 'Bens Industriais': 3, 'Materiais Básicos': 2, 'Utilidade Pública': 2, 'Petróleo, Gás e Biocombustíveis': 1, 'Consumo não Cíclico': 1, 'Consumo Cíclico': 1}",78,True
65,107,"['ALLD3', 'AMER3', 'BRFS3', 'CEBR6', 'KLBN11', 'MBRF3', 'OPCT3', 'SOJA3', 'SOMA3', 'TAEE11', 'TRIS3', 'TTEN3', 'UGPA3', 'WIZC3']",4.187208652149078,0.20408163265306123,0.1777353395914263,0.2396957562972693,0.23150579349072867,"{'Consumo não Cíclico': 4, 'Consumo Cíclico': 4, 'Utilidade Pública': 2, 'Petróleo, Gás e Biocombustíveis': 1, 'Financeiro e Outros': 1, 'Materiais Básicos': 1, 'Bens Industriais': 1}",63,True
66,108,"['AZZA3', 'CPFE3', 'CXSE3', 'GUAR3', 'IGTI11', 'ITSA4', 'ODPV3', 'PSSA3', 'ROMI3', 'SLCE3', 'TAEE11', 'TTEN3', 'UNIP6', 'VTRU3']",4.403204606698259,0.18367346938775508,0.15836307279671077,0.10791861353458294,0.3116500678538807,"{'Financeiro e Outros': 4, 'Consumo Cíclico': 3, 'Consumo não Cíclico': 2, 'Utilidade Pública': 2, 'Materiais Básicos': 1, 'Saúde': 1, 'Bens Industriais': 1}",52,True
67,109,"['ALPA4', 'ASAI3', 'BRFS3', 'COGN3', 'CXSE3', 'EGIE3', 'JHSF3', 'KLBN4', 'MILS3', 'MULT3', 'PETR3', 'SAPR3', 'TRIS3', 'UNIP6']",4.095478498717803,0.17346938775510204,0.07547663862969348,0.13335663880275278,0.3112937623744093,"{'Consumo Cíclico': 4, 'Consumo não Cíclico': 2, 'Materiais Básicos': 2, 'Financeiro e Outros': 2, 'Utilidade Pública': 2, 'Bens Industriais': 1, 'Petróleo, Gás e Biocombustíveis': 1}",95,True
68,110,"['CMIG3', 'MGLU3', 'MILS3', 'MTSA4', 'PLPL3', 'POMO3', 'RANI3', 'RECV3', 'SIMH3', 'SULA11', 'TAEE3', 'TGMA3', 'TRIS3', 'VIVA3']",4.502633614903988,0.21428571428571427,0.3035307731046104,0.25767871933640724,0.20367471908360527,"{'Bens Industriais': 4, 'Consumo Cíclico': 4, 'Utilidade Pública': 2, 'Financeiro e Outros': 2, 'Petróleo, Gás e Biocombustíveis': 1, 'Materiais Básicos': 1}",51,True
69,111,"['ALUP11', 'B3SA3', 'BMGB4', 'EUCA4', 'GGBR4', 'JHSF3', 'KLBN3', 'LAVV3', 'LWSA3', 'MBRF3', 'MTSA4', 'OPCT3', 'RECV3', 'TRIS3']",4.905299570181128,0.1530612244897959,-0.05300017227677574,0.09724651136836175,0.33541100507327265,"{'Consumo Cíclico': 3, 'Materiais Básicos': 3, 'Bens Industriais': 2, 'Financeiro e Outros': 2, 'Petróleo, Gás e Biocombustíveis': 1, 'Consumo não Cíclico': 1, 'Utilidade Pública': 1, 'Tecnologia da Informação': 1}",73,True
70,112,"['AMER3', 'BAZA3', 'CEAB3', 'CSNA3', 'CYRE3', 'FIQE3', 'GGBR4', 'JHSF3', 'PFRM3', 'PSSA3', 'RECV3', 'SBSP3', 'TAEE11', 'UNIP6']",4.558920779059956,0.18367346938775508,0.38937427027063,0.30743043430798206,0.24807633264652124,"{'Consumo Cíclico': 4, 'Materiais Básicos': 3, 'Utilidade Pública': 2, 'Financeiro e Outros': 2, 'Comunicações': 1, 'Petróleo, Gás e Biocombustíveis': 1, 'Saúde': 1}",155,True
71,113,"['AZZA3', 'BBDC3', 'BRKM5', 'CVCB3', 'CXSE3', 'GGBR4', 'LIGT3', 'MULT3', 'PCAR3', 'PFRM3', 'SLCE3', 'TGMA3', 'USIM5', 'VVEO3']",4.674605917318371,0.16326530612244897,0.18858153620927154,0.19512210917422182,0.16166572852356262,"{'Financeiro e Outros': 3, 'Materiais Básicos': 3, 'Saúde': 2, 'Consumo Cíclico': 2, 'Consumo não Cíclico': 2, 'Bens Industriais': 1, 'Utilidade Pública': 1}",68,True
72,114,"['ABCB4', 'ALLD3', 'BAZA3', 'BRFS3', 'CRFB3', 'CXSE3', 'KLBN4', 'MDNE3', 'PINE4', 'SLCE3', 'SOMA3', 'TAEE3', 'UNIP6', 'VIVT3']",4.440758648508277,0.2040816326530612,0.15602837721620788,0.20121525310508961,0.278436038936935,"{'Financeiro e Outros': 4, 'Consumo não Cíclico': 3, 'Consumo Cíclico': 3, 'Materiais Básicos': 2, 'Utilidade Pública': 1, 'Comunicações': 1}",85,True
73,115,"['ABEV3', 'CAML3', 'EMBJ3', 'GOAU3', 'GOAU4', 'MELK3', 'SAPR3', 'SBSP3', 'SIMH3', 'SYNE3', 'USIM5', 'VAMO3', 'VIVT3', 'VULC3']",4.40555530006534,0.1530612244897959,0.0018033303896245788,0.07052788428612765,0.24741894004852705,"{'Materiais Básicos': 3, 'Consumo Cíclico': 2, 'Financeiro e Outros': 2, 'Utilidade Pública': 2, 'Consumo não Cíclico': 2, 'Bens Industriais': 2, 'Comunicações': 1}",59,True
74,116,"['AZUL4', 'BHIA3', 'EMAE4', 'EVEN3', 'ITSA4', 'ITUB3', 'JHSF3', 'MDIA3', 'MYPK3', 'PRIO3', 'PSSA3', 'SAPR11', 'SUZB3', 'TAEE4']",4.365658338688565,0.19387755102040816,-0.028052003563534104,0.04165099887898891,0.22584956282137017,"{'Consumo Cíclico': 4, 'Utilidade Pública': 3, 'Financeiro e Outros': 3, 'Consumo não Cíclico': 1, 'Bens Industriais': 1, 'Materiais Básicos': 1, 'Petróleo, Gás e Biocombustíveis': 1}",64,True
75,117,"['ALOS3', 'BMOB3', 'BRST3', 'CMIG3', 'ITSA3', 'LOGG3', 'MDIA3', 'MULT3', 'SANB11', 'SYNE3', 'TKNO4', 'TUPY3', 'VAMO3', 'VIVA3']",4.290728752927601,0.2346938775510204,0.11081929313898353,0.11200066960713911,0.19975726473388744,"{'Financeiro e Outros': 6, 'Bens Industriais': 2, 'Tecnologia da Informação': 1, 'Consumo Cíclico': 1, 'Materiais Básicos': 1, 'Comunicações': 1, 'Utilidade Pública': 1, 'Consumo não Cíclico': 1}",52,True
76,118,"['AZUL4', 'BRAV3', 'CLSC4', 'CYRE3', 'GRND3', 'ITUB4', 'JBSS3', 'POMO4', 'RAIL3', 'SBSP3', 'SHUL4', 'SMTO3', 'TUPY3', 'UNIP6']",4.2960229675996455,0.20408163265306123,0.02835304388987349,0.057124531886958034,0.2909317889584119,"{'Bens Industriais': 5, 'Consumo Cíclico': 2, 'Utilidade Pública': 2, 'Consumo não Cíclico': 2, 'Materiais Básicos': 1, 'Financeiro e Outros': 1, 'Petróleo, Gás e Biocombustíveis': 1}",66,True
77,119,"['AESB3', 'BBDC3', 'BRFS3', 'CURY3', 'GGBR3', 'ISAE4', 'JALL3', 'MDNE3', 'NTCO3', 'PETR4', 'PGMN3', 'TAEE4', 'UNIP3', 'VIVA3']",4.28245906006578,0.17346938775510204,0.28868805301262784,0.27921956505471257,0.2342057578997725,"{'Consumo não Cíclico': 3, 'Utilidade Pública': 3, 'Consumo Cíclico': 3, 'Materiais Básicos': 2, 'Financeiro e Outros': 1, 'Saúde': 1, 'Petróleo, Gás e Biocombustíveis': 1}",54,True
78,120,"['BBDC4', 'BHIA3', 'BMOB3', 'BRSR6', 'BRST3', 'CAML3', 'CSAN3', 'MDIA3', 'PORT3', 'SMTO3', 'TEND3', 'TUPY3', 'VAMO3', 'VIVT3']",4.571665211559907,0.16326530612244897,-0.0469453022203189,0.011952291636171543,0.23916647395321186,"{'Bens Industriais': 3, 'Consumo não Cíclico': 3, 'Financeiro e Outros': 2, 'Comunicações': 2, 'Consumo Cíclico': 2, 'Tecnologia da Informação': 1, 'Petróleo, Gás e Biocombustíveis': 1}",82,True
79,121,"['ALOS3', 'CXSE3', 'DIRR3', 'FIQE3', 'ITUB4', 'JHSF3', 'LOGG3', 'MBRF3', 'MULT3', 'SANB4', 'TAEE11', 'TUPY3', 'UGPA3', 'UNIP3']",4.569755597300681,0.2346938775510204,0.24424601979854915,0.2343409461865953,0.22361734596248992,"{'Financeiro e Outros': 6, 'Consumo Cíclico': 2, 'Comunicações': 1, 'Materiais Básicos': 1, 'Consumo não Cíclico': 1, 'Utilidade Pública': 1, 'Petróleo, Gás e Biocombustíveis': 1, 'Bens Industriais': 1}",51,True
80,122,"['ALLD3', 'BPAN4', 'COCE5', 'GGBR4', 'LREN3', 'MGLU3', 'MYPK3', 'POMO3', 'RANI3', 'SCAR3', 'SUZB3', 'TOTS3', 'USIM3', 'WIZC3']",4.622139010753947,0.22448979591836735,0.11595214329074288,0.08992695294925758,0.24486320823047844,"{'Materiais Básicos': 4, 'Consumo Cíclico': 4, 'Financeiro e Outros': 3, 'Bens Industriais': 1, 'Tecnologia da Informação': 1, 'Utilidade Pública': 1}",95,True
81,123,"['ALPA4', 'AMER3', 'BMGB4', 'BRST3', 'EGIE3', 'GUAR3', 'PETR3', 'SHUL4', 'SYNE3', 'TKNO4', 'UNIP3', 'VALE3', 'VIVA3', 'YDUQ3']",4.63694271822947,0.2142857142857143,-0.09660552511801193,-0.018601136519153218,0.2599513129974045,"{'Consumo Cíclico': 5, 'Materiais Básicos': 3, 'Financeiro e Outros': 2, 'Comunicações': 1, 'Bens Industriais': 1, 'Petróleo, Gás e Biocombustíveis': 1, 'Utilidade Pública': 1}",97,True
82,124,"['ABCB4', 'ANIM3', 'BAZA3', 'CMIG3', 'CMIN3', 'GGBR3', 'HYPE3', 'ITSA3', 'MILS3', 'MRVE3', 'POMO4', 'TTEN3', 'UGPA3', 'WEGE3']",4.705850501595794,0.1530612244897959,0.159614249528003,0.1320012102893299,0.25682992432815505,"{'Bens Industriais': 3, 'Financeiro e Outros': 3, 'Consumo Cíclico': 2, 'Materiais Básicos': 2, 'Consumo não Cíclico': 1, 'Petróleo, Gás e Biocombustíveis': 1, 'Utilidade Pública': 1, 'Saúde': 1}",170,True
83,125,"['AESB3', 'CBAV3', 'CYRE3', 'ENGI11', 'FRAS3', 'INTB3', 'JBSS3', 'POMO3', 'SIMH3', 'TEND3', 'UNIP3', 'USIM3', 'VITT3', 'VVEO3']",4.80476727257356,0.16326530612244897,0.21415234215494533,0.20432897030886926,0.24357675013426386,"{'Materiais Básicos': 4, 'Utilidade Pública': 2, 'Bens Industriais': 2, 'Consumo Cíclico': 2, 'Financeiro e Outros': 1, 'Consumo não Cíclico': 1, 'Tecnologia da Informação': 1, 'Saúde': 1}",63,True
84,126,"['BBDC4', 'BRKM5', 'CMIG3', 'CMIG4', 'EGIE3', 'EMAE4', 'EVEN3', 'FRAS3', 'GGBR3', 'ISAE4', 'MBRF3', 'NEOE3', 'UGPA3', 'UNIP3']",4.480763211309911,0.25510204081632654,0.12668689342705255,0.15185664773665022,0.2157999850964138,"{'Utilidade Pública': 6, 'Materiais Básicos': 3, 'Consumo não Cíclico': 1, 'Financeiro e Outros': 1, 'Bens Industriais': 1, 'Petróleo, Gás e Biocombustíveis': 1, 'Consumo Cíclico': 1}",88,True
85,127,"['AESB3', 'BRST3', 'CGRA4', 'DIRR3', 'EZTC3', 'FRAS3', 'GGPS3', 'INTB3', 'ISAE4', 'ITSA4', 'MBRF3', 'MOTV3', 'RANI3', 'SYNE3']",4.2885249974543544,0.1530612244897959,0.1800353298490467,0.1488059259356733,0.22571103234245304,"{'Consumo Cíclico': 3, 'Bens Industriais': 3, 'Utilidade Pública': 2, 'Financeiro e Outros': 2, 'Materiais Básicos': 1, 'Consumo não Cíclico': 1, 'Comunicações': 1, 'Tecnologia da Informação': 1}",63,True
86,128,"['AZZA3', 'BBDC3', 'CMIN3', 'CSAN3', 'CSNA3', 'KLBN11', 'POMO4', 'RANI3', 'SAPR4', 'TAEE11', 'TAEE3', 'TOTS3', 'VIVT3', 'VTRU3']",4.643653410777968,0.173469387755102,0.21879999962183233,0.15805075548249253,0.2825312354623861,"{'Materiais Básicos': 4, 'Utilidade Pública': 3, 'Consumo Cíclico': 2, 'Bens Industriais': 1, 'Financeiro e Outros': 1, 'Tecnologia da Informação': 1, 'Comunicações': 1, 'Petróleo, Gás e Biocombustíveis': 1}",54,True
87,129,"['BBAS3', 'BRFS3', 'CMIG3', 'CMIG4', 'CXSE3', 'FLRY3', 'LOGN3', 'RAPT4', 'RECV3', 'SIMH3', 'STBP3', 'SULA11', 'TGMA3', 'VIVA3']",4.113643146853071,0.20408163265306123,0.2022524588123556,0.2234944704958257,0.2878900983281734,"{'Bens Industriais': 4, 'Financeiro e Outros': 4, 'Utilidade Pública': 2, 'Consumo não Cíclico': 1, 'Petróleo, Gás e Biocombustíveis': 1, 'Consumo Cíclico': 1, 'Saúde': 1}",52,True
88,130,"['BLAU3', 'BMGB4', 'CBAV3', 'CEAB3', 'CSED3', 'CVCB3', 'GGBR4', 'ITSA4', 'MDNE3', 'SANB3', 'TAEE11', 'TEND3', 'TGMA3', 'UNIP3']",4.824348465513352,0.23469387755102042,0.10696279458257536,0.15526980086583628,0.21898725144428247,"{'Consumo Cíclico': 5, 'Materiais Básicos': 3, 'Financeiro e Outros': 3, 'Utilidade Pública': 1, 'Saúde': 1, 'Bens Industriais': 1}",113,True
89,131,"['BIOM3', 'CBAV3', 'CEBR6', 'CURY3', 'DIRR3', 'FESA4', 'GMAT3', 'MGLU3', 'MYPK3', 'PINE4', 'RANI3', 'ROMI3', 'UNIP6', 'YDUQ3']",4.333876065328819,0.23469387755102045,0.18028031979658862,0.1429490034081822,0.26871756552374554,"{'Consumo Cíclico': 5, 'Materiais Básicos': 4, 'Consumo não Cíclico': 1, 'Utilidade Pública': 1, 'Financeiro e Outros': 1, 'Bens Industriais': 1, 'Saúde': 1}",53,True
90,132,"['ABCB4', 'ASAI3', 'BBDC4', 'BMOB3', 'BRFS3', 'CGRA4', 'CRFB3', 'CXSE3', 'JALL3', 'KEPL3', 'PCAR3', 'PFRM3', 'PNVL3', 'TAEE11']",4.1959670427278715,0.2142857142857143,0.21350352856325683,0.24155494973917138,0.2648639297175377,"{'Consumo não Cíclico': 5, 'Financeiro e Outros': 3, 'Saúde': 2, 'Tecnologia da Informação': 1, 'Utilidade Pública': 1, 'Consumo Cíclico': 1, 'Bens Industriais': 1}",74,True
91,133,"['AURE3', 'BAZA3', 'CLSC4', 'DXCO3', 'EMBJ3', 'EVEN3', 'GOAU4', 'GRND3', 'JBSS3', 'KLBN3', 'MOTV3', 'PSSA3', 'SHUL4', 'UGPA3']",4.2480309352090275,0.16326530612244897,-0.028052003563534104,-0.05070447985367939,0.2147990437666512,"{'Bens Industriais': 3, 'Materiais Básicos': 3, 'Consumo Cíclico': 2, 'Utilidade Pública': 2, 'Financeiro e Outros': 2, 'Petróleo, Gás e Biocombustíveis': 1, 'Consumo não Cíclico': 1}",91,True
92,134,"['ALUP11', 'AMER3', 'BMOB3', 'BRAV3', 'BRST3', 'ENAT3', 'GOAU4', 'JSLG3', 'KLBN3', 'MULT3', 'MYPK3', 'RECV3', 'SANB3', 'SCAR3']",4.372233878851265,0.1530612244897959,-0.012492523495689689,0.07744328061973134,0.26410933761472943,"{'Petróleo, Gás e Biocombustíveis': 3, 'Financeiro e Outros': 3, 'Materiais Básicos': 2, 'Consumo Cíclico': 2, 'Tecnologia da Informação': 1, 'Comunicações': 1, 'Utilidade Pública': 1, 'Bens Industriais': 1}",130,True
93,135,"['ABCB4', 'AMER3', 'CXSE3', 'ECOR3', 'HYPE3', 'KEPL3', 'MDNE3', 'MGLU3', 'MYPK3', 'NTCO3', 'PETR3', 'PFRM3', 'PNVL3', 'PSSA3']",4.538929558104466,0.2040816326530612,0.14174038544823475,0.13070362101182315,0.1997933117748595,"{'Consumo Cíclico': 4, 'Saúde': 3, 'Financeiro e Outros': 3, 'Bens Industriais': 2, 'Petróleo, Gás e Biocombustíveis': 1, 'Consumo não Cíclico': 1}",75,True
94,136,"['ARML3', 'BAZA3', 'BBDC3', 'BRST3', 'CRFB3', 'CSUD3', 'ECOR3', 'EMAE4', 'FIQE3', 'ISAE4', 'ONCO3', 'PGMN3', 'SIMH3', 'VTRU3']",3.9278627957332923,0.16326530612244897,0.2631959480462016,0.24930457973353662,0.20389136616555661,"{'Bens Industriais': 3, 'Financeiro e Outros': 3, 'Comunicações': 2, 'Utilidade Pública': 2, 'Saúde': 2, 'Consumo não Cíclico': 1, 'Consumo Cíclico': 1}",53,True
95,137,"['ARML3', 'CSNA3', 'EMBJ3', 'FIQE3', 'FRAS3', 'JALL3', 'JHSF3', 'JSLG3', 'MYPK3', 'PFRM3', 'RENT3', 'SHUL4', 'TRIS3', 'VIVT3']",4.570444583021011,0.2448979591836735,0.050039039207435104,0.10521727022219435,0.28079185529570566,"{'Bens Industriais': 5, 'Consumo Cíclico': 4, 'Comunicações': 2, 'Saúde': 1, 'Consumo não Cíclico': 1, 'Materiais Básicos': 1}",94,True
96,138,"['AESB3', 'CEAB3', 'COCE5', 'ELMD3', 'GRND3', 'GUAR3', 'MGLU3', 'PFRM3', 'POMO4', 'SMFT3', 'VULC3', 'WEGE3', 'WIZC3', 'ZAMP3']",5.328932776641331,0.3061224489795919,0.3035307731046104,0.22445294473277083,0.2659127754470783,"{'Consumo Cíclico': 7, 'Bens Industriais': 2, 'Utilidade Pública': 2, 'Saúde': 1, 'Comunicações': 1, 'Financeiro e Outros': 1}",110,True
97,139,"['AMAR3', 'AZUL4', 'BRST3', 'CBAV3', 'CPLE6', 'CYRE3', 'ENGI11', 'EVEN3', 'JHSF3', 'LOGN3', 'MOVI3', 'SOJA3', 'UGPA3', 'VVEO3']",4.202852096347903,0.19387755102040816,0.1777353395914263,0.14553649394335752,0.24395633810925763,"{'Consumo Cíclico': 5, 'Utilidade Pública': 2, 'Bens Industriais': 2, 'Consumo não Cíclico': 1, 'Petróleo, Gás e Biocombustíveis': 1, 'Comunicações': 1, 'Materiais Básicos': 1, 'Saúde': 1}",51,True
98,140,"['AESB3', 'AMAR3', 'BHIA3', 'BPAN4', 'CSNA3', 'FLRY3', 'KLBN4', 'NATU3', 'PFRM3', 'PNVL3', 'POMO3', 'RAIL3', 'RDOR3', 'TGMA3']",4.91870153829279,0.18367346938775508,0.0831643395352962,0.04793606782140439,0.3384238723425299,"{'Saúde': 4, 'Bens Industriais': 3, 'Materiais Básicos': 2, 'Consumo Cíclico': 2, 'Financeiro e Outros': 1, 'Consumo não Cíclico': 1, 'Utilidade Pública': 1}",80,True
99,141,"['AMER3', 'ARML3', 'BIOM3', 'CSUD3', 'JBSS3', 'KEPL3', 'PCAR3', 'POMO3', 'POMO4', 'STBP3', 'TAEE3', 'TGMA3', 'TTEN3', 'WEGE3']",4.186608691868464,0.3877551020408163,0.3919835347587492,0.2746043791510618,0.18024433395578496,"{'Bens Industriais': 8, 'Consumo não Cíclico': 3, 'Utilidade Pública': 1, 'Consumo Cíclico': 1, 'Saúde': 1}",51,True
