TICKER,DY,P/L,P/VP,P/ATIVOS,MARGEM BRUTA,MARGEM EBIT,MARG. LIQUIDA,P/EBIT,EV/EBIT,DIVIDA LIQUIDA / EBIT,DIV. LIQ. / PATRI.,PSR,P/CAP. GIRO,P. AT CIR. LIQ.,LIQ. CORRENTE,ROE,ROA,ROIC,PATRIMONIO / ATIVOS,PASSIVOS / ATIVOS,GIRO ATIVOS,CAGR RECEITAS 5 ANOS,CAGR LUCROS 5 ANOS,VPA,LPA,PEG RATIO,SETOR,IN_IBOV
ALPA4,-0.39254856063634347,-1.7781501639478228,-0.08398614289970097,-1.3723190510165058,0.12715438682013305,-0.4520572473351775,-0.48123557854442134,1.9968243716503085,0.8665038759993559,0.09607879248497403,-0.6542418767847948,-0.7535293157203523,0.4325227353974423,-0.7559996026804966,-0.04721527601162944,-0.5525078539190429,-0.2811522840044495,-0.1497153861616597,1.3989826696874763,-1.3551266730473275,0.35933127151059335,-1.3173967021001574,-0.5376509407289424,-0.724424413431351,-0.8691651213837613,-0.1165726054607046,Consumo Cíclico,False
AZZA3,-0.6952956314650328,0.567200656236839,0.7963614193226474,0.7776793726223403,0.627814830737998,-0.6169508093707502,-0.6302977747877513,0.26326862445518334,0.3963507674007751,-0.4530027112107583,-0.2753422572811766,1.0831069919598355,-0.665149132903515,0.7331043355729893,-0.3994804539148592,-0.5343127661526774,-0.4587385452095873,-0.9479789194414654,0.6006284735561415,-0.5432954770527892,0.5792458581803436,1.5701767791032866,0.09033000706367521,3.355581141461509,1.311154615051233,-0.07424142330045726,Consumo Cíclico,True
CEAB3,-0.4247154369118917,0.40915412925681743,0.43502473333586256,0.48258154976994966,0.6712853483236808,-0.24894332323837925,-0.612102389330819,-0.21226850563134553,-0.0820230105825344,-0.037108025345112074,-0.5415960439593948,0.9824693860595511,-0.18130692779717197,0.5284407611210883,-0.6812925962374429,-0.20735255265404942,-0.2904989293310358,0.5766548475370454,-0.1445021094997714,0.2144136392087795,1.0557274626314688,-0.8673957051688149,3.924370385004297,-0.04574059805062317,-0.0462702531163603,-0.07299638853103821,Consumo Cíclico,False
COGN3,-1.045346932110705,0.7908514019632849,0.8317724145493521,0.8409146203764241,1.6808506446670408,0.29269380768641606,0.2640754026722283,-0.16471479262269273,0.17703478918688859,-0.43792495824886174,-0.15245589419892203,0.3786437506578456,0.0497818865819768,0.8954237222072554,-0.4628881859374404,-0.4565701184236613,-0.34346325284835755,-0.33481997358886106,0.6006284735561415,-0.7597837959846663,-1.1800708351776572,-1.5610009984890545,0.20653622439877728,-0.6587876808026539,-0.7566324898258262,-0.09540701438058093,Consumo Cíclico,True
CURY3,1.0890199172315547,-0.2692531327800683,-3.4777916928461234,-2.458911391590844,-0.505416593219804,0.3199940663015771,0.14440575216701995,0.5664235448853454,0.2697657061498071,0.020690027675491333,-0.8811720272766915,-1.0680218341587406,1.0463523985920562,-2.23804617629771,-0.3290274183342132,2.4364488364284482,1.1956176775961687,1.8389276526304574,-0.9428563056311067,0.8097565162714407,1.0190750315198438,1.0098893124410069,0.18295507243498144,-0.9607166508946604,0.7344248783168151,-0.05058576268149552,Consumo Cíclico,False
CYRE3,0.8903421520002276,0.5642186462938199,0.42845497540883015,0.44042471793389393,-1.0255638208829756,0.41827499731615675,0.394942213458626,0.024014005880398478,0.143180644898839,-0.22055401971485333,-0.23438013625375842,-0.13712397958111117,-0.7987473537164606,0.3237771866691874,0.7348134189335405,-0.06951097866643224,-0.0770838610406511,0.05109003680624173,-0.03805488334892692,-0.11031883918903544,-0.9601562485079072,-0.2612226270126418,0.0563391573861316,2.015252806490465,2.0066062780792726,-0.06677121468394302,Consumo Cíclico,True
DIRR3,1.62261162956712,-0.13804469528721997,-1.1220078953708281,-0.0022220163446919215,-0.5586305026781401,0.32927615423073175,0.24378054966257312,0.5619653842907842,0.31318732599752286,-0.05721169596097413,-0.46991233216141304,-1.0680218341587406,-0.4737787084957823,0.24614617567019045,1.0307161683722537,0.6803471838262053,-0.2609012191301795,0.49897702959884493,-1.2089743710082184,1.1886110744022256,-1.033461110731157,-0.02615949444743258,0.385625513637335,-0.9344619578431815,-0.229135779398005,-0.05556590175917167,Consumo Cíclico,True
EZTC3,0.6746348640347863,0.4598482982881451,0.6781057766360632,0.2507189746716429,-0.40273623271569114,0.5880826059024584,1.227731009372066,0.4757742794626009,0.28006914136790906,-0.07354592833636205,-0.5313555137025403,-1.4202534548097359,-0.6254307429320988,0.4437523854858189,2.2495536839174286,-0.4471968913925033,-0.005426246870156973,-0.28523838767086074,1.6118771219891659,-1.6257370717121735,-1.3633329907357823,-0.34172369980894635,-0.3736450910347946,0.8469189656996567,0.10846211527580056,-0.07673149283929534,Consumo Cíclico,False
GRND3,0.7919493539809036,0.5642186462938199,0.40874570162773277,-0.7821234053117245,0.06119911875909675,3.503533188945585e-05,0.7833437107123731,0.7209731121634674,0.2153046914255534,0.24559984269044807,-0.8180903608944676,-0.602572906869926,-0.46294642032175976,-0.7842290612255864,2.4719739172455277,-0.04359676275676008,1.2844108081987373,-0.043941336203258984,2.3085742171464445,-2.292521094022354,-0.007193039605656736,-1.0895786660866156,-0.5045098622933374,-0.9617274565771423,-0.6933328845744876,-0.01447975436834338,Consumo Cíclico,False
GUAR3,-1.1612233734703856,-0.23794202837836576,0.5664198918765115,0.630130461196145,1.0475301729445916,-0.4531492576797839,-0.772361745855338,0.058193237105367675,0.11521417787827631,-0.1451652549053706,-0.4084691506202857,0.9698896853220156,-0.538772437539918,0.4014081976681842,-0.6883378997955075,-0.5938603261153279,-0.707982420585219,-0.02328234207075883,-0.09127849642434932,0.16029155947581025,0.5425934270687186,-1.1370742990364353,-0.7964062838992428,-0.09299904554328522,-0.63706656879552,-0.08046659714755246,Consumo Cíclico,False
JHSF3,-0.4814805126922709,0.9459159190002873,0.6386872290738684,0.7355225407862844,1.1666993504639633,3.324442127417279,3.0305787880211463,-0.38019255469315105,-0.027561995858280695,-0.27206967566799983,0.011392589910750735,-1.7724850754607304,-0.6579276074541666,0.7825058880268962,0.23459686631095428,0.10251530567011406,0.07246246418472796,0.25520089883534325,-0.1445021094997714,0.052047400009871736,-1.6737790822512462,0.1557729300722158,0.0070524253536934055,-0.3397931602271861,0.08032895738631673,-0.08918184053348573,Consumo Cíclico,False
LAVV3,1.0814512404608376,0.48221337286078964,-0.1234046904618957,-0.17084934368891527,-0.801465807811955,0.6000947196931294,0.592292163414584,0.09385852186185736,0.07620831598117568,-0.04841634006653449,-0.5108744531888312,-0.5396744031822482,-0.7193105737736281,-1.2923593150372026,0.7418587224916052,0.5028072365301542,0.45100159991146865,0.5898766037818456,-0.2509493356506162,-0.056196759456066184,-0.5936319373916569,2.415043588207782,0.5489940349000287,-0.5156996036720943,0.2913276415574454,-0.07050631899220014,Consumo Cíclico,False
LEVE3,0.2621419800306972,0.40020809942775953,-2.1928784374771175,-0.9718291485739753,-1.4640164551523631,-0.042007362935458537,-0.31537764187930767,-0.04880261716410128,0.07032063871368878,-0.15898652845377578,0.5029380422397689,0.5547595609833431,1.4976977391763313,-1.1018104698578466,-0.8151533638406702,2.5897121257138,1.0928045790037206,1.0989142192066492,-1.1025271448573737,1.1886110744022256,2.491769713584936,-0.47374545919488587,-0.29907766455468343,-0.702107924337594,1.7683184307553448,-2.8496978319847672,Consumo Cíclico,False
LREN3,-0.023575568063878307,0.051312936094504075,0.28392030101411625,-0.14977092777088735,1.1404671415760512,-0.34886226976986867,-0.44694427518327967,0.4401089947061112,0.18071458747906788,0.06717976597467233,-0.6849634675553585,0.4792813565581298,-0.11270243602836216,-0.13495151468852157,-0.49811470372776345,-0.27517060705595703,-0.03190840862881784,0.365933107385544,0.6538520866315639,-0.5974175567857585,0.8724653070733436,-0.795749750380104,-0.5707920191645474,-0.229523449410975,-0.2854020951769726,0.005440801942361252,Consumo Cíclico,True
MGLU3,-0.7861197527136395,-1.2920825432356804,0.7766521455415498,1.051698779556703,-1.1649692738301654,-0.6737353472902853,-1.0040029991724377,-0.2345593086041516,0.07988811427335496,-0.3311242081020946,-0.1626964244557766,1.361873160303623,-0.5821015902360084,0.8671942636621657,-0.8503798816309932,-0.8496942874363455,-1.0600393945532989,-0.22987228339576032,-0.6767382402539951,0.7556344365384715,1.532209067082594,-0.36748404310376387,-1.0303058182428397,0.4307820808337174,-0.9043315687456162,3.9289686722033546,Consumo Cíclico,True
MOVI3,-1.077513808386253,-0.4258086547885802,0.3167690906492784,1.1798555483383126,-1.0577919632309818,0.2517434197636745,-0.9347205699325801,-0.6328216550516195,0.06958467905525294,-0.64729212291893,4.143036927341284,1.284382203760404,-1.4755487188293928,0.9932387960659914,-1.172561613341287,-0.48138160174143235,-1.0678282656587874,0.368412186681444,-1.6842612357717401,1.74282117086783,-0.48367464405678195,0.8182967591858019,-0.5869376727613805,-0.499946787841207,-0.6933328845744876,-0.1041222577665142,Consumo Cíclico,False
MRVE3,,1.8407872828009422,0.6255477132198036,1.1149340273107866,-1.3141181186500084,-1.0209946368751337,-1.757333946440489,-3.9428275700895337,-4.649403370028654,4.656382870192988,1.0047240248256417,1.0579475904847644,-0.9973393035735415,0.8883663575709828,-0.4206163645890528,-2.065611352569995,-1.7431389682468506,-1.047142091277466,-1.3154215971590633,1.242733154135195,-0.9235038173962821,-0.8166800293071432,,-0.32404034439629886,-2.458618209244872,-0.09540701438058093,Consumo Cíclico,True
RENT3,-0.39254856063634347,-2.4373831020510934,-0.09055590082673343,0.20856214283558705,-1.4876779075692599,0.0699236973867018,-0.7653635206795949,0.16667514490635713,0.42505319407977366,-0.5824200908003703,0.7794323591748418,0.08931063369452835,1.6421282481632995,0.5919570428475402,-0.7165191140277659,-0.6423805601589693,-0.8824531333481612,0.007292969245341471,-0.6767382402539951,0.7556344365384715,-0.4470222129451569,0.9004078534380328,-0.3275450011596262,1.4967226187237577,-0.10253656889532795,0.5333355441760339,Consumo Cíclico,True
SBFG3,-0.5836576490969535,0.16015629901470776,0.5007223126061869,0.7144441248682567,0.1728733794533512,-0.5328660128360542,-0.7576654729862773,0.04184664825864333,0.3426257123349572,-0.5472386672226116,0.2162031950478416,1.0831069919598355,-0.43767108124904025,0.6272438660289025,-0.7235644175858306,-0.41080671585977235,-0.6378825806358225,-0.08856476352945923,-0.5170674010277279,0.5932681973395644,0.7625080137384684,0.36507571934260746,-0.6400483753825424,0.04746356228212654,-0.29243538464934343,-0.1265328836160569,Consumo Cíclico,False
SMFT3,-0.5533829420140846,-1.9988188997312488,-0.41904379717835605,-0.0865356800168036,-0.2805690884662718,0.344564299055222,-0.4679389507105093,0.4936069218408456,0.4162216781785433,-0.29091686687037044,0.031873650424459735,-0.9673842282584563,2.4601465434382397,0.47903920866718114,-0.7094738104697013,-0.4642892465669679,-0.7344645823438799,0.2353682644681431,-0.6767382402539951,0.7556344365384715,-0.9235038173962821,0.3674907515264967,,-0.29384744738709817,-0.5597003845994396,-0.17882434393165655,Consumo Cíclico,True
SOMA3,,1.1129084758093668,0.6649662607819983,0.41934630201586603,0.7949514759381234,-2.905334927217672,0.9813934831859052,-1.0890400892283831,-0.5545091112983569,0.0282289041564396,-0.3675070295928675,0.5170204587707364,-0.4918325221191534,0.5496128550299055,-0.07539649024388785,0.4653143284055224,1.3467217770426456,-3.8570297284223822,0.9731937650840976,-0.9221500351835737,-0.19045519516378157,1.5540765645440255,1.0444106689502266,-0.5800236016482173,0.15769514158239709,-0.09291694484174284,Consumo Cíclico,False
VIVA3,-1.0321017477619496,-0.08585952128438268,-0.6358458087704266,-2.2154556877376215,1.8718735897888163,0.5798925283179102,0.7329564894470222,0.7105707374428245,0.39929460603451855,-0.07857184599032757,-0.4494312716477039,-1.9177806189792659,-0.011601079737484601,-2.2869537132270783,1.9043338095722633,0.36055473217493345,1.2439086784501971,0.9559539798097482,1.02641737815952,-0.976272114916543,-0.007193039605656736,0.7724111476919086,-0.17416129198971075,0.08028192859647507,0.9524568519603146,-0.06552617991452399,Consumo Cíclico,True
VULC3,2.7661440811628584,0.8430365759661224,-0.2810788807106746,-1.3512406350984778,-0.3839989406528968,0.2200751197700876,1.3089104214106866,0.33311314043664225,0.22708004596052717,-0.10370143426015513,-0.3777475598497221,-0.42645709654442865,-0.036876418810203954,-1.5675965358518278,0.12891731293998543,1.5581223269793514,2.71773444677294,0.1535586477034425,0.8667465389332528,-0.8139058757176355,0.7625080137384684,-0.0720451059413262,0.4393735446899508,-0.35948418001579524,1.7472185623382317,-0.08918184053348573,Consumo Cíclico,False
YDUQ3,-0.5287847425092536,-0.5286879978227454,0.47444328089805715,0.7144441248682567,1.084255265387668,-0.04419138362467138,-0.7590651180214261,-0.2419895762617536,0.24989479537203876,-0.6289098290995513,0.8306350104591145,0.8315129772091248,2.1404135041683396,0.810735346571986,-0.90674231009551,-0.6015794542586345,-0.8216999387253511,0.011424768071841413,-0.5702910141031503,0.5932681973395644,-0.19045519516378157,-0.8013848254758452,-1.0449070126074493,-0.049678802008345145,-0.6300332793231491,-0.00202940667415299,Consumo Cíclico,True
ABEV3,0.5153205219883297,-1.0682081480966326,-0.8966650363851818,-3.175095687143366,1.2419090259061114,2.396909399182375,1.4839256547165038,0.997314522236055,-0.07898418769393632,1.563726452076039,-0.7633588008597423,-3.1895858376674675,3.535243045771124,-2.4040789178891755,-0.9654991005731782,0.5136951475915588,1.3206983409451785,1.8708297922143815,1.8230000957736208,-1.8376495403348863,-0.8869384113965587,-0.8448535005928333,-0.7139067932426858,-0.5974926378971491,-0.11273273377225528,0.7940416711689613,Consumo não Cíclico,True
ASAI3,-0.9511754457261297,-0.7170249212649801,-0.21515460031488604,0.6303432796570206,-0.716354767857337,-0.5845223161723165,-0.03905254734616776,-1.024220329627638,-1.0411505733951232,0.01841511469674093,0.25880469510303483,0.768485321646294,0.0905162701353119,0.8036247049572239,-1.0377876099572219,0.4596524199385698,0.006590499246964834,1.507755836355485,-1.03296652893004,1.0947420539718435,1.4114875350856362,0.3013425821732551,-1.0768085233150424,-0.7353669907105544,-0.2138383245993902,-0.07930919719304425,Consumo não Cíclico,True
BEEF3,-0.5961034535431926,1.997670136084367,-2.869805333342146,0.9129086921874191,-0.6498118234090644,-0.33482116748264373,-0.31974969313151536,-1.2614690826234882,-1.2033231237751907,-0.1504004095547791,3.1729073752561896,0.8197818639626298,-0.5206932220133139,0.8382184350499324,-0.48357570467954974,-2.5583793704013393,-0.558189059043352,0.46532779972466026,-1.5406205154302859,1.544553354653327,0.17554150726030476,-0.44277878776480817,,-0.9544073755715037,-0.6598924017779267,-0.4182214744678524,Consumo não Cíclico,True
BRFS3,1.53432849955443,-0.29926597551736445,-0.449772947158758,-0.013243885542368604,-0.217003092291729,0.20447421282345435,0.3623745536156735,-0.5499599538238389,-1.0589684694266266,0.7326346403762485,-0.41288968981662644,0.2068443473798438,-0.21336721707234504,-0.1131091424995526,-0.5317680442689126,0.767069385211007,0.47994360162605554,0.5949653579428035,-0.5374257611966113,0.4831321272108646,-0.0846576564923963,-0.6511780755404606,1.557469213728045,-0.3397275435068696,0.2113998956441479,3.007008490897582,Consumo não Cíclico,True
CRFB3,-1.0168394442805084,-0.4985502782591598,0.8909033205205119,0.752931311123571,-0.6386281352664976,-0.8268358569125906,-0.006857892632436132,-0.5855294820091239,-0.12352892777269456,-0.687147204610894,-0.2575318048692218,0.7497639558374123,0.04005591248090399,0.8036247049572239,-1.1520034547840121,0.16320064578413032,-0.014054184345892689,-0.32137683439366305,-0.5374257611966113,0.4831321272108646,0.43574067101300634,-0.5277241496298839,-0.46886712059338265,-0.22754406388850873,-0.16031183533796584,-0.4182214744678524,Consumo não Cíclico,True
GMAT3,-0.0051274665537835,0.13325477043334727,0.6674572759073001,-0.013243885542368604,-0.39482373375854124,-0.3939220310778326,0.35734413881665283,-0.5025339162434592,-1.1955723390014865,1.0010080379043058,-0.6230797694513505,0.48766483451306897,-0.42081535409602233,-0.16499973763861547,0.9140021434119712,0.5540313863470505,0.8780910709168794,0.9377057515880323,0.6188360301813888,-0.7956886287439094,1.0645553167487012,1.4996384868832562,0.6890972167691921,-0.7096761175155101,-0.16625922303367968,-0.24876533583044833,Consumo não Cíclico,False
JBSS3,-0.2750794606106741,0.15539747073799112,0.3099436045261614,0.5077552481904702,-0.8846692744029675,-0.6362355718181067,0.08570173966954228,-0.9916149287911267,-0.7530945875524839,-0.35817336247972675,0.19483380130116235,0.7872066874551756,-0.4174513302523951,0.6652497845863897,0.11882854018748529,0.8055689544542342,0.4312811331571771,0.49374151111493797,-0.6475459318040399,0.6499348345093136,1.9962851556198316,-0.3793529175722183,-0.41661899204501884,3.128300556340979,3.1012058400530123,-0.3009056861804188,Consumo não Cíclico,True
MBRF3,2.118738086688402,-0.5103597184216366,-0.773769711847915,0.6916372953902958,-0.9459670691123763,-0.8731118331076235,0.017288098402862585,-0.24465483690014356,1.4414762736610263,-2.295699434536722,1.0858569649701006,0.7123212242196489,0.08603090501047563,0.8555153000962867,-1.1100761193412663,0.7482719147230109,0.012488980273495563,-1.3635740096194422,-1.2532068701448973,1.205943858837476,0.2839578254905971,0.7192737625494278,1.7291589942834824,-0.3739820411002623,0.1727418756220081,-0.4051863868803598,Consumo não Cíclico,False
MDIA3,-0.6155594531148604,-0.8498811230928438,0.7009741825992819,-0.5955370350084827,0.17163007066246777,-0.25651252321901846,0.509262665747074,1.3945075869717365,0.2744040835975494,1.6202147236525093,-0.7236054597114358,-0.48584618754877823,-0.36026292491073275,-0.7012025540755978,1.8778489351992276,0.15106061276063276,0.47257050034289216,-0.637479373610506,1.775097821559389,-1.740903970101786,-0.5833727203517405,-1.0081751163387522,-0.808277444031591,1.000479674834617,0.17868926331772195,-1.2992630445064786,Consumo não Cíclico,False
NATU3,,2.095275159027237,0.8909033205205119,0.2012851695240945,2.0560815226849747,-0.6480557445371445,-0.7855661035208197,1.1425567623259685,1.3702046895350124,-0.33653034655004477,-0.545400826977648,0.11323751833543545,-0.35802024234831464,0.30201561861294995,0.19111704957152903,-0.5859568759562168,-0.9976258955198911,-1.362029014062596,0.7289562007888175,-0.6844868238782768,-0.6050559839977989,,,-0.2849203473574414,-0.7163925848872081,-0.4442916496428377,Consumo não Cíclico,False
NTCO3,,1.2699133860717362,0.6898018803686213,-0.013243885542368604,2.0575409939875797,-0.43972520036410384,-3.133099716950149,1.5118277474362012,1.5215677163226344,-0.016213710790750378,-0.5636782252067545,-0.2986325294599613,-0.39390316334700476,-0.21689033277767814,0.31159789854493614,-2.0149562470124254,-2.9938488293286842,-0.7813237875237885,0.6188360301813888,-0.5732850190126448,-0.9303049386886757,-0.8935555080621433,,-0.16074779358139316,-1.7900447486559454,-0.4051863868803598,Consumo não Cíclico,True
SLCE3,0.8825525139035592,-0.6624062605135249,0.2875990000648402,0.26257918525736973,0.05531971397977285,1.5224234709961648,0.5354208227019809,-0.6270272648919563,-0.5481887831901939,-0.12442879043916062,-0.17071416328096628,-0.39223935850436975,-0.36362694875435997,0.3539062137520128,-0.001652308785921822,0.3202378471525983,0.1791210692729886,0.27708696176406816,-0.31718541998175415,0.371930322345232,-1.277237157025611,0.23565150233092966,-0.3186031229852975,-0.08024972423692037,0.024057183229162594,-0.19662498548047783,Consumo não Cíclico,True
SMTO3,-0.5742154540250662,-0.5605498391121628,0.94922273816456,0.5996962717903831,-0.3484114279668891,1.5253785141759248,0.5464877352598261,-0.6833456845186574,0.10216442195968259,-1.1546363486920261,-0.15243676505185982,-0.317353895268843,-0.4611836402195488,0.8555153000962867,2.0874856124129564,0.12482247687113814,0.04787986643267995,-0.5184969571637168,-0.04188499346318272,0.0939258101811504,-1.5224748688625318,-0.5096024724320011,-1.15335810700218,0.6279620135064721,0.032978264772733336,-0.6528530510427196,Consumo não Cíclico,True
TTEN3,-1.0168394442805084,-0.4852646580763735,-0.18163769362290424,-0.7487720743416708,-0.7868120031555079,-0.6554433524865431,0.38652054465097213,1.4241488604594739,1.2929938067318307,0.18723063894826075,-0.499707331404882,0.038352055099908695,-0.2425220903837808,-1.8773893772276886,-0.21851783693805463,0.551681702536051,0.7350529060235093,-1.1631330343306496,0.3435356036628174,-0.2952805068485632,0.5224737255972401,2.5013141939962282,0.9807146784344787,-0.2926276093159547,0.09839952942558536,1.0677785105063062,Consumo não Cíclico,False
AESB3,,2.9345614865958916,-0.492649573120417,0.8799724347849972,-0.6418984998307959,-0.4692972489357522,-2.0948476172235506,0.9095198286873227,1.9479390121619273,-2.132097432879419,2.1543337633897153,-0.1308440419732463,-0.754098785727189,1.0071457594417188,-0.7874961455966838,-2.760433718668108,-2.510263577681856,-1.7749161214876659,-1.603727083988273,1.3524195539557988,-1.0268074028493233,,,-1.026446980251672,-1.3356254857758276,0.04547252157637994,Utilidade Pública,False
ALUP11,-0.9517071861766325,-0.09384556357821916,0.7240509050422649,1.0918863263647676,1.794174916090664,2.029238009995544,0.6471874653284878,-1.3094237209707684,-0.8073379734499364,0.2654705097314132,0.11064167159168026,-0.8194358815418537,-0.2650987043412946,1.1886060330399977,1.6231574234406372,-0.08054654381406885,-0.48063767279972175,-0.012183435930202888,-0.7747268196041556,-0.15674758715643042,-1.3529984586256207,-2.277500418535757,-0.6654478075529522,0.6314329868079964,0.2583348745796756,0.27371626970635315,Utilidade Pública,False
AURE3,-1.659111314111733,2.3674044549057927,0.9751160830758339,1.482337671600495,-1.261592276625748,-1.1624460259560974,-1.9869535917405705,1.8719720381699245,3.33026979714973,-3.5403823956230647,1.1001200354197134,0.978553921776176,-0.23043455050820125,1.5850967308522361,-0.26016567736976964,-2.6687294954803313,-2.5611653067249316,-2.149835804223542,-1.2004008963097355,1.2266556255297796,-0.6139073322464151,,,-0.5356142680443352,-1.5671013469303954,0.11425830868404312,Utilidade Pública,True
CMIG3,1.53768162593784,-0.2221888562313777,0.27985866698287315,-0.39151091469362587,-1.2348921976910059,-1.0119047441103386,-0.5595727158281161,0.4202700272016564,-0.37509233896216915,0.49443334190434396,-0.8452950527845549,1.0678158269054399,-0.5455724902084708,-0.44453642934451054,-0.8778956544355833,0.03338509774599094,0.32799106073268397,0.3533330406736858,0.8215509680417701,-0.7855672292865251,2.138759805106306,-0.14011088799668972,-0.7062193695791708,-0.6589728824265484,-0.5738061959000357,0.0235861347693962,Utilidade Pública,False
CMIG4,2.362986441862124,0.07326809873058121,0.8785525530629226,0.29720923294062834,-1.2348921976910059,-1.0119047441103386,-0.5595727158281161,-0.33317466708626964,-0.37509233896216915,0.49443334190434396,-0.8452950527845549,1.3356015422932315,-0.49010984407552133,0.32666973344817396,-0.8778956544355833,0.03338509774599094,0.32799106073268397,0.3533330406736858,0.8215509680417701,-0.7855672292865251,2.138759805106306,-0.14011088799668972,-0.7062193695791708,-0.6589728824265484,-0.5738061959000357,0.04234589488966797,Utilidade Pública,True
CPFE3,-0.28472615126639517,-0.32112014431818753,-2.0183533473244144,-0.8683171707481093,-0.3985560082736527,-0.4203118500658242,-0.36486619791660374,-0.37231465120512297,-0.5553873094971737,0.5533094987488119,0.07710003213988251,0.5960028997936164,4.477732385817438,-1.079647386938486,-0.6970966367577841,1.1135860389522176,0.45685619755059736,1.509190466527854,-0.9875638579569452,1.1008916971037603,1.3129596639004897,-0.5426868692903211,0.44819828664890476,0.06099284878600486,0.7271467452724709,-3.983311029319452,Utilidade Pública,True
CPLE3,-0.9449700040058222,-1.2676519276352327,0.04810619495188599,-0.4974678604835112,-1.020431264475241,-0.772360760625526,-0.6029964716213312,1.2862421758312854,0.6696939005483696,0.0070695991362485985,-0.5266494779924765,0.2644586807420649,-0.19322156183443923,-0.5806316345432196,-0.06430007488548746,-0.5566948193905449,-0.5257404706859914,-0.796275232515964,0.6087139296889799,-0.5340393724344881,0.34952616582703727,-0.629365908324835,-1.0615144100933616,-0.7584074018982716,-0.831652724781073,-0.08897242595223442,Utilidade Pública,False
CPLE5,-0.8944411377247434,-1.383963036602158,-0.08708274706618986,-0.6564032791683392,-1.020431264475241,-0.772360760625526,-0.6029964716213312,1.4966195904701218,0.6696939005483696,0.0070695991362485985,-0.5266494779924765,0.16244507488004925,-0.18822584554672872,-0.762091908141498,-0.06430007488548746,-0.5566948193905449,-0.5257404706859914,-0.796275232515964,0.6087139296889799,-0.5340393724344881,0.34952616582703727,-0.629365908324835,-1.0615144100933616,-0.7584074018982716,-0.831652724781073,-0.09835230601237033,Utilidade Pública,False
CPLE6,-0.9213898664079854,-1.4346586372001557,-0.1643335710765185,-0.7093817520632819,-1.020431264475241,-0.772360760625526,-0.6029964716213312,1.6091470448118252,0.6696939005483696,0.0070695991362485985,-0.5266494779924765,0.11143827194904128,-0.18557505731243332,-0.8528220449406374,-0.06430007488548746,-0.5566948193905449,-0.5257404706859914,-0.796275232515964,0.6087139296889799,-0.5340393724344881,0.34952616582703727,-0.629365908324835,-1.0615144100933616,-0.7584074018982716,-0.831652724781073,-0.10460555938579424,Utilidade Pública,True
CSMG3,-0.2712517869247742,-0.48154926013463606,-0.6471512211410747,-2.181653513813737,0.2663343348193497,-0.4558397217736841,-0.06370143999591897,1.056294769133022,0.3460875431778487,0.23276153370670888,-0.4427953793629823,-0.24560934856801425,0.20735332172504284,-1.9869487549298797,-0.4560312798540522,0.21503082815778424,0.9207706900950853,-0.619412421256018,1.45474115714132,-1.5602730283908033,0.9688762717313992,-0.251830538307841,0.13367480816093252,0.2837859826399411,0.26614840575788884,-0.9550480181714479,Utilidade Pública,False
EGIE3,0.3350946084481689,-0.40534543012182306,-2.3540081776492934,-0.3385324417986832,0.6485541069116301,0.9964966095567068,0.4489790316272001,-0.37720714921998,-0.17168262861498482,0.0070695991362485985,1.7038695455520723,-1.1892352027916613,0.2782109302956307,-0.17234601894709234,-0.5916305431124013,1.1662310559674225,0.057374273415066165,0.8456011986805358,-1.5196564538389206,1.6768904892949286,-0.8891740459816873,-1.4287392683097966,-0.6526338880589977,-0.6043960409119935,-0.08155373167260072,-0.026439892217995184,Utilidade Pública,True
ENGI11,0.08918745921358658,0.14679811014645333,0.4729857270086954,1.356778690839481,-0.7869207927789923,-0.7540585236851134,-0.575681528461083,-1.2089318117456125,-0.3242399113753733,-0.33310375152067706,1.2510574129528027,1.40611844734535,-0.2501115554781631,1.370066306638276,-0.12456641411142054,0.44934307212092595,-0.3904320770271825,-0.3216933556351088,-1.5196564538389206,1.3524195539557988,0.5559762011284911,0.1873432594670294,3.644642153433552,1.3342032748036352,1.4381780824898764,0.17366421573157037,Utilidade Pública,True
EQTL3,-0.025344637690191536,-0.8318194963338815,-0.3381479250997589,0.8269939618900545,-0.692902102859187,-0.7029199204692547,-0.7633842147930447,-0.5777995678291028,-0.03530566372312248,-0.3200201611107953,1.1504324945974096,1.0550641261726879,-0.25184476316981774,0.7349553490443008,0.14663211240527832,-0.204151626638662,-0.8124654001058484,-0.13598740381216515,-1.4132379346625255,1.478183482381818,0.418342844260855,1.756099031931011,-0.5093509700811438,0.2860288665377996,-0.07764696608349418,0.19242397585184215,Utilidade Pública,True
ISAE4,1.7027425891226962,0.27915213069502326,1.2760080425960654,0.7740154889951119,0.1723156448995443,0.7171183456721729,1.073020425365177,-0.7881769824679395,-0.4513709803423634,0.24257422651412014,-0.6272743963478697,-0.3476229544300302,-0.26000103465995733,0.9164156226425796,3.896554404890894,0.03338509774599094,0.3924236291416407,0.09688196434676366,1.0343880063945603,-1.1628590145645827,-1.0268074028493233,1.751418363823147,-0.06435849310927207,0.9626321757250899,0.6138505431883787,-0.06395941245853874,Utilidade Pública,True
NEOE3,-1.0931880117636528,-0.06844428690728156,0.8978652590655047,1.0389078534698253,-0.6806120780330687,-0.6716984574532565,-0.6317121810974895,-1.1551143335821892,-0.36584644303729735,-0.23824772104903433,0.5634538041909496,1.3228498415604795,-0.19515867631334738,1.143240964640428,-0.36563177101515254,-0.16115855435184698,-0.42264836123166083,0.16762708885074215,-0.4554712620749702,0.7235999118257042,0.7624262364299454,0.25476028982720716,0.3957777069009093,0.8198352342281038,0.29740253047074183,0.2643363896462173,Utilidade Pública,False
SAPR11,0.07234450378656043,0.42487524422829714,1.2068685551068208,0.6150800703102841,1.1426131049215873,0.04639519191469805,0.88181582324344,-0.7001120182005194,-1.056977163421481,1.047215036721848,-1.432273743191015,0.2899620822075689,-0.22441930028422324,0.3720348018477437,-0.29029884698273617,0.43322067001337045,0.9690951164018023,0.37101932179968006,1.0343880063945603,-1.0370950861385635,-0.545090653812597,-0.4694912363278426,0.38995319804002104,1.566715572214958,1.633516361945208,0.14239794886445076,Utilidade Pública,False
SAPR3,-0.21398573847288513,0.3727357815879515,1.0716796130887452,0.4561446516254561,1.1426131049215873,0.04639519191469805,0.88181582324344,-0.5239820896656797,-1.056977163421481,1.047215036721848,-1.432273743191015,0.13694167341454527,-0.2191177238156325,0.19057452824946483,-0.29029884698273617,0.43322067001337045,0.9690951164018023,0.37101932179968006,1.0343880063945603,-1.0370950861385635,-0.545090653812597,-0.4694912363278426,0.38995319804002104,-0.8144794993447321,-0.569899430310929,0.14552457555116272,Utilidade Pública,False
SAPR4,0.15319068983628598,0.4395812465114716,1.2454939671119853,0.6680585432052268,1.1426131049215873,0.04639519191469805,0.88181582324344,-0.7441445003342296,-1.056977163421481,1.047215036721848,-1.432273743191015,0.32821718440582487,-0.2258466477949977,0.41739987024731334,-0.29029884698273617,0.43322067001337045,0.9690951164018023,0.37101932179968006,1.0343880063945603,-1.0370950861385635,-0.545090653812597,-0.4694912363278426,0.38995319804002104,-0.8144794993447321,-0.569899430310929,0.14239794886445076,Utilidade Pública,False
SBSP3,-1.0190790078847374,-0.5751329110275641,-1.1492815772082137,-2.1398005202267325,0.03343836436440714,-0.11455683294363671,0.23466178529294526,1.2666721837718593,0.2490056359666924,0.510787829916696,-0.711128494977364,-1.0872215969296453,0.07766860503182284,-2.130302371072519,-0.4560312798540522,0.3440100450182291,0.7468027553909021,-1.36813165558979,0.8215509680417701,-0.7855672292865251,0.07425945209176495,0.9308567942964158,0.6101196329816014,2.90625555137192,2.7137370473331885,-0.07021266583196267,Utilidade Pública,True
TAEE11,0.6753223080740984,0.01578099889635392,-0.6085258091359106,-0.5504463333784538,1.2169677551196034,1.7366606034704535,1.4533284801347859,-0.607154555918243,-0.4166988706240932,0.20005255768200444,0.4125164266578597,-1.7503100350327483,-0.18741021839771474,-0.3991713609449409,0.2972979604701107,0.9523620178766613,0.8724462637883676,1.4439870434433533,-0.1362157045457854,0.3463081265476465,-0.9579907244155054,1.0656908550167705,0.028833648664941976,0.24939509620611217,0.8326294161783496,1.277363436140893,Utilidade Pública,True
TAEE3,0.6887966724157194,0.02112863609023542,-0.5892131031333283,-0.5504463333784538,1.2169677551196034,1.7366606034704535,1.4533284801347859,-0.6218320499628132,-0.4166988706240932,0.20005255768200444,0.4125164266578597,-1.7248066335672445,-0.18791998536584847,-0.3991713609449409,0.2972979604701107,0.9523620178766613,0.8724462637883676,1.4439870434433533,-0.1362157045457854,0.3463081265476465,-0.9579907244155054,1.0656908550167705,0.028833648664941976,-0.8563466654380893,-0.46832352499415675,1.2711101827674691,Utilidade Pública,False
TAEE4,0.6618479437324775,0.010433361702472185,-0.6278385151384929,-0.6034248062733966,1.2169677551196034,1.7366606034704535,1.4533284801347859,-0.5973695598885295,-0.4166988706240932,0.20005255768200444,0.4125164266578597,-1.7603838786116222,-0.18679849803595427,-0.44453642934451054,0.2972979604701107,0.9523620178766613,0.8724462637883676,1.4439870434433533,-0.1362157045457854,0.3463081265476465,-0.9579907244155054,1.0656908550167705,0.028833648664941976,-0.8563466654380893,-0.46832352499415675,1.2823035063058978,Utilidade Pública,False
ECOR3,-0.5167221186602343,0.7988934289515662,0.5674314110511851,0.8142893644097069,0.0857374492746701,0.6652473152126974,-0.38829743331129374,-1.1029605819618882,-0.8095311600511301,-1.6744922406708027,2.427296363049209,0.8932365683175788,0.1931390802575414,0.6676677351096906,-0.6254185469196608,0.04798895162215889,-0.8968614787070068,-0.4484056332557583,-1.5522737723693028,1.5035642711062456,-1.1007148858248321,-0.13694645999549288,,-0.16520072004624958,0.41347700003963556,0.42709559314096424,Bens Industriais,False
EMBJ3,-0.899034755113408,-1.0018801074794192,-0.01829369337786538,0.08849086161363065,-1.103448079940584,-1.0371670811923275,-1.0348435693537277,1.6340747890743832,1.3125903034240853,0.823023793687765,-0.7662277134934713,0.08979164909072944,0.22064036294282052,0.006068699011746655,-0.7782267597110429,-0.7490824906061506,-0.8927000303486108,-1.2165617642447721,-0.2502020225200518,0.14063419255025847,-0.028050744009618715,1.0911557380178933,,3.3459266881771152,2.255836951917736,-0.4914643242507902,Bens Industriais,False
FRAS3,-0.33136030421300616,0.13854785281278723,0.2200828026107016,0.10734277077716511,-0.22714698141635328,-0.7184855899128705,-0.6391261752458284,0.11311462719473366,-0.03751482259887576,-0.03786330853234767,-0.4012844279868375,0.36919001265581514,0.18451705649675115,0.10652090868106792,0.8262594745984677,-0.4025296896373204,-0.3683575371906977,0.13151524710449441,0.20935271272086028,-0.16223915823996024,0.456378223261768,0.4640397220110578,0.6465686436123909,0.34856798022878693,0.29600452701871505,0.4742012299302849,Bens Industriais,False
GGPS3,-0.4497426394902275,-0.0522461785668974,-0.08980664217443549,0.07906490703186342,-1.3014584243186553,-1.0730261947905018,-1.0987192117097273,0.3348491382660264,0.06591320347128247,0.3866837555762011,-0.5026575628497914,0.744631563696399,0.1852603344071641,0.030315784104341405,0.558845102213549,-0.2695794332656418,-0.49112026376338364,0.050451038021878364,-0.4033869342670222,0.44350754334047804,1.822467910967078,1.143415406018463,-0.3638956959019733,-0.33378107482399594,-0.4675665476172676,-3.0565008349629883,Bens Industriais,False
LOGN3,,-0.5663989254666972,-0.011482936349620602,0.14504658910423393,-1.2169178375700034,-0.7816262218299218,-1.070676246772947,0.17028055583030136,0.2746161846485667,-0.839785540737384,0.03799915641929581,0.4128460069628598,0.5548181114644827,0.317816935916537,-1.3512575576787254,-0.6142419462291876,-0.809471063180688,-0.7269339413857719,-0.4033869342670222,0.44350754334047804,0.42177615417095465,0.10638761913215919,0.772679144540208,0.6154868752935521,0.021902089969900517,-0.12471329496250734,Bens Industriais,False
MILS3,-0.18338238511647945,0.624824848374646,0.5095399763111045,0.3429916353213457,1.4170410412634054,0.44187243814765736,0.9079107237665502,-0.4983875791190661,-0.6691645532416294,-0.09682817854742366,-0.2999112931238837,-0.07610112927604012,0.17574637715387834,0.35938336750384237,1.800411831143527,-0.21539117711415207,-0.060410358669383615,-0.6001412041027061,0.3625376244678311,-0.38939417133262494,-0.7892962640075121,1.3328567025205278,,0.061579995309528256,0.29600452701871505,1.221162041875228,Bens Industriais,False
MOTV3,-0.48556887253464975,0.624824848374646,0.47889156968400304,0.5786404998655262,0.3368314178902673,0.5651753702875595,0.3610729074993347,-0.7287835945290814,-0.5731242433193393,-1.1935747608278413,0.5516230397249284,0.24695322859609026,0.21573472873409505,0.560287786842485,0.10042046383940322,-0.16183301696442365,-0.5493805407809296,-0.13454164424357865,-0.7097567577609637,0.6706625564331428,-1.0661128167340188,-0.8832798436286279,-0.6929208374204133,0.16794617153834449,0.6092644550745027,-0.0607842164627149,Bens Industriais,True
POMO3,2.3928664564848607,0.9382597964184541,0.6321336028195105,0.3712694990666473,-0.7107977800249188,-0.6738106144998625,0.34393554003796906,-0.5850026225062899,-0.9739078443412035,0.7168870276606278,-0.6648545786305174,0.8406747511718972,0.16682704222892294,0.14808734026837334,0.13862251703724873,0.41659511265264204,1.1151988025775246,-0.14493449156186253,0.8986848155822287,-0.9194225352155083,1.0792154668964078,-1.0041303258799452,0.19143300116613365,-0.6127414238014572,-0.11514912855450632,0.3766252680095491,Bens Industriais,False
POMO4,2.174918346590272,0.915352123430075,0.5912690606500418,0.3241397261578112,-0.7107977800249188,-0.6738106144998625,0.34393554003796906,-0.5209074903997444,-0.9739078443412035,0.7168870276606278,-0.6648545786305174,0.7970187568648525,0.16950284270640958,0.09959317008318376,0.13862251703724873,0.41659511265264204,1.1151988025775246,-0.14493449156186253,0.8986848155822287,-0.9194225352155083,1.0792154668964078,-1.0041303258799452,0.19143300116613365,-0.6127414238014572,-0.11514912855450632,0.41363683977258686,Bens Industriais,True
PORT3,-0.3469369272757985,0.5133218430228823,0.12132682570115252,-0.22256563958468778,0.6036538677614273,0.4442551035030177,1.601195134703618,-0.06358006131520277,-0.2536055199240286,0.05058399649026684,-0.32018592009647445,-0.818253032495799,-3.6976650931530677,0.20697311835038928,-1.614087683679902,0.20173237605196728,0.7531527953970608,0.46408636128958536,0.8220923597087433,-0.7679858598203994,-0.44327557309937876,-1.3249720251109423,0.16677982053362803,-0.12706944932271164,0.7854731646058835,-0.003584514647111155,Bens Industriais,False
RAIL3,-0.1288642043967065,-2.9469013651671356,0.4720808126557583,0.5032328632113884,0.4486159810994477,0.20658423430581524,-1.2594988773472673,-0.2662592628413064,-0.12616741637329737,-1.0461625857901506,-0.06337397844365812,-0.24199390764280967,0.2460604674789434,0.529112963152006,-0.3389031479358198,-1.1423254053055087,-1.2942797969338378,-0.8661980954507789,-0.4033869342670222,0.44350754334047804,-1.2391231621880854,-1.053123764630479,-1.5550583674600527,0.11375962893121162,-1.7989212418543656,-0.2660302053304695,Bens Industriais,True
SHUL4,-0.0026935575880891113,0.8453530145148012,0.733069021978098,0.40897331739371623,-0.7231558724400042,-0.8137922041272875,0.32835611507309087,-0.16405351164438237,1.6191805235606265,1.553480603434529,-0.9149083112924703,0.6747819728051275,0.154488628916068,0.12384025517577851,2.0468150742696305,-0.2752502972814954,0.4160754783669737,-0.7664267611952514,1.588016918443597,-1.5251692367959475,0.21416373962607446,-1.3095227607582738,-0.47609927442171024,-0.5043683385871918,-0.7612477301695687,-0.6866162480922618,Bens Industriais,False
STBP3,-0.6413351031625726,0.3485451795586091,-2.831340668753804,-1.0143458244531345,1.1069652679394466,1.1161667337146581,1.957590060200165,-0.028934043960313238,-0.37919669443779236,0.5694748526229374,0.3421185610081573,-1.6651793220524647,0.6820226930525548,-0.2017634589247803,-0.96923702570027,3.2732487539187605,1.5167785691627516,2.333718022459621,-1.0927190371283906,1.1249725826184713,-0.09725488219124545,0.5750915165122682,2.4793208591388787,-1.1019856962743027,-0.3109365835893738,0.4540130998777189,Bens Industriais,True
VAMO3,,-0.4567543035374628,0.6627820094466119,0.8467146481709861,2.2450557023330564,2.7334127569923234,-1.0909294992272882,-1.1476539443496956,-0.949897766860631,-1.4412272148911613,2.2006260334956442,0.5088891944383579,0.1501776170356729,0.6706466627067807,0.17682457023509426,-1.0149830033495078,-1.3193317160513824,-0.2322344090354489,-1.6181432844205001,1.63379981194604,-1.5962165152052792,1.620774810911166,-1.20652876726428,-0.8896948637934691,-1.9336230109183543,-0.22228925688324316,Bens Industriais,True
WEGE3,-0.5821439355239619,-0.7237420552408528,-2.037683152252441,-3.3732852180861976,-0.2501779718262848,-0.40099543131109355,0.7380949916493805,2.8542035822615266,2.473717650384571,1.5129127728641567,-0.9614047891496118,-2.776486313132592,0.39872975027776325,-3.624551267981442,-0.10969082874874672,0.48905615285521553,1.7655083375440879,2.301541767162213,1.653886430494795,-1.7205225480556388,1.2868278814412881,0.3823839907601677,-0.1537115276889448,-0.3056843490277049,0.8246306556128569,1.5452488229857544,Bens Industriais,True
BRAP3,0.8894638532749316,0.2708508948300984,0.41020238779186113,-1.3216266695302679,,,,0.8341643269734207,0.22933393763292223,0.7208490868551531,-0.9246593745032882,,2.0246347075307733,-0.5037188371120376,2.2047719598582796,0.29403960080472435,1.484618264174791,0.6812437566903135,2.2355313486316355,-2.086870322366781,-1.9985990556738105,,,0.5788747626125121,0.4414773703417609,0.3814220697997788,Materiais Básicos,False
BRAP4,0.867550961227808,0.190914396106585,0.32330305755911726,-1.6092606919716734,,,,1.0054120579622006,0.22933393763292223,0.7208490868551531,-0.9246593745032882,,2.322830796871325,-0.7423099393702522,2.2047719598582796,0.29403960080472435,1.484618264174791,0.6812437566903135,2.2355313486316355,-2.086870322366781,-1.9985990556738105,,,0.5788747626125121,0.4414773703417609,0.3348788031982194,Materiais Básicos,True
BRKM5,,1.1457722986669088,2.516545597822201,1.3449353580656203,-1.4949077850162338,-1.7385042274688618,-1.2150191888682684,-1.3094981892711237,-2.52921536171977,2.826840355902418,,1.424730903812802,-0.5351292245182049,1.2969282116307086,-1.14804300117463,-3.7206952478387776,-1.323246713721009,-2.5072606380842233,-1.4677506500795474,1.6690051950177736,1.2689835978575132,-1.4535484041742468,,-1.548508514677436,-2.0410635173535954,0.8701263691161519,Materiais Básicos,True
CBAV3,,-0.9785675304237196,0.3039920952851743,0.5166358799072868,-1.1896873411970441,-0.3697415140123412,-0.19902984986296143,0.3190966743288504,0.5035578728835324,-0.5156899720313033,-0.17136796518992542,0.6338389909601657,-0.4875438693711405,0.4745046821466428,-0.5705738417446585,0.06605542453963369,-0.19152951234186538,0.23285486486834658,-0.21010215061729454,0.36844405588923956,0.5113060070482819,-0.9431689954435837,,-0.7213185148435223,-0.3120814188849103,0.4745086030028974,Materiais Básicos,False
CMIN3,-0.4409617353004298,-0.3565958691229583,-1.6643742892978415,-1.4297597606736534,1.6270624076043854,1.4151291818996141,1.0485782040917933,0.4981440012005344,-0.12301193266001277,0.8120224736854909,-1.2327159139961739,-1.8268273097003649,-0.19218649259625847,-2.113015821843696,-0.5635298168674935,0.6768630301165224,0.6195609363323877,1.353078115205297,-0.39537741571191043,0.595088460035949,-0.07695299202720854,-1.735472268044518,-1.3484647708444795,-1.1299278412765072,-0.2850613826178185,0.009075936987303976,Materiais Básicos,True
CSNA3,,1.7984045348205244,0.33295853869608877,1.1654344267676002,0.21092737061121958,-0.09929238114464586,-0.8771020298598954,-0.37256560207957234,0.4413791898906614,-1.2080378782741807,1.5631846220447918,1.0430974193444535,-0.5252839786257087,1.1187006582438226,-1.0566115582690307,-0.44627568267830614,-0.7042148644392896,0.1929093065768573,-0.914148157976835,1.010603200971583,-0.23382205844733922,0.13591889730124815,,-0.42465694907710855,-0.7714220354254707,-0.7123446953368658,Materiais Básicos,True
DXCO3,-1.4882571065612062,-2.907183389900087,0.5840010482573487,0.7689464259085198,-0.09342242081954902,-0.36225503282569216,-0.34337194758508105,0.44908993904390865,1.0074284106544784,-1.2884414087851848,-0.11189759077044936,0.5315243838640937,-0.2414127220587388,0.7608140048565005,-1.049567533391866,-0.04572015076811214,-0.3613664556063372,-0.08770824042085468,-0.06188193854160189,0.17957371910031475,-0.1946047918423065,-0.34043521751403805,-2.1343805554437116,-0.6197659033817041,-0.37813039642669016,-0.5727148955321877,Materiais Básicos,False
GGBR4,-1.2110433700993448,-0.5011385791435577,0.4777907557506618,-0.06007393952410288,-0.9898158363768377,-0.5007549347786987,-0.012168374517271773,0.8954819046692029,0.4573224419401154,0.12252373578106128,-0.7066013349652094,0.40874685534880745,-0.4662125032707324,-0.2651277348538229,-0.08453612522028589,0.07618805459585995,0.08624118925890625,0.12200594060946386,0.9015494399504008,-0.7270038974865235,1.138782272728805,-0.03420757227563953,0.20131206609611219,0.9027236416836647,0.030172373831585778,-0.03746732961425528,Materiais Básicos,True
GOAU4,-1.1546959334067413,-0.22957348758970422,0.6226229728052348,1.1293900630531382,-0.9898158363768377,-0.5016907449270298,-0.3254690517435779,-0.411808851804873,-0.33824583532764274,0.12252373578106128,-0.4191611919377421,1.2681895549558118,-0.6950980615281118,1.0471233275663583,-0.07749210034312122,0.07365489708180338,-0.2693053087900814,0.1559596651572298,-0.6177077338254496,-0.7270038974865235,1.138782272728805,-0.03420757227563953,0.18785037804451085,0.28141356998419415,-0.10192558125197408,0.07889083688964305,Materiais Básicos,True
KLBN11,-0.22339802140398834,-0.32812533533102206,-0.912598527973239,0.3364140613349775,1.0285835266938819,0.9394568835029031,0.5003020189457577,0.20136692515294877,0.6741506698126907,-0.9573110644907519,1.662301912743918,-0.593936294192698,-0.3661191700303557,0.40292735146917846,-0.4930895680958453,0.47389378430274026,0.01163991511469906,0.3337173995543569,-0.8400380519389886,0.7461847294670888,-0.7044292577077315,1.3170826717922122,0.3275153915798737,-0.6149681422102797,0.030172373831585778,-1.9224696269774084,Materiais Básicos,True
KLBN3,-0.22496322797878285,-0.32922035586148113,-0.912598527973239,0.3364140613349775,1.0285835266938819,0.9394568835029031,0.5003020189457577,0.20136692515294877,0.6741506698126907,-0.9573110644907519,1.662301912743918,-0.593936294192698,-0.36447829571493967,0.40292735146917846,-0.4930895680958453,0.47389378430274026,0.01163991511469906,0.3337173995543569,-0.8400380519389886,0.7461847294670888,-0.7044292577077315,1.3170826717922122,0.3275153915798737,-1.1443211247907807,-0.3300947763963048,-1.9224696269774084,Materiais Básicos,False
KLBN4,-0.23748488057713918,-0.34017056116607214,-0.9319094902471821,0.30036969762051563,1.0285835266938819,0.9394568835029031,0.5003020189457577,0.2111777375842739,0.6741506698126907,-0.9573110644907519,1.662301912743918,-0.6143992156119125,-0.36119654708410764,0.379068241243357,-0.4930895680958453,0.47389378430274026,0.01163991511469906,0.3337173995543569,-0.8400380519389886,0.7461847294670888,-0.7044292577077315,1.3170826717922122,0.3275153915798737,-1.1443211247907807,-0.3300947763963048,-1.9417850826170555,Materiais Básicos,False
SUZB3,,-0.026994689454773197,-0.11119359360460176,0.2643253339060537,0.7333188036640313,0.8645920716364134,0.9378040360724923,0.37796154891680134,0.8909788976852663,-1.1396578381514273,0.6612172766827388,-0.8599542726424849,-0.44159938853949227,0.3552091310175355,0.26766511863795495,0.3618015643057374,0.17195329146714436,-0.2914305877074499,-0.43243246873083363,0.595088460035949,-0.782863790917797,0.782399481693422,,1.5768090862688038,1.13499163453045,1.1682359916991392,Materiais Básicos,True
UNIP3,1.482677145122063,0.12192810268766255,-1.2698513300411853,-1.3576710332447297,0.40777051929778646,0.6091159011420161,1.0933354436955511,0.48342778255354657,0.24527718968237625,0.15956292418088605,-0.2209266105394887,-0.7371767441271985,-0.2906389515212192,-1.7443925688547541,0.2535770688836253,0.9095968767204691,1.1751023395339313,0.7521471226577068,-0.24715720363621776,0.4062181232470245,0.8642614064935761,0.5345009117385284,1.0555683537039735,0.46852625566974887,1.6663856811165887,1.0097561689208299,Materiais Básicos,False
UNIP6,1.6999904259665375,0.10331275366985808,-1.3277842168630145,-1.4297597606736534,0.40777051929778646,0.6091159011420161,1.0933354436955511,0.5128602198475221,0.24527718968237625,0.15956292418088605,-0.2209266105394887,-0.7781025869656273,-0.28079370562872313,-1.8159698995322184,0.2535770688836253,0.9095968767204691,1.1751023395339313,0.7521471226577068,-0.24715720363621776,0.4062181232470245,0.8642614064935761,0.5345009117385284,1.0555683537039735,0.46852625566974887,1.6663856811165887,1.0330278022216095,Materiais Básicos,False
USIM3,,1.2476092079996037,0.8736654823664947,0.8770795170519053,-1.2381410393352756,-1.6836189622692412,-1.89532923084539,-2.371518634962071,-1.892712910149415,0.6239773633479192,-0.8552772710138995,1.0430974193444535,-0.691012284482726,0.6415184537273931,0.9791116312316013,-0.6055479613746125,-1.9549766522187642,-1.8483087221182435,0.753329227874708,-0.8781001669176632,0.9426959397036415,0.21855175395287935,,0.04712289944629865,-1.2187537469584349,0.8003114692138128,Materiais Básicos,False
USIM5,,1.2530843106518992,0.8640100012295231,0.8770795170519053,-1.2381410393352756,-1.6836189622692412,-1.89532923084539,-2.4000190450750702,-1.892712910149415,0.6239773633479192,-0.8552772710138995,1.0430974193444535,-0.6893714101673101,0.6176593435015717,0.9791116312316013,-0.6055479613746125,-1.9549766522187642,-1.8483087221182435,0.753329227874708,-0.8781001669176632,0.9426959397036415,0.21855175395287935,,0.04712289944629865,-1.2187537469584349,0.8003114692138128,Materiais Básicos,True
VALE3,0.04112188973628929,-0.13430670143976375,-0.17878196156340234,-0.7088724863844165,0.7613310979001969,0.6231530533669828,1.0888597197351755,0.8758602798065526,0.5035578728835324,0.13107124079640545,-0.567837127986432,-1.3919902295420592,2.280611100735671,-0.3128459553054659,-1.1129637572863493,0.3402697254362566,0.5274997895161321,0.6582750606727071,0.23455848560978362,-0.08484475240417959,-0.27303932505237194,-1.834631696026476,,2.397793981654341,1.5763188935596164,0.14870573679198199,Materiais Básicos,True
ABCB4,0.24820025105427337,0.6132430947950013,0.8114922364131218,0.6004613244896952,-0.9030137990593461,-0.4446427249302106,-0.39564887055550246,-0.24159180418308537,-0.2508964166976566,,,0.5738825367842985,0.07015984835395112,0.6131200237956201,-0.7001035234789904,-0.0900198808410994,-0.4669788322110858,,-0.6576564456789868,0.6667966595537494,-0.1491487281042698,2.3376073870834415,0.14933286927495554,0.7830420999149896,0.7959122575684836,-0.18424858322247273,Financeiro e Outros,False
ALOS3,-0.44360536396056116,-0.6951210779907808,0.6773878874553743,0.11626091914510316,1.3822936444834961,0.318251746001876,-0.06655720814985691,-0.19003775067674109,-0.2237003237541503,0.7063836337141103,-0.34038149490026376,-0.4421894828409953,0.18112521170295992,0.20124412056645946,0.25184800338527497,-0.7700486530689811,-0.3364535554992491,-0.199503738856722,0.8504531802588842,-0.9144404555531959,-0.4698527019523269,1.7452575363393792,3.492769072572719,0.7170568696587651,-0.6358431610797409,-3.3451370568530643,Financeiro e Outros,True
B3SA3,-1.1595999864933972,-0.26992833585601217,-1.6381472045483998,-0.9731899928802289,2.011725046776693,0.36510212105911666,0.28185902280402714,-0.1591854544074003,-0.1706478468791331,0.42682367438688645,-0.30045580308022496,-0.8081572572474212,0.19763130950112498,-1.1742659713497938,0.10331655947737542,0.681904671417577,0.4311593813536954,-0.3351626943645372,0.5111285144228631,-0.47316498156986253,0.17155524574378725,-0.3534686252882791,0.061850976118282795,-1.2419332130130467,-0.9662482576908697,0.2028085596746039,Financeiro e Outros,True
BBAS3,-0.3323359293777556,0.45341160618530507,1.0171189048150016,0.6554840978243079,-0.3757305941159648,-0.6081931251300327,-0.47600846253827644,-0.019214863540434498,-0.027834866200425135,,,0.6147981885812901,0.1338262255754449,0.65197624108139,1.713532440024377,-0.5295880286550679,-0.566426662086771,,-0.8084674082727739,0.8138884842148607,-0.41640203964431743,0.24325157055207897,-0.5216622699885964,1.159243607479699,0.11191574177702399,-0.3210869670749746,Financeiro e Outros,True
BBDC3,0.23368684654347274,0.4626326536050952,0.7757310766910559,0.6224704338235404,-0.4762245696463505,-0.5146627400157594,-0.41172078895205727,-0.19003775067674109,-0.18913583124466937,,,0.5579708944188015,0.11482340710192716,0.6286625107099281,2.820766840065083,-0.2569638812303767,-0.5301696407779274,,-0.770764667624327,0.777115528049583,-0.4698527019523269,-0.4663291854673408,-0.4702553843192114,-0.1433219767990212,-0.3170312257532132,-0.1920679194426157,Financeiro e Outros,True
BBDC4,0.14176861797506815,0.3294397464303485,0.6326864378027918,0.6114658791566178,-0.4762245696463505,-0.5146627400157594,-0.41172078895205727,-0.16987023233617635,-0.18913583124466937,,,0.5329668849873067,0.11662659425634854,0.6131200237956201,2.820766840065083,-0.2569638812303767,-0.5301696407779274,,-0.770764667624327,0.777115528049583,-0.4698527019523269,-0.4663291854673408,-0.4702553843192114,-0.1433219767990212,-0.3170312257532132,-0.18033891511240124,Financeiro e Outros,True
BBSE3,1.2738141698175247,0.452387045360884,-2.8815627280846314,-3.0517302783685594,,,,-0.215013419085255,-0.22423620735894845,,,,0.2997194437822131,-3.561281111649209,0.012172264352073425,3.468797360484809,3.58038209734617,,1.3028860680402454,-1.2453970610406961,-1.0578099873404316,,-0.21457376875305953,-1.013127284721982,1.1089276122527107,0.2810019218760335,Financeiro e Outros,True
BMEB4,-1.2660316195726025,-0.03940215036125811,-1.4861622757296193,0.43539300448585705,0.14824416718855563,-0.5030779200016053,-0.4178434245316972,-0.13741521937751922,-0.1794899263583026,,,0.47159340729181914,0.12217486242379899,0.4499239111953866,,0.9108783233276406,-0.42761406621862713,,-0.8084674082727739,0.8138884842148607,0.22500590805179665,0.7511240913578567,1.3632568712221882,0.28086878913385166,1.9378386441016828,-0.8997178473655539,Financeiro e Outros,False
BPAC11,-1.1741133910041979,-0.22894590287916697,-1.0391477792037942,0.3803702311512443,0.23839925634750234,0.13613156077936586,0.13013245984607547,-0.1535759459947929,-0.16260959280716078,,,-0.5058360523029825,0.09790118919120332,0.45769515465254057,-0.7761921313354461,0.3794143954828775,-0.41829083216778157,,-0.6953591863274335,0.6667966595537494,-0.7371060134923745,1.2253785729613607,0.8789498957053501,-0.026776635047767065,0.6452011608686706,-0.07086820803039978,Financeiro e Outros,True
BPAN4,-1.135410978975396,-2.5495761701930246,-0.06465617677749529,0.47941122315354723,-0.29053817041530894,-0.6368144451650015,-0.5261375413465782,4.887961726252657,4.8944489619683305,,,0.4897781414238155,-4.834686756253596,0.5276363457669264,-0.7642421015301288,-0.8075727632482222,-0.5736780663485396,,-0.6576564456789868,0.6667966595537494,0.11810458343577769,-0.5419697736724567,-0.9004498486051178,-1.050833130582682,-1.3198396768712004,-0.6377700839907646,Financeiro e Outros,False
BRSR6,0.5699140510436895,0.7648780968093284,1.1054489693285043,0.6638475593711691,-0.5018650078475189,-0.5076777750072253,-0.45802322052308414,-0.25962236693789487,-0.2635218344267011,,,0.6420752897792845,0.27253292976170596,0.657882386108827,-0.3389020576120528,-0.3212909272519331,-0.5488161088796184,,-0.8084674082727739,0.8138884842148607,-0.3629513773363079,-0.0004792136644053001,-0.49370413918594847,0.7616183238577738,0.30320290297294067,-0.22725493243325906,Financeiro e Outros,False
CXSE3,0.23126794579167267,0.12042933824843809,-1.5934457548958174,-2.9430052782593643,,,,-0.17454482268001587,-0.1867243550230777,0.4352951883058932,-0.3054465145577298,,0.8041846303713085,-2.2855537857228123,-0.19037061370415326,1.2891826177877457,2.475019468277932,1.987939436098533,2.2967303115333015,-2.2500342234760855,-1.0578099873404316,,0.5583332666620804,-1.178518835883688,-0.6532329030066425,-0.08259721236061422,Financeiro e Outros,True
IGTI11,-1.0023714376263893,-0.5363141502055058,-0.3239245847624741,-0.46698047820179184,1.3227416589840084,0.6697147414312852,0.2007341013737982,-0.18696587702221798,-0.21217882625099,0.06424287865339609,-0.1706973046650987,-0.9036271114404018,0.19915708324717388,-0.4204553560058584,0.12019513264872758,-0.2431795142257574,0.004362444803880093,-0.08913713098595717,0.7750476989619905,-0.730575674726807,-0.2560500527202889,-0.5911961882186432,1.0872830639444366,-0.5752253021124915,-0.6648260642912435,-0.129513229681472,Financeiro e Outros,True
IRBR3,,0.42472390310151353,0.9008951357182868,0.40237934048508933,-1.2350988293099616,-0.4429390749281291,-0.3918222233182276,-0.22035580804964305,-0.22959504340693,,,0.5306937932208071,0.12980373115404337,0.32558401588092306,-0.2545091917552917,-0.4285026706211936,-0.2774064065105611,,0.20950658923528906,-0.17898133224763987,0.8664138557479107,-1.8761016594146884,-1.1732670927277313,3.3543751193645606,2.2065681226787333,0.6758784009932532,Financeiro e Outros,True
ITSA3,1.917241769796357,0.42882214639919797,0.38235831974832984,-0.5330078062033269,-0.7611642780432051,2.9996264842779166,3.129267232060316,-0.21247578432717074,-0.21874340040976736,0.3539686546834281,-0.27300688995394823,-2.837573586378209,0.4413389887563856,-0.27280173031993293,-0.0452148844305241,0.12057461506280524,0.8216992965946671,0.45004973454934255,1.9815353997122875,-2.0544020966768075,-0.6836553511843649,-0.5791897456464025,-0.08605655457959692,-0.843450978348833,-0.659029483648943,-0.020042522599470522,Financeiro e Outros,False
ITSA4,1.9832777603205003,0.43292038969688257,0.39129860967884633,-0.5220032515364046,-0.7611642780432051,2.9996264842779166,3.129267232060316,-0.2130100232236095,-0.21874340040976736,0.3539686546834281,-0.27300688995394823,-2.819843470599513,0.43939709489777795,-0.26503048686277897,-0.0452148844305241,0.12057461506280524,0.8216992965946671,0.45004973454934255,1.9815353997122875,-2.0544020966768075,-0.6836553511843649,-0.5791897456464025,-0.08605655457959692,-0.843450978348833,-0.659029483648943,-0.023952190709542007,Financeiro e Outros,True
ITUB3,1.5495688555227387,0.3581274495141401,0.03368701245818612,0.5674476604889276,-0.2942601695090268,-0.4238581949048166,-0.36006105124884547,-0.20633203701812453,-0.21057117543659554,,,0.4829588661243168,0.07986931764698939,0.5898062934241581,-0.7372363844559653,0.3618010376436418,-0.47940981094554647,,-0.8084674082727739,0.777115528049583,-0.3629513773363079,-0.4327111462650672,-0.04096279522048724,0.15661088800199982,0.87126780591839,0.022963826611315772,Financeiro e Outros,False
ITUB4,1.2641385668103244,0.270015218613923,-0.12723820629111085,0.5564431058220051,-0.2942601695090268,-0.4238581949048166,-0.36006105124884547,-0.1961814979857873,-0.21057117543659554,,,0.462501040225821,0.07751130367582294,0.5820350499670042,-0.7372363844559653,0.3618010376436418,-0.47940981094554647,,-0.8084674082727739,0.777115528049583,-0.3629513773363079,-0.4327111462650672,-0.04096279522048724,0.15661088800199982,0.87126780591839,0.05033150338181617,Financeiro e Outros,True
MULT3,-0.4605376692231621,0.07432410114948736,-0.48484980351177087,-0.5109986968694821,1.5898984828219884,0.47958740119899207,0.274397060691341,-0.2060649175699051,-0.18270522798709155,-0.015389352185267718,-0.10082734398003068,-0.4558280334399927,0.3560343656818351,-0.35051416489147275,-0.25788490638956213,0.3694590193128745,0.3648608281032386,0.27415295325531075,0.6996422176650969,-0.6570297623962512,0.11810458343577769,-0.12054363938681138,0.4613816840399945,-0.5589432323090073,-0.10835432263039511,0.24581490888539026,Financeiro e Outros,True
PSSA3,-0.4315108602015606,0.2403029547057102,-0.27922313510989133,0.050233591143567936,2.315911626042619,-0.4983076999957772,-0.415738768551196,-0.17748313661042928,-0.24151845361368893,1.0548339442306973,-0.5050749736579241,0.5193283343883095,0.17030608877643158,-0.4670828167487823,-0.355780630783405,0.4513994231736666,-0.008068533930580558,-0.050048957365061264,-0.016709854655391577,0.04165640474402671,2.7906376988362527,-0.12054363938681138,0.33647197061526074,0.4128392496463008,1.3813669024408344,-0.07086820803039978,Financeiro e Outros,True
SANB11,-0.22106649479495002,0.2034187650265496,0.7667907867605394,0.6114658791566178,-0.16729864486775775,-0.46798272995872686,-0.4335326782045245,-0.2095374703967573,-0.21874340040976736,,,0.5352399767538063,0.10123015009167358,0.6131200237956201,-0.7709935307986697,-0.4805769459719774,-0.5363851301451578,,-0.6953591863274335,0.7035696157190272,-0.41640203964431743,-0.21419389145028805,-0.8075567043253518,1.266362487765778,0.2974063223306403,1.9347915324362706,Financeiro e Outros,True
SANB3,-0.26218780757555205,0.22493454233939322,0.7846713666215724,0.6114658791566178,-0.16729864486775775,-0.46798272995872686,-0.4335326782045245,-0.21154086625840282,-0.21874340040976736,,,0.5375130685203058,0.10136885679585984,0.6208912672527741,-0.7709935307986697,-0.4805769459719774,-0.5363851301451578,,-0.6953591863274335,0.7035696157190272,-0.41640203964431743,-0.21419389145028805,-0.8075567043253518,-0.1484636830527529,-0.6010636772259379,1.8878755151154127,Financeiro e Outros,False
SANB4,-0.19203968577334854,0.17678018359160028,0.7399699169689898,0.6004613244896952,-0.16729864486775775,-0.46798272995872686,-0.4335326782045245,-0.2068662759145633,-0.21874340040976736,,,0.5306937932208071,0.10123015009167358,0.6131200237956201,-0.7709935307986697,-0.4805769459719774,-0.5363851301451578,,-0.6953591863274335,0.7035696157190272,-0.41640203964431743,-0.21419389145028805,-0.8075567043253518,-0.1484636830527529,-0.6010636772259379,1.976390401127431,Financeiro e Outros,False
SIMH3,-1.3320676100967457,1.7413255449156413,0.22143310099903263,0.6444795431573854,-0.6507449715962382,-0.3616749698288425,-0.594094969633344,-0.30075876196368256,-0.22530797456854476,-0.6778617406515982,2.9624464073550634,0.6739894981809381,0.11232668642657447,0.6208912672527741,-0.3186477698064301,-2.337974451954402,-0.6776010485686306,-0.16961278255838985,-0.8944296569512326,0.8138884842148607,1.6681737903680536,2.1858939787406095,,-1.251702454895137,-1.7780014108386322,-0.2898096221944027,Financeiro e Outros,False
SULA11,,-3.4528289930026896,0.6773878874553743,0.39137478581816687,-1.4870285413000863,-0.683722744322313,-0.5596207046727341,-0.4302796400163055,-0.22035105122416182,-2.7022655358209735,-0.693549192605895,0.6170712803477897,0.11440728698936836,0.030276764509072053,-0.008082023453549258,-1.0319516261567463,-0.5695344067703861,-2.3187265543218603,-0.016709854655391577,0.04165640474402671,2.8312602021903404,-1.2851685688941503,-1.4687529696801693,0.11890504214130024,-1.2502807091635944,-0.6025830710001213,Financeiro e Outros,False
INTB3,0.9999999999999998,1.0,1.0000000000000002,1.0000000000000002,-1.0,-1.0,-1.0,-1.0000000000000002,-1.0,0.9999999999999997,-1.0,1.0000000000000002,-1.0,1.0,0.9999999999999977,-1.0,-1.0,-0.9999999999999994,1.0,1.0,1.0,1.0,-1.0,1.0,1.0,-1.0,Tecnologia da Informação,False
TOTS3,-1.0,-1.0,-1.0,-1.0,1.0,1.0,1.0,0.9999999999999999,1.0,-1.0000000000000002,1.0,-1.0,1.0,-1.0,-1.0000000000000024,1.0,1.0,1.0000000000000007,-1.0,-1.0,-1.0,-1.0,1.0,-1.0,-1.0,1.0,Tecnologia da Informação,True
DASA3,,1.9783937003291518,1.1268799998039605,0.9739511781823308,-0.42519567700057853,-0.5355987877451782,-1.6279367731451952,-1.3424104406078594,-0.7164415349571727,-1.0416205039936721,1.0143008702581695,1.1569288863895264,0.351925924369975,1.054761772851448,-0.6464686103273415,-1.6283041749257618,-1.2240093128673284,-1.008117428655073,-0.1053865249889085,0.1349876986892153,-0.5850678552398286,1.1644034022502592,,-0.36893249681642737,-1.9969824183882958,-0.06361356180491921,Saúde,False
FLRY3,1.8846763971855576,0.2634802168115384,0.6607053638994461,0.5241742631079336,-0.5938696390009005,0.06703066757877392,0.07160344090874085,-0.5947277329786514,-0.49744797893181864,-0.10409352683293045,0.5321136110628178,0.3813031514701742,0.330206315558723,0.6514007009140488,0.8053662180775435,-0.12842000589995775,-0.1461677721666171,-0.41960931013860786,0.17762076718079534,-0.15725371084413675,-0.6043062758837539,0.27230256075547565,0.08817956524768059,0.31576284515276687,0.37081601879741727,-2.330958755706826,Saúde,True
HYPE3,0.0025466826011977636,-0.14698449632686653,0.8294563633218948,0.560900739570187,2.2136692319916644,0.27241662480142675,0.5662993483993866,0.8386252577503095,1.679670695305923,-1.7138491495708807,0.6334134554315891,-0.9154461240981175,0.572863990800548,0.7603435967783025,-0.5872100459026522,-0.4150295275914007,-0.28465784885373796,-1.4010865706259827,1.0266426436899059,-1.033977939444192,-1.1764569058340897,-0.20466224558827012,-1.6512357257790669,2.016938406921407,0.6263246448021342,-0.07976792177714612,Saúde,True
ODPV3,0.47197642393542877,0.5253283958825901,-1.1006331925723618,-2.0645526411281043,0.3838509430591045,2.0677850563749187,1.8583592211189035,-0.24136640540310914,-0.9305480768901717,1.314232168940571,-2.028746454579723,-1.5306142851060283,-2.4358168945668073,-1.5541482258577688,-1.0781672521612022,1.942850465349616,2.2755620355021677,1.5096521878986664,1.7360475893952954,-1.766529739341127,0.2998994943807314,-1.764816650761976,0.184254765101532,-1.0795444062750343,0.30693886229623796,0.7347349080225343,Saúde,False
PGMN3,-0.290453088835604,-0.4614045105782063,0.7134400512189614,0.7322909630607032,-0.09177040327901233,-1.1042104252441087,-0.6150977274801007,-0.9704852010343341,-0.9262143096761963,0.04852714386765544,0.6080884943393962,1.2480649102425503,0.30290166448172046,0.6241649769479853,-0.14277081271748326,-0.4111300783166872,-0.42922205171134653,0.20498070147928954,-0.6714011093283156,0.7194705177559184,1.2233436852891417,-0.6071801641693675,,-0.7329716180286988,-0.663993916521687,0.5462135271466464,Saúde,False
RADL3,-1.0119256443090194,-1.3759118034759292,-1.5616398291195634,-0.8102210483539419,-0.35262664683764955,-1.0336904804108937,-0.4095391540479146,1.6409545481510588,1.2982991804760855,0.5063891559694129,0.12691423358773218,0.42977975990263373,0.5585724882027441,-1.4389411134813206,-0.40943435262858485,0.39540601333655695,0.0008260811591865675,1.2289599436337308,-0.8600726374414516,0.9142981241114864,1.6392783396108046,-0.2652292051239839,-0.11095812172212066,-0.7763545184840471,-0.03799778281013012,0.6512168669661212,Saúde,True
RDOR3,-1.0568207705775616,-0.7829015026422772,-0.668208756552337,0.08345654556089212,-1.1340578089326285,0.2662673446450598,0.15631164424618008,0.669409974122585,0.09268202467334632,0.9904147116198423,-0.8860842100999818,-0.7700162988007392,0.319346511153097,-0.09758170815269573,2.058684855659719,0.24462730804763458,-0.19233113106232402,-0.11477952359202452,-1.3034507285073202,1.1890050490728372,-0.796690482323006,1.4051823026378607,1.4897595171519757,0.6251017875300339,1.394894591824323,0.5421749371535897,Saúde,True
BRAV3,,-0.21477261405728806,0.8818470608244836,1.1822187036734217,0.24921515527997914,0.30636495326679924,-0.14400371299602968,0.18942996362832026,0.2952173235757552,-0.3158453734334503,-0.33457873621315254,0.3722587656996807,0.38953944362951,1.1426010371768403,-0.16733624593162194,0.29584674728065274,-0.18661609597528034,0.3168968354597459,-0.24599853402040767,0.5495250268776137,-0.6762449553160013,2.842635799198459,,0.7147476433428714,-0.22735315510823972,0.12187734840137382,"Petróleo, Gás e Biocombustíveis",True
CSAN3,,1.509676155202796,-2.7342357113428553,1.1193948805427265,0.3619606213679064,-0.950633395007765,-1.7666427738105566,0.6334894778278968,0.5528942745146614,-0.5364804017373429,2.900049996099934,0.4664180589081493,0.3845500177892129,1.030379622492587,-0.0665236871958002,-2.847577094251016,-1.9633639093815827,-1.268965325345145,-1.9621645130420107,0.9237971378107753,-0.6032360532575934,-0.2599934321300952,,-1.6045536991613591,-1.6417466456825778,-0.05263827486889478,"Petróleo, Gás e Biocombustíveis",True
ENAT3,,-0.9531435675429569,-0.04510346091296149,-0.702495990247433,-0.11543589503868858,2.207673855917348,0.573043422535606,0.28159155263309127,0.28528634585171925,-0.2858216942328622,-0.622941950744023,-1.9840775468422467,0.2980666365573978,-1.3161701585551515,2.388136102323038,0.36417089257607327,0.11551312024178205,0.7027322171848682,0.19631228531505696,-0.01188313952212781,-0.7526305190946103,-0.5355260059917605,-0.9002498739134656,-0.18679411023619977,-0.2191952321433597,-0.030823821960111204,"Petróleo, Gás e Biocombustíveis",False
PETR3,1.011492198272795,0.06730168277993391,0.3329947782167859,0.05138988732090877,1.4056615074390049,0.49012917880135476,0.15791087038571164,0.21914561615789596,0.28826563916893,-0.3022753489360094,-0.3761955949995388,0.06624106277215767,-2.0094097632242374,0.3944582726151509,-1.3014775317096157,0.4484857952810602,0.39626526927367506,0.48068001790632847,0.19631228531505696,-0.01188313952212781,-0.5393532639564869,-0.5646276183969194,-0.5960584665094433,1.2774054691210255,0.8386154456360752,-1.4210589058368883,"Petróleo, Gás e Biocombustíveis",True
PETR4,1.3467934794681966,0.12122765129293218,0.38178164778191465,0.11421371045160399,1.4056615074390049,0.49012917880135476,0.15791087038571164,0.2122550300640813,0.28826563916893,-0.3022753489360094,-0.3761955949995388,0.1133207093763919,-1.9155752945877178,0.4692725490713198,-1.3014775317096157,0.4484857952810602,0.39626526927367506,0.48068001790632847,0.19631228531505696,-0.01188313952212781,-0.5393532639564869,-0.5646276183969194,-0.5960584665094433,1.2774054691210255,0.8386154456360752,-1.3615054493959091,"Petróleo, Gás e Biocombustíveis",True
PRIO3,,0.4675982952033445,-0.09389033047809021,-1.4111487151616742,0.2640331308229639,0.22277775345767833,2.3434731421980635,0.5468791172449553,0.36537258764055214,-0.3293305852777823,-0.39700402439273197,-1.7698651547929807,0.8422965757975301,-0.9521987035958899,0.45014067632528576,0.7184839193207144,1.7675043695554349,-2.1918835584316376,0.7860600444290099,-0.7604273613884511,-0.6944971808306032,0.2574929320488211,1.5485494540364915,0.9219456970254977,2.125391827963141,0.012805083857455943,"Petróleo, Gás e Biocombustíveis",True
RAIZ4,,1.3718953056520853,0.9484411377808842,1.7539154941627477,-1.4331018211053879,-1.1919579357696546,-0.6949110706035175,-2.9689089320184023,-2.9908885849302655,2.9927640744713613,0.3853929207913299,1.0068924019247592,0.17499413249673768,1.414925003477295,-0.6587974697687524,-0.5612578498721119,-1.4549887489620048,-0.7555680419068188,-1.4254940522483133,1.9455600006583056,0.6287891689780364,-0.37416129618110344,,-1.581927671699216,-1.0404261439412759,-0.05263827486889478,"Petróleo, Gás e Biocombustíveis",True
RECV3,-0.5207986028889863,0.15856101410962345,0.7110930173465332,-0.26272922833256696,0.493389621836119,0.4218556644534469,0.28978160795474806,0.23809472791588626,0.28720160584135473,-0.2966777138308149,-0.5509864019023611,-0.027918230436311035,0.7620832397050215,0.09520116679047527,0.3871328271153974,0.3795801678980192,0.6029102520636469,0.8334437954835832,1.7923171584171922,-2.037630939947864,-0.5302271511991858,0.31271137609963556,0.9972902756380677,-0.31203382268436486,-0.22191453979831974,2.10393853969345,"Petróleo, Gás e Biocombustíveis",True
UGPA3,-0.5996665117723136,-0.42010610954908917,-0.17926735221706522,-0.9537912827702136,-1.2358036980495775,-0.9385100606843048,-0.4337723073911493,0.252306561734379,0.2949335813550685,-0.3031234754670994,-0.317931992698598,0.8783649666951995,0.5974321869752195,-1.0644201182801434,-0.02871897766986703,0.4457237553648624,0.41336692302181055,1.075638176526467,0.27003075520430114,-0.5732913059218704,1.8824432784484695,-0.5953540708280332,0.7691467200850509,-0.39122952320305765,-0.07235261877552038,1.190785540931769,"Petróleo, Gás e Biocombustíveis",True
VBBR3,-1.2378205630796908,-2.1082378130913813,-0.20366078699962958,-0.8909674596395184,-1.3955801299913257,-1.0578291932362558,-0.48279004865858716,0.3957168848118963,0.33345158781329365,-0.32093413261999065,-0.30960862094132074,0.8783649666951995,0.4760228248613251,-1.214048671192481,0.2989218382215531,0.30805787112068533,-0.08685644911115599,0.32634586521627945,0.19631228531505696,-0.01188313952212781,1.8243099401844625,-0.5185500654220845,-1.222619642827257,-0.11496545162622258,-0.37963438378599895,-0.5107417859533498,"Petróleo, Gás e Biocombustíveis",True
TIMS3,1.0,-1.0000000000000002,-0.9999999999999999,-0.999999999999999,0.9999999999999992,0.9999999999999994,-0.9999999999999998,-1.0,-1.0,1.0,-1.0,-1.0000000000000009,-0.9999999999999997,-1.0,,0.9999999999999997,-1.0000000000000002,1.0000000000000002,-0.9999999999999998,0.9999999999999997,-0.9999999999999943,1.0,-1.0,-0.9999999999999999,-0.9999999999999998,-1.0,Comunicações,True
VIVT3,-1.0,0.9999999999999998,1.0,1.000000000000001,-1.0000000000000009,-1.0000000000000004,1.0000000000000002,1.0,1.0,-1.0,1.0,0.9999999999999992,1.0000000000000004,1.0,,-1.0000000000000004,0.9999999999999998,-0.9999999999999998,1.0000000000000002,-1.0000000000000002,1.0000000000000058,-1.0,1.0,1.0,1.0000000000000002,1.0,Comunicações,True
