TICKER,PRECO,ULTIMO DIVIDENDO,DY,VALOR PATRIMONIAL COTA,P/VP,LIQUIDEZ MEDIA DIARIA,PERCENTUAL EM CAIXA,CAGR DIVIDENDOS 3 ANOS,CAGR VALOR COTA 3 ANOS,PATRIMONIO,N COTISTAS,GESTAO,N COTAS,SETOR
BTYU11,6.98,0.074753,16.18,10.12,0.69,4822.67,3.84,,,303669557.54,907.00,,30000000.00,Incorporações
SMRE11,57.41,1.001002,21.38,104.32,0.55,158941.14,1.37,,,104092586.47,1233.00,,997857.00,Incorporações
SPGM11,13.36,,0.00,16.30,0.82,0.00,0.01,,,73661026.38,118.00,,4518848.00,Incorporações
VCTH11,101.00,,0.00,94.92,1.06,320439.33,4.59,,,67960358.54,176.00,,715952.00,Incorporações
AZPL11,7.40,0.075000,12.30,8.58,0.86,905908.43,2.03,,,359628623.57,5880.00,,41922689.00,Serviços Financeiros Diversos
BBIG11,4.93,0.030000,16.67,9.79,0.50,1267562.43,3.33,,,970733277.39,38013.00,,99120994.00,Serviços Financeiros Diversos
RDLS11,0.00,,0.00,1920.58,,,3.80,,,393719661.70,32.00,,205000.00,Serviços Financeiros Diversos
RENV11,5.68,0.080000,16.11,14.15,0.40,23718.57,3.05,,,14532452.74,898.00,,1026794.00,Serviços Financeiros Diversos
ZAGH11,8.34,0.060000,8.75,9.11,0.91,17665.00,0.14,,,213590597.44,570.00,,23458324.00,Serviços Financeiros Diversos
BRIM11,95.00,48.330000,0.00,0.00,8.34,0.00,128.69,,,0.00,714.00,,0.00,Fundo de Desenvolvimento
BRIP11,371.35,11.770000,0.00,425.97,0.87,1014.05,3.69,,6.94,91785339.82,388.00,,215475.00,Fundo de Desenvolvimento
BTWR11,89.40,0.600000,10.63,126.59,0.71,30.00,0.55,6.08,,102447709.44,139.00,,809269.00,Fundo de Desenvolvimento
CFHI11,20.10,10.620000,98.11,26.58,0.76,40.00,154.38,,22.55,2514034.94,96.00,,94600.00,Fundo de Desenvolvimento
DMAC11,13.00,4.894618,0.00,4.99,2.61,,105.14,,,778257.90,2352.00,,156108.00,Fundo de Desenvolvimento
DVLT11,103.41,,0.00,104.05,0.99,0.00,8.46,,,42427334.11,211.00,,407744.00,Fundo de Desenvolvimento
EGYR11,2.98,,0.00,132.25,0.02,519.00,0.00,,-32.31,100818968.57,89.00,,762353.00,Fundo de Desenvolvimento
FLFL11,0.00,0.180000,0.00,123.39,,,1.05,,-100.00,426226803.08,1.00,,3454262.00,Fundo de Desenvolvimento
HCST11,35.10,,0.00,57.64,0.61,17.56,3.34,,-12.83,50201682.36,67.00,,870918.00,Fundo de Desenvolvimento
HDOF11,90.00,,0.00,92.97,0.97,251437.50,4.66,,-7.85,313322775.36,121.00,,3370000.00,Fundo de Desenvolvimento
HOMS11,133.12,,0.00,88.61,1.50,34537.33,0.47,,,46957938.68,2579.00,,529951.00,Fundo de Desenvolvimento
HRDF11,5.00,6.800000,0.00,7.99,0.63,342.83,9.03,,5.07,12116714.29,834.00,,1517425.00,Fundo de Desenvolvimento
INRD11,71.50,0.720000,11.44,119.22,0.60,39794.24,1.36,7.36,3.96,134581865.93,5773.00,,1128870.00,Fundo de Desenvolvimento
JPPC11,12262.77,0.350000,0.24,61.16,200.50,10205711351.16,101.26,,857.03,3363854.71,492.00,,55000.00,Fundo de Desenvolvimento
JTPR11,2517.00,1.630372,0.00,31.20,80.67,,19.42,,,6698037.61,7.00,,214674.00,Fundo de Desenvolvimento
KEVE11,504.68,20.311305,29.38,376.11,1.34,25670.12,37.40,,9.12,55551114.14,433.00,,147700.00,Fundo de Desenvolvimento
KINP11,10.00,3.053493,0.00,0.00,0.16,0.00,3.50,,,0.00,0.00,,0.00,Fundo de Desenvolvimento
KNRE11,0.33,0.001240,0.38,0.64,0.52,1630.24,32.40,,36.41,11905990.23,5362.00,,18547161.00,Fundo de Desenvolvimento
LATR11B,774.06,9.998500,0.00,0.00,12.13,0.00,3.50,,,0.00,0.00,,0.00,Fundo de Desenvolvimento
LOFT11B,29.90,0.201705,0.00,0.00,,,7677.06,,,1037.85,8.00,,1958596.00,Fundo de Desenvolvimento
LRED11,12.00,,0.00,10.85,1.11,0.00,6.56,,,15281664.36,112.00,,1408780.00,Fundo de Desenvolvimento
MADS11,0.00,,0.00,63.81,,,3.50,,,118155565.38,8102.00,,0.00,Fundo de Desenvolvimento
MFII11,28.60,0.300000,40.26,97.85,0.29,1187587.33,0.01,-5.79,-22.78,665382540.38,32141.00,,6800000.00,Fundo de Desenvolvimento
MGIM11,101.50,0.176173,0.00,98.41,1.03,,101.04,,,24337124.08,75.00,,247300.00,Fundo de Desenvolvimento
MGLC11,0.00,,0.00,63.81,,,3.50,,,118155565.38,8102.00,,0.00,Fundo de Desenvolvimento
NVIF11,227.50,0.889152,3.97,365.81,0.62,,4.52,6.45,,123425518.30,7.00,,337400.00,Fundo de Desenvolvimento
ORPD11,93.00,1.379310,0.00,140.50,0.66,,0.00,,,40744869.24,6.00,,290000.00,Fundo de Desenvolvimento
PABY11,26.49,,0.00,-34.71,,644.00,,,2.64,-26327409.60,518.00,,758400.00,Fundo de Desenvolvimento
PATC11,39.00,0.090000,1.64,34.33,1.14,62143.95,0.55,-53.85,7.38,119395641.85,4180.00,,3477434.00,Fundo de Desenvolvimento
PNDL11,160.00,3.410000,0.00,89.89,1.78,0.00,15.31,,-3.97,12973549.31,57.00,,144332.00,Fundo de Desenvolvimento
PNPR11,45.99,1.230000,0.00,38.75,1.19,657.00,1.34,,-4.78,34794109.30,15.00,,897816.00,Fundo de Desenvolvimento
PRSN11B,0.20,0.086353,83.89,25.93,0.01,0.00,46.75,,-47.72,8379160.01,486.00,,323124.00,Fundo de Desenvolvimento
RBBV11,100.00,0.224057,0.00,100.84,0.99,,1.01,75.40,,126470249.69,3475.00,,1254164.00,Fundo de Desenvolvimento
RBDS11,1.74,2.354143,0.00,24.66,0.07,91.47,9.74,18.99,-13.52,3119455.60,798.00,,126523.00,Fundo de Desenvolvimento
RBIR11,71.50,0.473060,16.87,81.03,0.88,175885.86,8.40,,8.06,123869590.94,1453.00,,1528615.00,Fundo de Desenvolvimento
RBRI11,225.02,13.000000,0.00,385.74,0.58,368.75,1.54,,19.33,53874606.31,142.00,,139665.00,Fundo de Desenvolvimento
RBRM11,94794.81,2002.089652,0.00,5301.98,17.88,,100.00,,,2860101.93,54.00,Ativa,539.00,Fundo de Desenvolvimento
RBRS11,41.45,0.170000,5.02,95.83,0.43,2232.78,4.21,-25.50,-6.28,73259527.64,858.00,,764452.00,Fundo de Desenvolvimento
RBTS11,285.05,7.341884,2.58,247.33,1.15,106.88,18.04,,,13980281.38,123.00,,56525.00,Fundo de Desenvolvimento
RCFA11,0.85,,0.00,18.12,0.05,0.27,0.00,,-30.48,10578486.81,279.00,,583926.00,Fundo de Desenvolvimento
ROOF11,274.81,41.715400,0.00,282.48,0.97,45.75,19.97,,-1.77,21890486.13,81.00,,77495.00,Fundo de Desenvolvimento
RSPD11,698.50,3.831391,7.05,782.64,0.89,607.10,8.82,,,116621685.67,193.00,,149011.00,Fundo de Desenvolvimento
SLDZ11,0.00,,0.00,-85.58,,,,,,-430039.32,2.00,Ativa,5025.00,Fundo de Desenvolvimento
SNEL11,8.38,0.100000,14.32,8.03,1.04,2998962.67,3.64,,,888650216.21,112685.00,,110660070.00,Fundo de Desenvolvimento
STRX11,140.31,0.820000,7.55,153.30,0.92,141.00,1.14,3.11,,247359128.55,111.00,,1613559.00,Fundo de Desenvolvimento
TELD11,0.00,,0.00,24.65,,,16.24,,,11578033.46,2.00,,469760.00,Fundo de Desenvolvimento
TGAR11,46.60,0.720000,21.41,108.03,0.43,3111948.52,0.19,-14.89,-17.73,2546117967.96,132351.00,,23567968.00,Fundo de Desenvolvimento
TORM13,142.00,10.562960,0.00,0.00,2.23,,3.50,,,0.00,0.00,,0.00,Fundo de Desenvolvimento
TOUR11,8.80,0.242328,0.00,0.00,0.14,,3.50,,,0.00,0.00,,0.00,Fundo de Desenvolvimento
TRXB11,184.99,1.000000,19.38,110.61,1.67,26957.90,8.26,38.27,30.01,449736535.65,830.00,,4066022.00,Fundo de Desenvolvimento
VIDS11,915.64,46.086122,12.02,651.77,1.40,,29.49,,,61659583.51,199.00,,94603.00,Fundo de Desenvolvimento
VXXV11,791.00,93.020000,0.00,425.55,1.86,42726989.44,0.64,,5.60,203357360.42,14.00,,477875.00,Fundo de Desenvolvimento
YUFI11,15.00,0.171599,0.00,39.27,0.38,0.00,4.19,,-30.69,19346488.14,56.00,,492650.00,Fundo de Desenvolvimento
ZIFI11,749.99,3.304958,0.00,1535.87,0.49,1669.67,0.00,,-9.11,72931015.75,86.00,,47485.00,Fundo de Desenvolvimento
ALZM11,6.32,0.080000,0.00,7.46,0.85,,3.80,-6.90,-12.11,113203496.22,12195.00,Ativa,15180540.00,Fundo de Fundos
AQLL11,385.03,,0.00,766.12,0.50,,0.27,,,111714708.33,83.00,,145817.00,Fundo de Fundos
BBFO11,67.75,0.950000,14.75,71.75,0.95,283072.71,1.04,9.02,8.59,287294548.98,11395.00,,4003900.00,Fundo de Fundos
BCFF11,7.28,0.070000,0.00,8.76,0.83,,6.73,1.07,-6.37,1766025679.12,351688.00,Ativa,201491024.00,Fundo de Fundos
BCIA11,87.50,0.860000,11.87,99.28,0.88,257119.24,1.08,0.29,4.15,369234717.76,19402.00,,3719038.00,Fundo de Fundos
BICE11,500.00,9.650000,13.09,801.52,0.62,260.00,29.26,-9.57,-10.30,106933814.68,119.00,,133414.00,Fundo de Fundos
BLMR11,6.78,0.053000,0.00,0.00,0.11,,3.50,,-2.83,0.00,0.00,,0.00,Fundo de Fundos
BPFF11,54.53,0.670000,2.51,62.15,0.88,512062.00,4.94,1.28,-1.32,279190787.97,20101.00,,4492326.00,Fundo de Fundos
CLIN11,89.29,1.320000,12.36,97.60,0.92,582497.29,7.00,,,424228979.21,10908.00,,4346763.00,Fundo de Fundos
CPFF11,69.90,0.500000,0.00,62.49,1.12,,8.22,-0.91,2.25,67464811.29,6536.00,Ativa,1079696.00,Fundo de Fundos
CPFO11,0.00,,0.00,31.93,,,0.87,,,90509108.49,528.00,,2834551.00,Fundo de Fundos
CPHH11,0.00,,0.00,73.46,,,30.00,,,108236367.68,420.00,,1473378.00,Fundo de Fundos
CRFF11,64.99,0.650000,11.69,82.43,0.79,13702.24,5.02,1.77,1.47,56882901.75,1138.00,,690040.00,Fundo de Fundos
CXRI11,63.73,0.650000,11.58,82.56,0.77,18974.10,4.38,1.78,0.92,130088054.97,1763.00,,1575760.00,Fundo de Fundos
DVFF11,5.18,0.065000,20.46,8.28,0.63,39301.29,9.50,6.56,-4.67,91128504.42,2167.00,,11009500.00,Fundo de Fundos
FLNR11,1273.88,,0.00,1215.74,1.05,,0.02,,,154623195.91,125.00,,127184.00,Fundo de Fundos
FOFT11,123.00,1.900000,0.00,7.00,17.57,,2.33,-47.71,,250509603.82,11454.00,Ativa,35769919.00,Fundo de Fundos
GCFF11,69.30,0.750000,0.00,77.51,0.89,,4.26,,0.00,27939468.78,1759.00,,360477.00,Fundo de Fundos
HFOF11,6.09,0.060000,11.44,7.66,0.80,1961226.33,1.09,-2.53,-0.75,1677135656.42,91647.00,,218937000.00,Fundo de Fundos
HGFF11,62.38,1.990000,4.28,71.18,0.88,1552502.00,18.73,8.82,-4.53,203824815.19,14789.00,,2863597.00,Fundo de Fundos
IBFF11,66.40,0.296485,0.00,14.78,4.49,,101.13,,,9855905.16,3870.00,,666681.00,Fundo de Fundos
ITIT11,60.62,0.640000,12.27,76.26,0.79,213431.38,1.60,0.23,0.55,68670528.86,8936.00,,900494.00,Fundo de Fundos
JCIN11,148.90,7.082941,4768.25,178.14,0.84,9973769.00,0.22,,,234736005.14,5.00,,1317717.00,Fundo de Fundos
JSAF11,6.92,0.080000,14.09,9.13,0.76,1468554.19,22.00,-6.51,0.98,708097804.07,26490.00,,77523290.00,Fundo de Fundos
KFOF11,76.38,0.800000,12.49,89.31,0.86,827705.52,4.52,-0.28,0.04,626469212.71,28870.00,,7014565.00,Fundo de Fundos
KISU11,6.22,0.070000,12.34,8.07,0.77,417335.81,3.53,-2.09,-0.42,356882460.97,103453.00,,44196050.00,Fundo de Fundos
MFAI11,69.98,0.720000,0.00,0.00,,,,-11.46,1.22,0.00,0.00,Ativa,0.00,Fundo de Fundos
MGFF11,69.99,0.520000,0.00,0.00,1.10,,3.50,-2.71,0.18,0.00,0.00,,0.00,Fundo de Fundos
MORE11,76.21,0.700000,0.00,0.00,1.19,,3.50,-3.30,-0.05,0.00,0.00,,0.00,Fundo de Fundos
N4V1,0.00,,0.00,63.81,,,3.50,,,118155565.38,8102.00,,0.00,Fundo de Fundos
N4V111,0.00,,0.00,63.81,,,3.50,,,118155565.38,8102.00,,0.00,Fundo de Fundos
OUFF11,61.10,0.755800,0.00,0.00,,,,-0.22,-5.53,0.00,0.00,Ativa,0.00,Fundo de Fundos
PSEC11,52.26,0.600000,14.48,72.51,0.72,1779105.43,8.21,-5.13,-5.34,1334067440.93,83271.00,,18399378.00,Fundo de Fundos
RBFM11,10.05,0.108000,13.59,12.49,0.80,393635.90,6.25,3.90,3.94,234177435.66,21558.00,,18746075.00,Fundo de Fundos
RBRF11,6.53,0.120000,3.68,8.57,0.76,2739709.00,14.59,6.82,-1.39,1172603582.62,111834.00,,136807700.00,Fundo de Fundos
RCFF11,47.00,0.510300,1.99,102.24,0.46,2360.53,11.48,,-7.66,33043805.98,120.00,,323200.00,Fundo de Fundos
RECX11,67.99,0.600000,0.00,72.48,0.94,,17.45,-12.46,0.57,15823826.78,577.00,Ativa,218313.00,Fundo de Fundos
RFOF11,63.84,0.650000,9.16,0.42,152.00,173508.00,117.95,-3.87,1.03,320577.91,3285.00,,767207.00,Fundo de Fundos
SNFF11,72.72,1.100000,14.08,85.32,0.85,382546.00,5.01,0.59,4.88,343029904.65,25422.00,,4020635.00,Fundo de Fundos
TCIN11,145.92,,0.00,42.93,3.40,277248.00,0.00,,2.26,36649922.39,107.00,,853657.00,Fundo de Fundos
TFOF11,138.00,2.370000,0.00,121.20,1.14,,13.36,180.03,,103080374.68,3278.00,,850530.00,Fundo de Fundos
TMPS11,71.26,0.710000,15.35,78.67,0.91,83362.81,4.77,-1.68,4.35,77016305.75,1921.00,,978968.00,Fundo de Fundos
VIFI11,6.96,0.070000,0.00,0.00,,,,5.09,-0.99,0.00,0.00,Ativa,0.00,Fundo de Fundos
VTPA11,0.00,,0.00,105.38,,,1.69,,,69748670.70,1.00,,661866.00,Fundo de Fundos
XBXO11,0.00,,0.00,8.66,,,0.05,,,26357364.08,5.00,,3042600.00,Fundo de Fundos
XPSF11,5.85,0.070000,14.01,7.65,0.77,307378.67,3.46,-2.50,-0.94,331161486.27,53823.00,,43302140.00,Fundo de Fundos
HCRI11,267.97,2.671625,19.02,285.82,0.94,29628.33,2.93,15.96,9.92,57163712.45,2999.00,,200000.00,Hospitalar
HUCG11,83.99,0.140000,10.70,128.35,0.65,2566.84,0.81,,1.76,143804844.05,248.00,,1120448.00,Hospitalar
HUSC11,96.01,1.130000,13.23,150.03,0.64,2417.00,1.56,14.54,2.30,127647521.77,763.00,,850821.00,Hospitalar
HUSI11,1191.37,8.625703,9.86,1316.13,0.91,2409.06,2.32,3.58,4.17,153147369.45,105.00,,116362.00,Hospitalar
NSLU11,173.47,3.629542,18.86,175.35,0.99,132985.29,5.08,20.42,11.48,226774449.82,5211.00,,1293286.00,Hospitalar
NVHO11,11.90,0.086595,10.50,16.59,0.72,648.90,1.38,5.01,12.94,688315119.71,1666.00,,41494533.00,Hospitalar
BRHT11B,86.80,,0.00,58.53,1.48,,0.63,,,107791308.50,11.00,,1841677.00,Hotéis
BTHI11,42.75,0.450000,11.30,64.78,0.66,13819.86,3.12,-5.33,-22.69,597196450.77,1744.00,,9218512.00,Hotéis
BTHI12,45.00,0.560000,0.00,64.78,0.69,,3.12,,4.00,597196450.77,1744.00,,9218512.00,Hotéis
BTHR11,0.00,0.210000,0.00,11.54,,,7.41,,,388456583.93,24.00,,33675336.00,Hotéis
HTMX11,135.65,1.200000,12.70,148.86,0.91,417052.00,8.61,-15.56,16.42,429908290.23,33042.00,,2888094.00,Hotéis
MGHT11,12.03,0.130000,0.00,22.97,0.52,13664.86,6.95,-14.07,-42.18,30182796.00,3164.00,,1313784.00,Hotéis
RECH11,0.00,,0.00,63.81,,,3.50,,,118155565.38,8102.00,,0.00,Hotéis
BBRC11,102.14,1.050000,14.39,104.35,0.98,51304.48,10.42,3.23,8.72,165920780.61,8238.00,,1590000.00,Agências de Bancos
BNFS11,39.55,0.500000,20.72,68.72,0.58,28788.33,9.03,-20.67,-21.18,48105821.09,4966.00,,700000.00,Agências de Bancos
CXAG11,74.30,0.720000,11.74,103.42,0.72,159709.43,3.31,1.09,6.25,216204707.25,11261.00,,2090621.00,Agências de Bancos
TVRI11,89.99,1.050000,14.00,100.53,0.90,616041.43,2.48,3.60,-2.64,1600433840.24,57451.00,,15919690.00,Agências de Bancos
AIEC11,59.96,0.380000,7.01,75.68,0.78,282192.14,7.75,-22.33,5.52,365164158.55,11224.00,,4824987.00,Lajes Corporativas
ALMI11,583.34,2.293640,6.59,2048.97,0.28,21305.60,4.34,,-3.82,227798607.56,1835.00,,111177.00,Lajes Corporativas
ATCR11,0.00,0.342911,0.00,74.24,,,1.28,,,68965403.04,33.00,,928908.00,Lajes Corporativas
BBFI11,5.92,361.119836,6100.00,33.91,0.17,154597.00,392.07,28.01,-82.31,4408674.69,5522.00,,130000.00,Lajes Corporativas
BGRB11,105.00,0.690000,5.20,115.44,0.91,84698.67,3.43,,,223145849.86,377.00,,1932933.00,Lajes Corporativas
BLMO11,92.63,0.350000,6.67,98.37,0.94,1039.08,1.81,-75.56,12.83,97860794.21,269.00,,994814.00,Lajes Corporativas
BMII11,0.00,0.228341,0.00,454.06,,,0.27,,,34190505.41,24.00,Ativa,75300.00,Lajes Corporativas
BMLC11,101.97,0.790000,8.52,110.33,0.92,14585.90,5.34,-0.76,12.63,110157095.56,1200.00,,998405.00,Lajes Corporativas
BRCR11,39.65,0.410000,12.40,80.72,0.49,1034534.05,1.28,-2.88,-4.96,2150203695.80,111553.00,,26638202.00,Lajes Corporativas
BREV11,105.00,0.580000,0.00,0.00,1.65,532138.00,3.50,8.81,-0.10,0.00,320.00,,967201.00,Lajes Corporativas
BROF11,57.90,0.570000,10.97,108.42,0.53,491274.48,1.35,-0.39,4.89,1258875900.23,10915.00,,11610812.00,Lajes Corporativas
BTML11,101.37,1.000000,12.04,146.26,0.69,,2.44,,,165882074.88,1.00,,1134132.00,Lajes Corporativas
CBOP11,29.76,0.200000,6.92,72.06,0.41,2572.57,1.24,12.68,-0.69,101962326.51,1963.00,,1415000.00,Lajes Corporativas
CENU11,100.00,,0.00,99.51,1.00,,1.18,,,113419331.24,27.00,,1139780.00,Lajes Corporativas
CEOC11,40.50,0.500000,13.83,68.44,0.59,12948.24,3.09,2.64,-3.62,124257669.52,3596.00,,1815696.00,Lajes Corporativas
CJCT11,68.75,0.240000,4.54,73.75,0.93,19428.26,0.36,23.16,5.01,231577871.31,778.00,,3140000.00,Lajes Corporativas
CNES11,1.35,0.007439,6.80,6.37,0.21,32756.76,6.01,8.94,-10.61,217368420.12,74647.00,,34134825.00,Lajes Corporativas
COPP11,103.00,0.750000,0.00,125.83,0.82,,0.40,,0.99,690734038.90,119.00,,5489284.00,Lajes Corporativas
CTXT11,4.88,0.010000,0.00,16.07,0.30,519.45,2.32,-23.80,-27.30,95422057.79,2178.00,,5937402.00,Lajes Corporativas
CXCE11,40.00,0.479478,14.04,63.16,0.63,16145.95,7.73,4.01,-2.38,108187944.52,2793.00,,1712950.00,Lajes Corporativas
CXCO11,69.55,0.750000,12.82,95.66,0.73,125419.52,1.82,0.95,6.16,375400174.08,11903.00,,3924500.00,Lajes Corporativas
DAYM11,3.90,0.037000,10.18,9.92,0.39,13750.81,3.14,,-7.89,169605149.91,954.00,,17100937.00,Lajes Corporativas
DOMC11,439.00,,0.00,103.11,4.26,,1.61,,,544408209.32,7557.00,,5280066.00,Lajes Corporativas
DOVL11B,784.35,7.687497,10.41,582.06,1.35,0.00,5.26,2.04,-13.23,38652143.84,101.00,,66406.00,Lajes Corporativas
DRIT11,8.68,0.520000,0.00,133.56,0.07,1246.00,23.67,8.33,-55.70,61876341.24,338.00,Ativa,463277.00,Lajes Corporativas
DVLP11,150.29,,0.00,144.48,1.04,0.00,3.22,,,102832215.38,161.00,,711756.00,Lajes Corporativas
EDFO11,144.94,0.856500,7.00,190.61,0.76,2374.11,12.48,-21.81,-9.23,56895974.50,443.00,,298500.00,Lajes Corporativas
EDGA11,13.00,0.040000,2.70,42.81,0.30,64927.29,0.93,-12.83,-12.85,163187072.83,3505.00,,3812055.00,Lajes Corporativas
ERPA11,123.50,0.940000,9.07,165.59,0.75,4097.18,1.01,6.82,8.60,82946711.08,840.00,,500922.00,Lajes Corporativas
FAMB11,699.00,45.426656,0.00,972.12,0.72,17754.00,0.16,45.38,-7.74,119121421.41,1893.00,,122538.00,Lajes Corporativas
FATN11,78.30,0.800000,12.26,97.15,0.81,1695451.48,1.35,-2.00,2.89,664768028.71,30452.00,,6842990.00,Lajes Corporativas
FCAS11,0.00,0.121915,0.00,60.79,,,186.17,,,80684223.04,2.00,,1327300.00,Lajes Corporativas
FISC11,75.00,0.610000,8.07,111.17,0.67,295.89,0.90,10.70,,188993487.95,211.00,,1699996.00,Lajes Corporativas
FLMA11,146.50,1.150000,9.51,250.50,0.58,55932.67,1.08,5.84,10.16,345860261.02,10723.00,,1380670.00,Lajes Corporativas
FMOF11,41.51,0.100000,29.34,47.62,0.87,444.05,15.30,54.00,18.99,24191922.92,372.00,,508008.00,Lajes Corporativas
FPAB11,197.25,1.800000,11.61,358.36,0.55,10215.26,5.16,27.97,8.56,268770591.47,648.00,,750000.00,Lajes Corporativas
FPNG11,410.00,4.830000,0.00,212.83,1.93,233.89,5.07,15.77,77.80,647730874.66,139.00,,3043447.00,Lajes Corporativas
FVBI11,94.97,0.369573,0.00,0.00,1.49,,3.50,142.93,,0.00,0.00,,0.00,Lajes Corporativas
GTWR11,78.85,0.900000,13.71,101.38,0.78,574957.81,1.57,4.44,10.65,1216581053.05,33059.00,,12000000.00,Lajes Corporativas
HAAA11,55.99,0.080000,5.48,64.60,0.87,1987.21,1.99,4.50,0.43,223203178.84,228.00,,3455000.00,Lajes Corporativas
HGPO11,45.82,1.200879,237.45,50.42,0.91,0.00,100.35,142.33,-23.90,88394914.20,7984.00,,1753057.00,Lajes Corporativas
HGRE11,116.01,0.850000,9.89,146.56,0.79,2378778.95,7.11,3.08,1.92,1732042024.90,143433.00,,11817767.00,Lajes Corporativas
HOFC11,34.40,0.210000,0.00,57.03,0.60,218751.19,0.26,-22.89,14.00,210011470.20,4039.00,,3682200.00,Lajes Corporativas
INDE11,80.00,,0.00,111.23,0.72,0.00,0.65,,,49823538.09,181.00,,447921.00,Lajes Corporativas
KORE11,66.98,0.600000,15.60,107.16,0.63,1768940.33,0.39,,,1031424202.66,32439.00,,9625000.00,Lajes Corporativas
LMAI11,34.01,0.220000,11.32,103.11,0.33,19515.65,1.61,-6.63,-3.01,544408209.32,7557.00,,5280066.00,Lajes Corporativas
MOFF11,0.00,,0.00,151.90,,,5.84,,,33428739.50,4.00,,220066.00,Lajes Corporativas
MTOF11,103.37,,0.00,42.62,2.43,,1.86,,,82718507.72,3.00,,1941019.00,Lajes Corporativas
NEWU11,109.94,0.700000,4.41,94.93,1.16,27668.45,14.42,33.47,24.37,72404503.22,1046.00,,762705.00,Lajes Corporativas
ONEF11,200.03,0.031000,0.00,182.79,1.09,,18.59,66.84,0.01,166518054.63,2602.00,,911000.00,Lajes Corporativas
PATB11,0.00,4.505153,0.00,229.46,,,0.89,,,946880515.22,1.00,,4126575.00,Lajes Corporativas
PRSV11,30.38,1.620000,0.00,95.28,0.32,347.86,1.50,28.92,-28.47,30202413.35,779.00,,317000.00,Lajes Corporativas
PVBI11,65.88,0.400000,7.82,104.53,0.63,3999226.14,1.18,-13.91,-7.16,2835904396.28,182914.00,,27130067.00,Lajes Corporativas
RBOP11,225.94,1.450000,9.10,735.08,0.31,33612.86,7.95,-32.47,-1.57,74730928.30,2532.00,,101664.00,Lajes Corporativas
RBRP11,42.81,0.350000,11.10,79.07,0.54,1449910.14,3.87,-1.10,-2.69,963041714.25,53541.00,,12179186.00,Lajes Corporativas
RCRB11,136.46,1.300000,9.10,189.68,0.72,920274.48,0.26,5.36,3.31,700038220.36,24174.00,,3690695.00,Lajes Corporativas
RDLI11,22.00,15.111099,273.18,59.64,0.37,1986.89,47.59,,,114767342.24,297.00,,1924193.00,Lajes Corporativas
RECT11,33.90,0.450000,15.43,89.71,0.38,349147.43,0.35,4.19,-1.69,766454810.38,46494.00,,8543493.00,Lajes Corporativas
RNGO11,52.05,0.520000,9.45,84.05,0.62,71275.67,1.51,2.42,12.56,224920319.26,6465.00,,2676000.00,Lajes Corporativas
SAIC11B,0.00,0.662215,0.00,39.62,,,0.10,,-100.00,56649509.13,45.00,,1429740.00,Lajes Corporativas
SFND11,83.07,0.100000,0.00,0.00,1.30,,3.50,115.88,,0.00,54.00,,981472.00,Lajes Corporativas
SPTW11,34.15,0.450000,17.10,53.77,0.64,89114.81,5.56,2.32,6.38,96684832.14,16454.00,,1798000.00,Lajes Corporativas
SPXC11,0.00,,0.00,63.81,,,3.50,,,118155565.38,8102.00,,0.00,Lajes Corporativas
TBOF11,15.56,0.822740,0.00,0.21,74.10,,492.15,74.62,,2097587.74,9180.00,,10050000.00,Lajes Corporativas
TEPP11,7.62,0.125000,15.48,9.51,0.80,1086672.52,4.30,6.20,5.52,471964204.76,45379.00,,49616923.00,Lajes Corporativas
THRA11,138.50,0.130000,0.00,9.54,14.52,,140.47,90.73,,14050683.35,2084.00,,1472728.00,Lajes Corporativas
TRNT11,105.00,0.070000,0.00,166.17,0.63,19638.53,2.26,-13.28,-6.29,653965406.43,497.00,,3935562.00,Lajes Corporativas
TSER11,103.79,1.645906,15.13,95.48,1.09,0.00,6.91,9.31,7.90,141831957.63,1.00,,1485504.00,Lajes Corporativas
TSNC11,58.90,7.361195,0.00,69.98,0.84,0.00,5.82,-32.82,,76052808.85,109.00,,1086780.00,Lajes Corporativas
VINO11,4.46,0.042000,12.11,9.78,0.46,437576.95,4.78,-8.47,-13.52,810053640.77,125531.00,,82826295.00,Lajes Corporativas
VLJS11,1141.14,28.819221,0.00,571.20,2.00,,0.79,,,14890401.76,9.00,,26068.00,Lajes Corporativas
VLOL11,88.00,1.856441,0.00,111.06,0.79,0.00,16.46,14.56,,198219080.15,3127.00,,1784828.00,Lajes Corporativas
VPPR11,20.10,0.070000,0.00,41.34,0.49,86559.10,3.30,-42.64,-1.20,302446700.46,29608.00,,7316171.00,Lajes Corporativas
VVCO11,10.23,0.323281,0.00,15.00,0.68,1584.24,0.18,,-6.39,148511749.33,2424.00,,9900000.00,Lajes Corporativas
VVMR11,85.00,0.200000,1.18,84.57,1.01,76831.44,0.49,-26.18,3.18,238761178.58,502.00,,2823180.00,Lajes Corporativas
XPCM11,8.25,0.020000,0.00,20.22,0.41,13041.48,0.98,-34.84,-13.30,48830262.45,15345.00,,2414570.00,Lajes Corporativas
BVAR11,1144.33,4.650000,12.03,684.28,1.67,163.43,0.45,-11.14,,428043212.56,128.00,,625540.00,Varejo
DLMT11,0.00,0.000488,0.00,0.79,,,0.81,-23.09,,10396718.04,9.00,,13225796.00,Varejo
ERCR11,4641.78,1868.750000,0.00,10208.18,0.45,0.00,1.10,,,24254644.97,8.00,,2376.00,Varejo
MAXR11,49.00,0.285000,7.43,93.17,0.53,41584.48,4.06,-25.97,1.49,104872448.25,3481.00,,1125655.00,Varejo
RBRD11,36.59,0.550000,18.07,71.75,0.51,59221.38,4.09,15.95,12.78,132859879.79,7454.00,,1851786.00,Varejo
RBVA11,8.89,0.090000,12.12,10.67,0.84,2015132.14,1.36,-3.45,3.74,1763626741.64,92794.00,,165268143.00,Varejo
AURB11,83.00,0.180000,7.29,84.29,0.98,14663333.33,7.55,,,91517316.93,21.00,,1085780.00,Imóveis Comerciais - Outros
EGDB11,1281.77,,0.00,1010.63,1.27,20567.59,0.32,,,112517803.09,2783.00,,111334.00,Imóveis Comerciais - Outros
FIIC11,0.00,,0.00,0.00,,,32.38,,,49999.83,1.00,,500000005738.00,Imóveis Comerciais - Outros
IDUA11,64.42,0.091893,7.22,7.59,8.49,,125.39,,,3052455.48,1.00,,402311.00,Imóveis Comerciais - Outros
JASC11,100.00,0.720000,8.41,114.52,0.87,38709.33,2.91,7.71,6.75,441048279.26,161.00,,3851187.00,Imóveis Comerciais - Outros
JCDB11,0.00,,0.00,238.88,,,0.05,,,249139388.60,58.00,,1042957.00,Imóveis Comerciais - Outros
LIFE11,7.05,0.115000,20.38,9.99,0.70,581889.14,1.49,-2.16,2.38,397171240.99,20633.00,,39761584.00,Imóveis Comerciais - Outros
MOSO11,0.00,,0.00,,,,,,,,,,0.00,Imóveis Comerciais - Outros
QTZD11,0.00,,0.00,8.74,,,8.20,,,5097166.73,31.00,,583340.00,Imóveis Comerciais - Outros
SOLR11,1051.35,4.770765,0.00,886.35,1.19,,0.29,,,60131533.83,53.00,,67841.00,Imóveis Comerciais - Outros
TOPP11,65.05,0.950000,15.67,109.21,0.60,574799.14,3.12,,,494526259.83,4411.00,,4528240.00,Imóveis Comerciais - Outros
TRXF11,82.78,0.930000,14.26,95.75,0.86,20109373.19,1.97,0.06,1.10,5977791877.24,331106.00,,62430702.00,Imóveis Comerciais - Outros
ARFI11B,479.99,,0.00,651.70,0.74,,1.52,,,74329618.05,28.00,,114054.00,Imóveis Industriais e Logísticos
AROA11,1.15,0.007600,9.03,0.94,1.23,8001.05,1.50,11.06,,158546058.17,6513.00,,167926832.00,Imóveis Industriais e Logísticos
BLCP11,91.00,0.563428,0.00,111.74,0.81,,1.06,,,256580339.90,279.00,,2296282.00,Imóveis Industriais e Logísticos
BLMG11,32.08,0.390000,14.51,46.04,0.70,278265.95,15.79,-11.34,-11.23,215158687.12,12755.00,,4645000.00,Imóveis Industriais e Logísticos
BPRP11,107.50,0.925000,0.00,125.57,0.86,2150.00,0.19,2.64,0.65,169496975.27,171.00,Passiva,1349837.00,Imóveis Industriais e Logísticos
BRCO11,113.30,0.910000,9.69,115.05,0.98,4656870.05,3.28,0.78,5.14,2073424928.75,138206.00,,18021303.00,Imóveis Industriais e Logísticos
BTLG11,100.54,0.810000,9.52,107.04,0.94,13362800.29,19.49,1.36,8.28,7427406877.13,505908.00,,69389648.00,Imóveis Industriais e Logísticos
BTSG11,145.92,1.000000,4.80,156.14,0.93,146.00,0.75,3.00,7.58,121009308.49,108.00,,775015.00,Imóveis Industriais e Logísticos
CXTL11,184.00,0.989414,4.20,411.44,0.45,3040.17,3.32,-30.58,-9.70,22052054.01,567.00,,53597.00,Imóveis Industriais e Logísticos
CYLD11,115.56,19.355643,16.75,127.67,0.91,590.60,28.74,,,158544167.24,127.00,,1241847.00,Imóveis Industriais e Logísticos
EURO11,305.99,1.900000,8.59,394.36,0.78,33288.00,6.53,5.21,16.83,161639694.26,1924.00,,409883.00,Imóveis Industriais e Logísticos
FAGL11,0.00,,0.00,63.81,,,3.50,,,118155565.38,8102.00,,0.00,Imóveis Industriais e Logísticos
FIIB11,434.98,2.700000,8.65,594.01,0.73,195543.57,0.53,-4.23,2.23,406894649.40,14031.00,,685000.00,Imóveis Industriais e Logísticos
FIIP11,126.69,1.420000,13.31,199.96,0.63,139515.05,2.49,-0.82,-8.92,185396155.20,5816.00,,927162.00,Imóveis Industriais e Logísticos
FINF11,0.00,0.223661,0.00,115.27,,,1.19,-8.69,,94532261.75,4.00,,820112.00,Imóveis Industriais e Logísticos
GARE11,8.17,0.083000,12.18,9.19,0.89,9495777.90,1.31,-0.95,7.09,2657803899.58,535457.00,,289186438.00,Imóveis Industriais e Logísticos
GGRC11,9.65,0.100000,12.44,11.02,0.88,13489889.76,4.95,2.97,5.49,2361471578.49,372045.00,,214249664.00,Imóveis Industriais e Logísticos
GLOG11,75.00,0.600000,6.41,77.74,0.96,0.00,100.07,-7.27,12.02,58302913.56,1441.00,,750000.00,Imóveis Industriais e Logísticos
GRLV11,104.51,0.170000,0.00,5.97,17.51,,2489.44,135.25,,6407890.29,2604.00,,1073530.00,Imóveis Industriais e Logísticos
GTLG11,63.99,0.840000,0.00,60.62,1.06,,100.03,,-0.47,434811690.70,341.00,,7173000.00,Imóveis Industriais e Logísticos
HDEL11,3.32,15.300000,460.84,4.50,0.74,19.00,17.85,,,3777692.26,135.00,,840000.00,Imóveis Industriais e Logísticos
HGLG11,146.00,1.170000,9.08,166.60,0.88,17728119.24,0.86,0.18,4.29,7597392215.14,587366.00,,45601745.00,Imóveis Industriais e Logísticos
HIRE11,100.36,0.950000,6.32,101.13,0.99,200.50,6.14,,,277128043.01,109.00,,2740301.00,Imóveis Industriais e Logísticos
HLOG11,9.39,0.072000,10.09,11.81,0.80,127345.19,3.20,13.54,6.33,501876610.77,4031.00,,42500000.00,Imóveis Industriais e Logísticos
HSLG11,85.11,0.750000,10.10,110.20,0.77,29844573.76,6.12,-0.99,3.89,1395084493.64,39898.00,,12660067.00,Imóveis Industriais e Logísticos
IBBP11,7.40,0.082100,12.44,9.42,0.79,81677.00,0.45,,,1000765807.46,1866.00,,102092483.00,Imóveis Industriais e Logísticos
INLG11,63.85,0.600000,12.44,106.42,0.60,113662.10,0.82,-2.13,-8.31,480172754.45,14627.00,,4512103.00,Imóveis Industriais e Logísticos
KOPI11,0.00,,0.00,63.81,,,3.50,,,118155565.38,8102.00,,0.00,Imóveis Industriais e Logísticos
LVBI11,101.39,0.750000,8.88,120.41,0.84,3366587.62,0.66,-5.60,3.29,1940906101.07,124397.00,,16118565.00,Imóveis Industriais e Logísticos
MCLO11,10.88,0.070000,9.58,13.85,0.79,2042196.36,3.32,,,1726262391.66,288.00,,124642860.00,Imóveis Industriais e Logísticos
NEWL11,100.94,1.000000,11.77,126.71,0.80,127669.95,16.54,0.03,6.06,356076770.02,7282.00,,2810193.00,Imóveis Industriais e Logísticos
PATL11,0.01,0.570000,52600.00,0.24,0.04,0.00,3406.80,-0.19,-94.29,1213780.04,33550.00,,4991535.00,Imóveis Industriais e Logísticos
PBLV11,663.11,48.992223,14.45,1620.63,0.41,,5.63,,,7875555865.21,2.00,,4859552.00,Imóveis Industriais e Logísticos
PQAG11,56.89,0.490000,10.20,56.46,1.01,2681.10,0.04,2.16,10.40,789982204.24,459.00,,13991890.00,Imóveis Industriais e Logísticos
RBLG11,17.69,0.040000,9.98,31.51,0.56,98.44,5.16,-27.71,-1.20,20171935.08,238.00,,640199.00,Imóveis Industriais e Logísticos
RBRL11,71.99,0.600000,11.67,95.14,0.76,334769.43,9.17,1.01,1.00,636203454.98,16746.00,,6687035.00,Imóveis Industriais e Logísticos
RELG11,67.80,0.800000,12.98,92.52,0.73,39909.86,6.07,29.06,13.04,33156490.17,3565.00,,358379.00,Imóveis Industriais e Logísticos
RZAT11,90.86,1.700000,15.49,102.13,0.89,765120.33,12.50,4.85,11.95,432513634.03,34534.00,,4235042.00,Imóveis Industriais e Logísticos
RZZR11,128.80,1.232000,11.34,183.62,0.70,94312.05,0.95,1.87,-6.76,1026792113.20,567.00,,5591861.00,Imóveis Industriais e Logísticos
SBCL11,0.00,,0.00,0.00,,,,,,0.00,0.00,Ativa,0.00,Imóveis Industriais e Logísticos
SJAU11,1.70,11.880000,0.00,14.85,0.11,814.62,24.48,,-72.55,11776403.66,846.00,,793224.00,Imóveis Industriais e Logísticos
SNLG11,1.24,0.840000,0.00,2.03,0.61,0.00,145.77,,47.05,5134408.19,9267.00,,2529966.00,Imóveis Industriais e Logísticos
TRBL11,51.06,0.440000,19.58,76.70,0.67,663428.33,7.12,1.55,-11.20,593558338.91,41762.00,,7739092.00,Imóveis Industriais e Logísticos
VERE11,127709.34,3.000000,0.03,527.94,241.90,,1.49,29.88,,338181615.99,111.00,,640565.00,Imóveis Industriais e Logísticos
VILG11,89.70,0.820000,10.35,109.32,0.83,1965410.29,6.06,7.07,1.35,1639557042.98,149719.00,,14997396.00,Imóveis Industriais e Logísticos
VTLT11,88.98,1.262349,7.48,90.55,0.98,12462404.00,1.31,5.80,6.26,191517274.18,5533.00,,2115000.00,Imóveis Industriais e Logísticos
XPIN11,62.04,0.850000,12.22,81.65,0.76,0.00,3.92,8.89,0.29,583807695.49,36191.00,,7150422.00,Imóveis Industriais e Logísticos
XPLG11,91.17,0.820000,10.79,105.03,0.87,7024578.43,2.84,1.68,0.94,5397457621.00,347304.00,,51390097.00,Imóveis Industriais e Logísticos
ADSH11,10.89,0.070000,0.64,,,26346088.48,,,,,,,0.00,Misto
AFHF11,10.08,0.220000,7.13,10.28,0.98,55741.48,30.52,,,51421969.73,1081.00,,5000000.00,Misto
ALZR11,9.90,0.083550,10.14,10.78,0.92,3165774.90,9.50,1.95,3.39,1773434384.09,203139.00,,164492251.00,Misto
ARTE11,7.50,0.110000,15.60,10.16,0.74,41040.38,1.71,,,96527226.07,1014.00,,9499643.00,Misto
BLOG11,6.60,0.020000,0.30,11.26,0.59,12.00,0.11,,,346922775.80,120.00,,30796704.00,Misto
BPLC11,0.00,14.420464,0.00,9936.57,,,0.20,,,323226740.38,121.00,,32529.00,Misto
BTSI11,109.17,0.830000,8.98,123.73,0.88,0.00,0.06,3.50,10.36,788650928.50,223.00,,6373961.00,Misto
BZEL11,0.00,5.092421,0.00,148.66,,,0.06,,,525977520.02,3.00,,3538046.00,Misto
BZLI11,19.78,,0.00,16.74,1.18,,0.01,,5.16,732819025.17,18.00,,43785754.00,Misto
CARE11,2.80,0.008385,0.00,34.61,0.08,11474.48,1.62,,-34.14,249222829.66,6811.00,,7201226.00,Misto
CIXM11,9.04,0.150000,0.00,43.81,0.21,,5.87,,,268404717.93,108.00,,6127180.00,Misto
CJFI11,0.00,,0.00,2.91,,,2.88,,,276020038.85,1.00,,94711593.00,Misto
CPLG11,11.18,0.120000,14.31,10.52,1.06,108737.48,0.03,,,592814804.02,5398.00,,56355750.00,Misto
CPOF11,115.00,0.430000,3.21,125.83,0.91,3531252.67,0.40,,11.63,690734038.90,119.00,,5489284.00,Misto
CPUR11,11.03,0.100000,10.08,9.67,1.14,1009200.86,0.08,6.65,15.87,656129351.94,1791.00,,67825745.00,Misto
CTEM11,6.50,,0.00,,,40.50,,,,,,,0.00,Misto
DAMA11,5.84,0.056251,13.87,7.30,0.80,1372.48,4.59,,,40396216.25,904.00,,5537031.00,Misto
EMET11,9.30,0.100000,18.49,9.50,0.98,1489.05,7.48,,,47490638.23,238.00,,5000000.00,Misto
ESTQ11,0.00,,0.00,0.02,,,99.41,,,997913.30,5.00,,65361974.00,Misto
FTCE11B,38280.10,47.434652,0.21,2935.81,13.04,20943483170.84,3.33,,,3960461655.22,124.00,,1349019.00,Misto
HGBL11,8.68,0.072000,10.09,9.74,0.89,123529.05,2.17,,,255722209.00,4846.00,,26261802.00,Misto
HGRU11,116.28,0.950000,10.18,128.52,0.91,6254535.62,3.86,-0.42,5.84,2986524120.89,230263.00,,23238024.00,Misto
HLMB11,0.00,49.571629,0.00,871.08,,,4.00,,,47595550.27,49.00,,54639.00,Misto
HSRE11,86.45,0.850000,11.22,86.50,1.00,327699.46,4.44,11.60,2.88,769710080.04,792.00,,8898724.00,Misto
ICRI11,90.55,1.150000,13.25,99.50,0.91,627107.24,8.38,,,383809646.57,12752.00,,3857359.00,Misto
IDGR11,1.50,0.008834,0.00,0.00,,,,,-27.09,0.00,0.00,Ativa,883359.00,Misto
JCDA11,0.00,,0.00,28.83,,,0.12,,,441169470.67,104.00,,15303215.00,Misto
JSRE11,57.21,0.500000,10.05,101.64,0.57,2983428.14,4.04,0.94,-2.05,2110838974.37,87940.00,,20767328.00,Misto
KNRI11,151.60,1.100000,8.58,163.51,0.93,6536717.48,2.36,2.87,5.65,4611769029.21,323346.00,,28204047.00,Misto
KRES11,0.00,0.000843,0.00,1.00,,,1.75,,,244463687.48,131.00,,245099742.00,Misto
LLAO11,57.20,1.700000,0.00,53.40,1.07,57.00,16.89,,,19286631.82,78.00,,361140.00,Misto
LSOI11,12.02,0.100000,0.00,13.29,0.90,0.00,0.60,,,71298448.94,40.00,,5365285.00,Misto
MAGM11,9.99,0.120000,13.11,10.02,1.00,119346.52,11.86,,,124710674.41,217.00,Ativa,12440765.00,Misto
MVFI11,0.00,,0.00,1.40,,,2.76,,,109455592.11,1.00,,78155673.00,Misto
OPTM11,0.00,0.140000,0.00,62.87,,,17.77,,,4608858.27,14.00,,73305.00,Misto
OURE11,78.20,1.085000,0.00,0.00,,,,-3.46,-2.26,0.00,0.00,,0.00,Misto
PATA11,9.10,0.070000,20.75,10.23,0.89,16708.62,14.17,,,17412635.99,407.00,,1702007.00,Misto
PMFO11,85.49,0.880000,11.88,87.24,0.98,93527.56,0.97,,,85137291.18,196.00,,975907.00,Misto
PMIS11,7.79,0.092000,14.56,9.30,0.84,193692.48,16.52,,,137677000.04,6520.00,,14803242.00,Misto
REME11,78.50,0.880000,5.52,91.59,0.86,208879.43,8.11,,,59998758.53,1.00,,655087.00,Misto
RTEL11,0.00,,0.00,37.59,,,27.29,,,13051189.16,586.00,,347200.00,Misto
RZTR11,84.62,0.900000,13.94,97.61,0.87,2747444.67,2.61,-0.70,8.38,1840199861.90,146324.00,,18851720.00,Misto
RZZI11,1050.00,7.500000,4.71,1306.33,0.80,32375.00,1.47,,,145709586.33,116.00,,111541.00,Misto
RZZV11,1028.34,8.300000,8.78,1277.43,0.81,105000.00,2.94,,,221685536.19,131.00,,173540.00,Misto
SALI11,0.00,3.050000,0.00,92.39,,,7.87,,,7351340.13,2.00,,79565.00,Misto
SAPI11,8.99,0.110000,15.99,10.00,0.90,189446.14,13.97,,,295715947.88,13141.00,,29563321.00,Misto
SARE11,4.80,0.026000,0.00,5.03,0.95,348855.00,4.63,-28.39,0.00,464915874.22,26586.00,,92343290.00,Misto
SEQR11,53.69,0.588300,13.05,97.26,0.55,47831.81,1.96,-3.56,5.36,162007042.26,4095.00,Ativa,1665695.00,Misto
SOFF11,94.20,1.000000,0.00,102.35,0.92,0.00,0.00,,,187803095.94,309.00,,1834908.00,Misto
TCPF11,39.53,4.710000,11.92,93.70,0.42,,1.80,,,27859759.41,47.00,,297327.00,Misto
TORD11,1.24,0.007000,7.27,36.72,0.03,12717.52,4.30,-76.04,-55.88,212583174.34,46674.00,,5841933.00,Misto
TRUE11,23.20,0.018204,0.08,28.31,0.82,35232.52,1.39,-10.27,-1.56,70205798.42,2791.00,,2479794.00,Misto
VGHF11,5.19,0.060000,16.54,8.22,0.63,2464375.81,1.65,-9.75,-7.78,1354530658.49,368182.00,,164721683.00,Misto
VGRI11,5.31,0.075000,22.88,8.63,0.62,229404.05,3.55,,,302299184.91,25208.00,,35021736.00,Misto
VIUR11,2.26,0.206700,24.94,3.54,0.64,73306.67,63.92,3.78,3.64,95482624.57,35608.00,,26946220.00,Misto
VRTM11,6.49,0.090000,16.64,9.42,0.69,154027.90,7.60,,,442340780.01,11765.00,,46971245.00,Misto
VTXI11,0.00,,0.00,2.64,,,6.74,,,273238.99,2.00,,103500.00,Misto
VVPR11,101.50,0.892340,0.00,98.03,1.04,,1.27,,,226032234.18,1372.00,,2305771.00,Misto
WTSP11,55.02,0.770000,9.47,96.35,0.57,4831.18,1.27,7.12,12.18,119341132.50,232.00,,1238572.00,Misto
AFHI11,94.02,1.030000,12.81,94.67,1.00,639541.62,9.28,0.53,11.32,500754164.78,38773.00,,5289202.00,Papéis
ALZC11,7.35,0.120000,16.63,9.08,0.81,217982.95,6.85,,4.27,177146795.22,10966.00,,19514366.00,Papéis
ARRI11,4.72,0.070000,20.85,8.39,0.56,135569.71,2.06,-6.53,-8.22,173850516.20,23009.00,,20726973.00,Papéis
ARXD11,7.90,0.090000,13.99,9.05,0.87,47703.00,1.15,-3.90,4.72,78515894.86,2053.00,,8678442.00,Papéis
AZPE11,0.00,0.090000,0.00,9.97,,,6.97,,,124649206.10,1.00,,12500000.00,Papéis
BARI11,79.20,0.760800,0.96,78.48,1.01,0.00,6.74,-0.15,5.42,363696267.15,31765.00,,4634191.00,Papéis
BBIM11,0.00,0.340000,0.00,0.00,,,,-24.05,,0.00,0.00,Ativa,0.00,Papéis
BCRI11,58.21,0.800000,16.51,84.82,0.69,258107.38,6.94,0.21,5.19,530809727.54,40525.00,,6257873.00,Papéis
BICR11,35.92,0.363000,0.00,41.61,0.86,72.00,3.33,-18.17,-26.90,20805910.51,641.00,Ativa,500000.00,Papéis
BLMC11,85.75,1.070000,0.00,0.00,1.34,,3.50,-0.67,1.50,0.00,0.00,,0.00,Papéis
BLUR11,76.03,1.010650,0.00,76.13,1.00,,100.42,-14.85,-3.69,6851720.42,1.00,Ativa,90000.00,Papéis
BTCI11,8.98,0.103000,13.08,10.10,0.89,2344693.86,1.89,1.04,9.87,1004869620.72,211601.00,,99521172.00,Papéis
BTCR11,88.00,0.900000,0.00,95.27,0.92,571148.00,8.00,32.78,,458252683.73,16934.00,,4810097.00,Papéis
BTHF11,8.74,0.101000,13.51,9.86,0.89,3037669.14,8.20,,,2029636744.26,315185.00,,205846940.00,Papéis
CACR11,14.30,0.230000,74.26,98.87,0.14,568011.62,0.05,-5.01,-40.06,478165530.06,24896.00,,4836324.00,Papéis
CCRF11,92.50,0.632531,0.00,93.23,0.99,,3.10,,0.55,146548498.31,317.00,,1571900.00,Papéis
CPTS11,7.51,0.090000,14.26,8.65,0.87,7159216.10,1.83,7.22,6.71,3144185982.89,392504.00,,363503147.00,Papéis
CTNP11,0.00,,0.00,63.81,,,3.50,,,118155565.38,8102.00,,0.00,Papéis
DEVA11,17.33,0.300000,22.85,94.49,0.18,411162.90,6.33,-14.15,-19.32,1327130414.42,73595.00,,14044908.00,Papéis
EDGE11,915.15,77.330000,17.11,1156.37,0.79,683.82,31.36,,,13222105.48,126.00,,11434.00,Papéis
EXES11,9.66,0.130000,16.15,9.73,0.99,93893.19,1.58,16.40,19.00,137203024.34,2272.00,,14101455.00,Papéis
FISD11,149.33,6.526269,0.00,15.01,9.95,,6.87,,,16099591.67,22.00,,1072588.00,Papéis
FLCR11,92.60,1.050000,14.12,93.25,1.00,207957.48,10.77,0.05,13.23,70110704.54,2658.00,,751844.00,Papéis
FYTO11,7.92,0.100000,15.27,9.90,0.80,106343.24,7.43,0.58,2.47,151325830.87,10172.00,,15281388.00,Papéis
GCRI11,65.28,0.980000,15.52,92.17,0.71,118507.52,1.02,-3.29,3.54,134008694.09,4014.00,,1453859.00,Papéis
GLCR11,98.67,0.900000,10.95,98.03,1.01,4706.42,2.34,,,48829954.60,896.00,,498110.00,Papéis
HABT11,70.03,0.950000,16.44,94.35,0.74,1133316.29,13.57,-2.19,3.21,766768194.82,56349.00,,8126783.00,Papéis
HBTT11,1055.00,16.580000,0.00,0.00,16.53,,3.50,,,0.00,0.00,,0.00,Papéis
HCHG11,60.92,1.060000,12.56,79.32,0.77,6622.26,1.16,2.11,1.22,95188757.51,514.00,,1200000.00,Papéis
HCTR11,15.17,0.240000,22.52,100.62,0.15,451900.86,0.53,-7.25,-22.32,2222054005.74,121767.00,,22084202.00,Papéis
HGCR11,90.74,1.000000,13.02,97.47,0.93,2392210.81,2.98,-0.14,5.60,1502794080.27,104265.00,,15418106.00,Papéis
HGIC11,53.16,0.600000,15.91,110.75,0.48,3732.48,2.00,-9.15,-10.73,51245748.91,727.00,,462706.00,Papéis
HREC11,8.10,0.095000,12.72,8.82,0.92,99718.62,1.55,1.50,10.28,455628357.24,2390.00,,51685917.00,Papéis
HSAF11,75.59,0.950000,15.08,88.63,0.85,406994.71,15.00,3.44,7.60,223899907.32,8762.00,,2526360.00,Papéis
IBCR11,40.35,0.600000,19.57,0.00,0.51,47161.52,0.98,-11.72,-7.26,0.00,3694.00,,0.00,Papéis
IRDM11,58.31,1.250056,5.99,78.62,0.74,5300561.00,3.42,-0.50,-2.34,2959621783.69,258917.00,,37642399.00,Papéis
ISCJ11,50.71,0.350584,40.16,0.00,,10174.00,,,,0.00,0.00,,0.00,Papéis
ITIP11,54.47,0.760000,15.62,67.07,0.81,62737.05,2.24,0.59,-0.77,50182069.10,7225.00,,748151.00,Papéis
IVCI11,96.86,1.300000,14.72,99.36,0.97,,22.79,,,49682017.99,16.00,,500000.00,Papéis
JBFO11,15.03,0.043000,0.00,7.76,1.94,,100.61,-19.38,,9919792.95,369.00,,1279070.00,Papéis
JCCJ11,136.39,1.770000,11.43,198.72,0.69,199143.90,0.50,,13.59,1035942987.27,357.00,,5213036.00,Papéis
JPPA11,78.79,1.200000,17.69,99.35,0.79,76114.29,1.64,4.06,6.55,89818162.17,5988.00,,904050.00,Papéis
JSCR11,8.02,0.100000,14.68,9.44,0.85,396935.38,11.53,,,208865148.84,3486.00,,22137100.00,Papéis
KIVO11,53.83,0.870000,19.73,83.59,0.64,349909.57,28.49,-6.61,-3.50,185801663.01,7181.00,,2222736.00,Papéis
KNCR11,105.98,1.250000,13.53,102.48,1.03,21050931.29,9.83,5.11,15.30,10974808568.74,592231.00,,107089622.00,Papéis
KNHY11,98.17,1.200000,13.32,97.66,1.01,4210137.10,5.69,0.54,12.22,3044473042.96,28501.00,,31173083.00,Papéis
KNIP11,90.39,0.950000,11.24,92.06,0.98,8882547.52,11.35,1.63,9.99,7371778950.42,75269.00,,80078186.00,Papéis
KNSC11,9.00,0.110000,12.78,8.70,1.03,3900440.05,7.01,5.66,12.09,1759468029.82,283875.00,,202202385.00,Papéis
LFTT11,2.10,3.668145,0.00,26.91,0.08,598719.00,12.73,,-3.54,17894778.67,8.00,,665000.00,Papéis
LKDV11,1104.12,,0.00,1105.17,1.00,0.00,9.47,,3.45,73837322.03,100.00,,66811.00,Papéis
LSPA11,24.01,0.060000,0.00,20.95,1.15,,104.96,81.14,-26.11,8473824.04,727.00,Ativa,404500.00,Papéis
MCCI11,92.68,1.000000,12.97,93.81,0.99,3468895.33,0.58,5.57,11.13,1591037454.55,125229.00,,16960024.00,Papéis
MCHF11,9.10,0.070000,0.00,9.15,0.99,,28.30,,-0.79,295957071.40,82189.00,,32354247.00,Papéis
MCRE11,8.73,0.110000,15.14,10.15,0.86,3191506.24,4.59,-2.86,5.06,1132887461.35,93967.00,,111598921.00,Papéis
MGCR11,9.40,0.100000,0.00,9.78,0.96,,1.77,,0.00,131240792.97,4360.00,,13416505.00,Papéis
MORC11,89.87,0.330000,0.00,0.00,1.41,,3.50,,-1.36,0.00,0.00,,0.00,Papéis
MTRS11,0.00,,0.00,63.81,,,3.50,,,118155565.38,8102.00,,0.00,Papéis
MXRF11,9.44,0.100000,12.66,9.23,1.02,14895285.67,1.82,-1.49,8.11,4246265497.56,1485336.00,,460269531.00,Papéis
NAVT11,72.29,1.000000,15.09,86.29,0.83,40866.90,7.75,-9.08,5.50,52834465.36,2219.00,,612282.00,Papéis
NCRI11,9.06,0.110000,14.02,10.01,0.91,2516.76,16.43,5.60,12.76,39546173.38,1347.00,,3949999.00,Papéis
OCRE11,63.80,0.314270,9.16,155.84,0.41,10412.75,0.89,-13.33,-8.07,65919314.31,445.00,,422986.00,Papéis
OUJP11,68.52,1.200000,20.40,99.02,0.69,543322.76,3.79,7.70,0.59,322040333.37,24912.00,,3252384.00,Papéis
PCIP11,74.85,1.000000,14.41,91.88,0.82,4002567.14,7.23,-0.15,3.92,1563119360.62,113555.00,,17011707.00,Papéis
PEMA11,29.06,0.525314,26.73,56.74,0.51,354.17,0.64,0.92,3.63,31322313.36,281.00,,552000.00,Papéis
PLCR11,78.20,0.800000,1.02,83.40,0.94,864020.00,7.46,-5.92,3.06,175914246.15,14034.00,,2109169.00,Papéis
PLRI11,6.41,0.660167,14.22,13.42,0.48,175.00,21.38,19.27,6.48,12811040.00,728.00,,954304.00,Papéis
PORD11,8.30,0.098000,14.33,9.53,0.87,654348.24,24.86,0.97,10.33,355170341.81,45671.00,,37283750.00,Papéis
PRZS11,0.00,,0.00,61.33,,,0.03,,,91574880.52,18.00,,1493148.00,Papéis
PULV11,8.72,0.095000,3.27,0.00,,61949.00,,,,0.00,0.00,,0.00,Papéis
QAMI11,84.68,1.000000,0.00,92.80,0.91,67019.00,0.73,,2.00,74367555.48,1440.00,,801398.00,Papéis
QIRI11,78.04,0.660000,0.00,89.61,0.87,,100.31,,,13441852.95,173.00,,150000.00,Papéis
RBCB11,19.00,0.300000,0.00,0.00,0.30,,3.50,-15.04,,0.00,462.00,,53100.00,Papéis
RBHG11,58.30,0.800000,16.60,86.06,0.68,183061.95,1.58,-6.26,-1.59,186568427.22,7133.00,,2167957.00,Papéis
RBHY11,64.00,1.000000,19.34,92.71,0.70,393338.05,0.38,-0.24,1.48,175548626.88,3458.00,,1893505.00,Papéis
RBRR11,76.00,0.980000,13.10,92.06,0.82,4388835.90,2.55,2.84,4.57,1500593748.93,143642.00,,16300275.00,Papéis
RBRY11,83.60,1.000000,16.39,100.73,0.83,3314614.76,4.17,3.00,6.45,1286293871.08,77131.00,,12769512.00,Papéis
RBVO11,5.32,0.010000,0.00,0.00,,,,71.05,-12.24,0.00,0.00,Ativa,0.00,Papéis
RCRI11,99.12,1.500000,7.26,100.53,0.99,52485.43,3.87,,,42440062.28,354.00,,422144.00,Papéis
RCRI11B,1200.00,12.481836,0.00,365.40,3.28,,70.80,,,18639596.10,149.00,,51012.00,Papéis
RECD11,6.50,0.074500,14.83,6.69,0.97,952.62,9.09,,,36475189.13,513.00,,5453775.00,Papéis
RECM11,7.26,0.100000,17.63,8.92,0.81,12826.90,12.02,,,74905094.69,1256.00,,8400517.00,Papéis
RECR11,75.98,1.098700,14.33,86.48,0.88,2301775.05,1.43,2.87,8.40,2286781617.89,174597.00,,26441650.00,Papéis
REIT11,70.01,4.180000,22.34,300.35,0.23,0.00,103.12,-49.26,-18.13,7896413.69,59.00,,26291.00,Papéis
RNDP11,40.50,0.690000,0.00,0.00,,14794.00,,-33.42,10.64,0.00,0.00,Ativa,0.00,Papéis
RPRI11,72.72,1.400000,14.84,99.31,0.73,914913.57,5.65,0.13,2.70,344766437.30,4883.00,,3471728.00,Papéis
RZAK11,78.07,1.050000,16.84,87.88,0.89,1406593.29,5.10,-1.14,10.14,774012163.42,44062.00,,8807885.00,Papéis
RZLC11,1003.16,13.092474,14.79,996.53,1.01,1561529.63,2.00,,,161400725.23,170.00,,161963.00,Papéis
SADI11,8.62,0.114000,3.97,8.73,0.99,17163.00,7.98,0.14,10.78,135150517.24,10994.00,,15486840.00,Papéis
SNCI11,83.60,1.000000,14.35,96.53,0.87,396445.71,8.43,1.28,6.48,405425182.21,34890.00,,4200000.00,Papéis
TRPL11,1.08,,0.00,0.50,2.16,15493.08,11.36,,,4985172.73,163.00,,10000000.00,Papéis
URPR11,17.82,0.300000,22.96,94.55,0.19,572048.67,0.60,-32.25,-35.24,1109458288.94,55759.00,,11733895.00,Papéis
VCJR11,67.26,1.250000,17.59,92.26,0.73,2636000.71,8.98,0.09,1.57,1358424579.80,32507.00,,14723970.00,Papéis
VCRI11,7.26,0.095000,15.15,9.45,0.77,255961.71,1.57,0.46,7.28,194184071.68,12676.00,,20543663.00,Papéis
VGIP11,75.01,1.160000,13.33,90.38,0.83,1695407.29,4.34,0.64,5.07,1065320530.00,83278.00,,11787247.00,Papéis
VGIR11,9.61,0.110000,15.82,9.81,0.98,4629334.90,17.39,4.03,14.16,1432908654.30,273654.00,,146101287.00,Papéis
VJFD11,170.09,0.880000,6.71,171.00,0.99,9780.00,0.76,8.34,,833797827.86,105.00,,4876129.00,Papéis
VOTS11,72.51,1.200000,16.32,90.78,0.80,6920.10,4.63,3.83,5.97,75159377.14,537.00,,827913.00,Papéis
VRTA11,69.90,0.850000,14.57,82.89,0.84,1620958.90,0.78,1.69,2.36,1292451573.35,105566.00,,15592424.00,Papéis
VSEC11,0.21,0.080000,0.00,0.00,0.00,,3.50,-0.62,0.00,0.00,0.00,,0.00,Papéis
VSLH11,1.75,0.022000,19.14,11.21,0.16,67768.90,4.30,-10.03,-13.03,334662566.87,60018.00,,29864091.00,Papéis
VTPL11,64.25,0.500000,8.81,120.25,0.53,66.00,1.34,,,166698029.85,125.00,,1386242.00,Papéis
VTRT11,0.00,0.107508,0.00,100.80,,,20.14,,,1030654046.20,499.00,,10224963.00,Papéis
VVCR11,8.58,0.130000,14.31,10.24,0.84,264631.33,0.06,8.86,1.15,187149871.50,2055.00,,18278958.00,Papéis
XLPR11,64.00,0.381158,10.02,81.51,0.79,111824.48,2.70,-6.85,2.55,39269587.75,1368.00,,481757.00,Papéis
XPCI11,79.04,0.930000,13.70,87.11,0.91,1513162.05,5.51,0.43,8.80,757996260.59,83392.00,,8701551.00,Papéis
YEES11,102.00,,0.00,101.76,1.00,1224.00,4.69,,,30527850.89,136.00,,300000.00,Papéis
ABCP11,73.81,0.550000,9.62,110.75,0.67,33651.76,1.40,2.05,14.43,521549965.73,13294.00,,4709082.00,Shoppings
AJFI11,8.16,0.055000,6.68,10.46,0.78,215610.00,0.79,,,351644018.54,9565.00,,33625978.00,Shoppings
ANCR11B,3221.00,1.440191,0.04,120.14,26.81,,1.97,,-2.41,4307776615.02,251.00,,35856709.00,Shoppings
APXM11,45.00,0.371310,10.40,125.46,0.36,127081.86,0.45,,-22.67,354953707.07,688.00,,2829142.00,Shoppings
ATSA11,59.79,0.200000,5.89,73.68,0.81,255.10,3.82,5.24,-0.04,129030659.08,298.00,,1751141.00,Shoppings
BPML11,84.99,0.920000,14.24,119.67,0.71,647858.71,9.74,1.01,24.73,890554802.14,6473.00,,7441745.00,Shoppings
DAMT11B,11.45,0.710861,11.30,14.45,0.79,23.00,6.01,,-14.93,256934474.46,569.00,,17779747.00,Shoppings
ELDO11,762.38,0.250000,16.36,1722.06,0.44,,0.22,-0.72,,1355698382.32,112.00,,787256.00,Shoppings
FGPM11,0.00,,0.00,84.57,,,5.88,,,58358289.75,1144.00,,690040.00,Shoppings
FIGS11,48.25,0.480000,11.95,70.12,0.69,129994.71,0.65,3.19,0.38,199842791.63,11151.00,,2850000.00,Shoppings
FIVN11,2.52,,0.00,5.97,0.42,1130.62,0.00,,-14.63,56210163.05,4243.00,,9412630.00,Shoppings
FLRP11,20.11,0.150000,8.85,21.01,0.96,10916.00,2.16,2.66,8.81,162489796.73,1866.00,,7732987.00,Shoppings
FVPQ11,49.75,0.450000,7.34,92.28,0.54,38967.19,1.99,-27.20,-19.65,258394578.50,3377.00,,2800149.00,Shoppings
GSFI11,11.70,,0.00,12.69,0.92,815056.19,1.77,,16.87,1219824372.36,7000.00,,96110102.00,Shoppings
HGBS11,18.98,0.170000,10.17,20.30,0.93,4083671.62,0.23,-4.42,2.73,2930204823.44,196426.00,,144355726.00,Shoppings
HMOC11,226.95,23.800000,0.00,238.79,0.95,,0.67,122.18,,91223530.50,209.00,,382017.00,Shoppings
HPDP11,86.49,0.610000,9.69,94.38,0.92,903725.45,0.47,7.13,7.01,665471461.40,578.00,,7050992.00,Shoppings
HSML11,83.63,0.750000,10.18,100.06,0.84,2804187.90,1.35,-2.85,4.52,2134211186.25,189962.00,,21329976.00,Shoppings
ITRI11,73.61,0.800000,14.24,90.49,0.81,1047954.57,2.89,,,565553013.74,19625.00,,6250000.00,Shoppings
JRDM11,85.00,0.400000,0.00,88.84,0.96,0.00,0.41,28.90,-0.35,224143181.16,4001.00,,2522968.00,Shoppings
LASC11,109.99,0.680000,7.45,131.89,0.83,177700.57,0.88,3.48,15.38,387784216.88,618.00,,2940298.00,Shoppings
MCEM11,26.97,0.670000,19.87,27.82,0.97,0.00,0.34,,,95186318.23,228.00,,3421153.00,Shoppings
PDBM11,109.24,0.882353,18.17,112.23,0.97,81.75,0.62,,,38159677.14,120.00,,340000.00,Shoppings
PMLL11,100.74,1.000000,11.22,118.10,0.85,4429767.00,2.79,3.20,1.07,2096391875.22,136153.00,,17750467.00,Shoppings
PQDP11,2515.00,17.651355,9.08,2590.65,0.97,131131.90,3.54,4.48,61.52,671247575.21,2979.00,,259104.00,Shoppings
PRTS11,18206.64,0.054870,0.00,0.06,303444.00,,103.36,,,3111607.44,11.00,,55727500.00,Shoppings
RBGS11,28.45,0.176600,0.00,90.78,0.31,,0.52,4.91,,97865283.71,2808.00,,1078000.00,Shoppings
SCPF11,2.81,0.040000,2.06,9.86,0.29,2013.81,1.17,8.93,-16.75,41409607.26,4114.00,,4200000.00,Shoppings
SHDP11B,0.00,155.111522,0.00,817.04,,,9.99,128.00,,972051824.63,2.00,,1189725.00,Shoppings
SHOP11,36.50,,0.00,29.34,1.24,4442846.00,0.80,,-11.25,74039128.25,94.00,,2523296.00,Shoppings
SHPH11,978.00,4.500000,6.65,1031.80,0.95,83703.10,2.13,5.34,14.57,628312946.72,2031.00,,608950.00,Shoppings
SHPP11,10.89,0.055000,6.24,9.72,1.12,8277901.06,2.34,,,496172099.75,126.00,,51067415.00,Shoppings
SPAF11,0.00,4.364741,0.00,1127.38,,,3.57,9.18,,12705615.53,1.00,,11270.00,Shoppings
SPVJ11,0.00,0.153600,0.00,24.49,,,27.41,-38.69,,154598783.99,23.00,,6312090.00,Shoppings
VISC11,103.13,0.840000,9.59,115.60,0.90,4228837.33,4.41,-4.89,3.84,3332496983.30,347218.00,,28828640.00,Shoppings
VPSI11,21.63,0.287237,14.50,33.60,0.64,2.69,0.95,9.77,,271255651.05,125.00,,8071897.00,Shoppings
VSHO11,72.51,0.700000,11.58,118.70,0.61,58290.43,0.96,1.81,7.30,249136793.65,2818.00,,2098800.00,Shoppings
WPLZ11,48.60,0.370000,9.14,54.65,0.89,6020.55,0.70,-3.03,-5.60,64855921.68,1428.00,,1186683.00,Shoppings
XPML11,104.00,0.920000,10.62,110.11,0.94,13472557.29,3.50,1.11,7.65,7081112753.36,733101.00,,64308055.00,Shoppings
FAED11,152.99,1.720000,13.39,224.44,0.68,36858.57,1.56,3.85,8.70,155395622.15,3917.00,,692377.00,Educacional
FCFL11,123.10,0.930000,8.95,125.18,0.98,108100.95,0.49,2.98,10.31,434860994.90,2828.00,,3474010.00,Educacional
GESE11B,1520.00,14.973763,0.00,1119.08,1.36,,203.53,118.15,,58192036.94,56.00,,52000.00,Educacional
MINT11,96.50,0.749556,0.00,97.17,0.99,,16.33,,-6.98,50527673.91,94.00,Ativa,520000.00,Educacional
RBED11,94.00,1.040000,0.00,0.00,,,,15.30,-4.74,0.00,10734.00,Ativa,2355022.00,Educacional
ASRF11,11000.00,256.328699,0.00,9515.04,1.16,11000.00,0.38,,2.91,38060169.89,95.00,,4000.00,Indefinido
ATWN11,0.00,,0.00,2082.69,,,0.34,,,334807099.05,2.00,,160757.00,Indefinido
BETW11,0.00,0.730000,0.00,110.26,,,0.94,,,276136727.98,2.00,,2504500.00,Indefinido
BIME11,4.34,0.060000,18.66,7.83,0.55,20349.57,5.20,-5.67,-5.91,45751391.56,7694.00,,5845602.00,Indefinido
BINR11,1673.35,457.897595,45.15,1180.09,1.42,,11.96,,,140119291.56,103.00,,118735.00,Indefinido
BIPD11,989.33,2.850000,3.48,932.94,1.06,860222.50,2.08,,,103032890.96,112.00,,110439.00,Indefinido
BLCA11,97.00,0.550000,5.88,124.98,0.78,178342.67,6.55,-29.03,-0.83,199969078.65,487.00,,1600000.00,Indefinido
BROL11,0.00,,0.00,63.81,,,3.50,,,118155565.38,8102.00,,0.00,Indefinido
BRSE11,0.00,,0.00,4639.22,,,0.02,,,9278434.05,10.00,,2000.00,Indefinido
BSLT11,64.50,,0.00,114.65,0.56,98387.67,0.01,,,154781619.11,2524.00,,1350000.00,Indefinido
CCLB11,0.00,,0.00,0.00,,,3.50,,,0.00,0.00,,0.00,Indefinido
CCME11,8.68,0.086000,11.96,10.58,0.81,131663.81,15.23,-0.64,1.47,716961843.39,9516.00,,67797053.00,Indefinido
CCVA11,98.97,0.670000,7.05,102.57,0.96,,2.45,,,64385958.41,1.00,,627724.00,Indefinido
CFII11,500.00,135.000000,80.85,288.94,1.73,400.00,11.54,,,36498047.29,104.00,,126319.00,Indefinido
CIXR11,0.00,,0.00,63.81,,,3.50,,,118155565.38,8102.00,,0.00,Indefinido
CPSH11,9.60,0.110000,13.91,11.10,0.87,2028600.05,0.34,4.07,4.49,1367149394.97,38251.00,,123163844.00,Indefinido
CSMC11,0.00,8.576521,0.00,1090.31,,,1.28,,,2056665582.87,1.00,,1886309.00,Indefinido
CVPR11,0.00,2.440000,0.00,100.80,,,11.88,4.20,,65093088.66,3.00,,645783.00,Indefinido
CXCI11,64.28,0.750000,14.31,80.26,0.80,64534.67,6.76,-1.20,0.76,165148639.60,5502.00,,2057726.00,Indefinido
CYCR11,8.47,0.106000,15.02,9.43,0.90,531274.90,3.07,-0.21,11.20,344553962.55,16727.00,,36549445.00,Indefinido
DPRO11,5.85,0.060000,12.31,9.37,0.62,408.60,1.41,3.63,-2.65,46886820.93,802.00,,5003220.00,Indefinido
EQIR11,8.11,0.100695,14.81,9.60,0.84,68447.95,4.98,0.41,10.51,104742474.20,9471.00,,10909315.00,Indefinido
FAOE11,926.90,11.160900,0.00,0.00,,,,,,0.00,0.00,Ativa,0.00,Indefinido
FARU11,0.00,,0.00,63.81,,,3.50,,,118155565.38,8102.00,,0.00,Indefinido
FRHY11,0.00,1.030000,0.00,14.75,,,101.82,,,1925354.18,6.00,,130500.00,Indefinido
GAME11,8.45,0.100000,13.85,9.33,0.91,272989.67,2.66,0.87,8.97,265191360.02,20525.00,,28426127.00,Indefinido
GCOI11,70.82,1.000000,12.80,73.60,0.96,0.00,5.79,,4.99,8316850.14,384.00,,113000.00,Indefinido
GLPL11,0.00,,0.00,63.81,,,3.50,,,118155565.38,8102.00,,0.00,Indefinido
GURB11,108.00,0.700000,0.00,146.26,0.74,,2.44,,1.49,165882074.88,1.00,,1134132.00,Indefinido
GVBI11,0.00,,0.00,63.81,,,3.50,,,118155565.38,8102.00,,0.00,Indefinido
GZIT11,37.68,0.420000,19.15,86.93,0.43,326644.05,3.66,,,2025285895.67,7950.00,,23297836.00,Indefinido
HBCR11,153.52,0.540000,9.70,130.46,1.18,44514463.00,0.06,22.58,21.76,208729525.96,73.00,,1600000.00,Indefinido
HCPR11,0.00,,0.00,63.81,,,3.50,,,118155565.38,8102.00,,0.00,Indefinido
HILG11,184.96,32.045300,45.15,247.10,0.75,0.00,9.93,70.03,,130037080.71,108.00,,526253.00,Indefinido
IDFI11,2.00,0.034026,0.00,1.60,1.25,,101.44,-50.79,-28.41,3283391.87,617.00,Ativa,2057925.00,Indefinido
IMOV11,0.00,0.090000,0.00,9.24,,,8.10,,,490615427.12,13027.00,,53092572.00,Indefinido
IRIM11,64.09,1.180000,15.79,82.68,0.77,2818588.10,5.17,0.44,0.31,2912600651.72,203118.00,,35225947.00,Indefinido
KCRE11,8.56,0.120000,13.55,9.24,0.93,312608.62,2.87,2.28,7.14,332577470.32,16931.00,,36000000.00,Indefinido
KFEN11,1100.00,10.930000,10.88,919.87,1.20,,1.81,,,164336412.55,129.00,,178651.00,Indefinido
KNHF11,91.11,1.000000,13.17,98.86,0.92,3346098.05,10.09,2.48,,1943815685.26,76929.00,,19663235.00,Indefinido
KNPR11,27.80,5.700000,30.61,90.52,0.31,17344.24,24.03,,,52495282.95,664.00,,579911.00,Indefinido
KNUQ11,104.82,1.300000,14.07,101.23,1.04,3713054.38,9.57,6.23,,2174949969.53,59637.00,,21484730.00,Indefinido
LAVF11,0.00,1.300000,0.00,0.00,,,3.50,,,0.00,7.00,,44600.00,Indefinido
LPLP11,241.90,3.100427,17.64,307.25,0.79,225.00,0.00,-20.61,,246211737.23,34.00,,801344.00,Indefinido
LRDI11,166.65,29.710137,44.21,77.01,2.16,3450.90,1.64,,,28512382.47,137.00,,370244.00,Indefinido
MANA11,9.05,0.120000,14.94,9.28,0.98,1630936.57,1.88,2.73,11.23,348306365.94,36923.00,,37536140.00,Indefinido
MATV11,86.63,0.600000,0.00,93.73,0.92,,15.13,,0.00,39926993.67,325.00,,425968.00,Indefinido
MFCR11,22.33,2.270000,0.00,0.00,,,,,-38.01,0.00,0.00,Ativa,0.00,Indefinido
MGRI11,58.18,0.830000,16.74,49.55,1.17,,1.35,-3.25,,16414592.94,1.00,,331255.00,Indefinido
MMPD11,67.03,0.880685,46.62,65.93,1.02,39.94,11.87,,-100.00,34973545.82,102.00,,530497.00,Indefinido
MMVE11,147.00,,0.00,155.76,0.94,27595.17,0.77,,2.79,78006254.56,129.00,,500814.00,Indefinido
OGHY11,8.72,0.090000,0.00,9.49,0.92,,72.24,,-4.40,25780971.88,1565.00,,2715373.00,Indefinido
PCAS11,0.00,77.142857,0.00,3814.83,,,0.34,,,267038196.73,100.00,,70000.00,Indefinido
PLAG11,60.54,0.650000,11.20,67.01,0.90,124638.19,5.25,9.02,18.35,365384017.56,13571.00,,5452634.00,Indefinido
PNLN11,0.00,,0.00,93.62,,,1.56,,,21678254.26,52.00,,231547.00,Indefinido
PNRC11,28.11,0.220000,14.07,10.32,2.72,0.00,16.20,-38.36,6.90,4230361.05,103.00,,410100.00,Indefinido
QNTS11,0.00,0.170000,0.00,178.26,,,1.40,,,243004399.58,135.00,,1363236.00,Indefinido
RBRK11,107.00,,0.00,116.43,0.92,0.00,2.24,,,202438110.51,19.00,,1738692.00,Indefinido
RBRU11,0.00,,0.00,63.81,,,3.50,,,118155565.38,8102.00,,0.00,Indefinido
RBRX11,7.53,0.090000,14.34,9.33,0.81,2291104.43,1.89,-4.37,4.39,1365462828.41,126394.00,,146354302.00,Indefinido
RCKF11,0.00,,0.00,63.81,,,3.50,,,118155565.38,8102.00,,0.00,Indefinido
RDCI11,0.00,0.430000,0.00,86.65,,,8.20,,,264679927.24,117.00,,3054449.00,Indefinido
RINV11,101.87,1.400000,13.23,104.38,0.98,579645.48,4.17,-4.95,10.67,525219586.93,4620.00,,5031676.00,Indefinido
RZDM11,550.16,2.900000,0.00,32.81,16.77,,100.81,,,5249451.62,4.00,,160000.00,Indefinido
SACL11,0.00,,0.00,63.81,,,3.50,,,118155565.38,8102.00,,0.00,Indefinido
SEED11,98.34,0.780000,11.55,92.14,1.07,,0.45,1.29,7.96,151102560.14,131.00,,1640000.00,Indefinido
SFRO11,0.00,,0.00,5.93,,,102.53,,,5191438.53,20.00,,875758.00,Indefinido
SHSO11,0.00,0.420000,0.00,98.85,,,4.29,,,19769049.00,1.00,,200000.00,Indefinido
SIGR11,99.90,1.295000,0.00,9.08,11.00,100.00,6.85,,-0.03,177146795.22,10966.00,,19514366.00,Indefinido
SNME11,9.44,0.220000,16.95,9.63,0.97,268905.05,12.16,,,71405656.97,8282.00,,7418243.00,Indefinido
SPDE11,1266.67,38.190000,12.92,1529.75,0.83,,1.91,,,139819047.00,120.00,,91400.00,Indefinido
SPMO11,120.00,0.430000,0.00,170.95,0.70,0.00,0.00,,,310318824.36,15.00,,1815277.00,Indefinido
SPXS11,7.42,0.099000,16.22,9.38,0.79,569064.19,15.97,0.67,2.79,189291594.23,20255.00,,20189040.00,Indefinido
SRVD11,3.00,0.200000,0.00,0.16,18.75,0.00,0.00,,-19.91,15718877.72,108.00,,96286020.00,Indefinido
SURE11,0.00,0.580000,0.00,10.36,,,33.59,,,111109065.27,1.00,,10728379.00,Indefinido
TELF11,0.00,,0.00,63.81,,,3.50,,,118155565.38,8102.00,,0.00,Indefinido
TELM11,9.90,0.120000,18.82,9.85,1.00,9894.71,49.51,,,30531787.05,374.00,,3100500.00,Indefinido
TJKB11,250.73,2.900000,13.72,277.44,0.90,89754.24,1.54,4.57,10.23,592195460.14,779.00,,2134524.00,Indefinido
TSNM11,0.00,,0.00,63.81,,,3.50,,,118155565.38,8102.00,,0.00,Indefinido
VDSV11,0.00,,0.00,851.62,,,15.57,,,33888393.44,83.00,,39793.00,Indefinido
VLIQ11,0.00,,0.00,0.00,,,3.50,,,0.00,1.00,,0.00,Indefinido
VTVI11,0.00,,0.00,22.04,,,2.65,,,39250530.22,1.00,,1780984.00,Indefinido
VVRI11,7.68,0.016000,49.56,90.29,0.09,1040896.37,0.04,-26.82,-53.32,158648835.64,147.00,,1757140.00,Indefinido
WHGR11,8.57,0.100000,13.99,9.62,0.89,199898.67,1.91,0.14,7.95,297241352.82,15098.00,,30912378.00,Indefinido
WSEC11,1.41,0.020354,7.45,1.47,0.96,1533.00,103.39,-1.67,28.15,3603090.71,918.00,,2456510.00,Indefinido
ZAVC11,9.12,0.130000,16.78,10.00,0.91,11297.48,10.46,,,35826708.48,841.00,,3582421.00,Indefinido
ZAVI11,9.53,0.120000,14.38,13.65,0.70,49006.33,4.10,-1.46,2.46,160177127.76,2524.00,,11733220.00,Indefinido
APTO11,8.04,0.090000,13.18,9.70,0.83,31968.33,12.23,-1.23,4.28,44754095.61,7532.00,,4612227.00,Imóveis Residenciais
APXR11,99.99,,0.00,77.15,1.30,124.63,0.17,,,8452657.95,178.00,,109567.00,Imóveis Residenciais
APXU11,100.00,,0.00,74.07,1.35,100000.00,18.77,,,7521262.77,49.00,,101542.00,Imóveis Residenciais
BIPE11,1000.00,,0.00,980.41,1.02,142666.67,11.35,,,94364786.13,104.00,,96250.00,Imóveis Residenciais
HGRS11,0.00,8.300000,0.00,0.00,,,3.50,,,0.00,6.00,,1492940.00,Imóveis Residenciais
HOSI11,74.82,0.158600,3.71,127.03,0.59,3234.75,2.92,-16.46,11.16,72842814.49,966.00,,573450.00,Imóveis Residenciais
HPDR11,0.00,,0.00,98.92,,,0.94,,,39566946.79,3.00,,400000.00,Imóveis Residenciais
HRES11,141.53,8.735900,26.57,92.77,1.53,2140733.00,17.57,,,43439156.22,138.00,,468241.00,Imóveis Residenciais
ICNE11,690.00,10.886704,19.63,534.84,1.29,413.00,0.37,,,64180250.87,11.00,,120000.00,Imóveis Residenciais
JFLL11,54.06,0.200000,8.27,104.62,0.52,44234.29,1.34,-15.54,3.99,156996311.63,2026.00,,1500598.00,Imóveis Residenciais
LTMT11,93.78,8.379118,0.00,94.32,0.99,0.00,4.10,,,14761259.94,114.00,,156501.00,Imóveis Residenciais
OBAL11,1095.00,86.406074,16.43,1616.88,0.68,1095.00,36.22,,,228431257.24,108.00,,141279.00,Imóveis Residenciais
PMRL11,109.62,0.573000,0.52,86.09,1.27,32185.80,0.46,,,33934013.09,1453.00,,394163.00,Imóveis Residenciais
PNCR11,45.20,1.560000,5.29,46.07,0.98,,101.19,,11.74,23037047.12,112.00,,500000.00,Imóveis Residenciais
RBFY11,72.00,0.320000,1.19,94.22,0.76,6309.00,2.76,,,91378314.44,82.00,,969847.00,Imóveis Residenciais
RJDA11,115.00,,0.00,,,0.00,,,,,,,0.00,Imóveis Residenciais
VCRR11,53.50,0.650000,10.37,103.84,0.52,163508.14,7.62,-12.45,-3.99,207689266.27,2617.00,,2000000.00,Imóveis Residenciais
GCDL11,125.74,,0.00,111.62,1.13,12975.40,0.20,,,44215380.06,2030.00,,396111.00,Logística
GFDL11,118.86,0.160000,0.00,98.45,1.21,22514.27,0.29,,,25096674.02,1772.00,,254927.00,Logística
GLPF11,110.04,1.450000,9.32,105.15,1.05,23340.75,0.48,,,158244619.70,2461.00,,1505000.00,Logística
GRUL11,8.20,0.080000,11.71,9.70,0.85,295185.71,1.73,,,239704425.92,5119.00,,24700000.00,Logística
KLOG11,0.00,,0.00,0.94,,,0.47,,,383233239.20,354.00,,406398891.00,Logística
SPXG11,0.00,,0.00,9.77,,,2.86,,,7465587.91,61.00,,764368.00,Logística
SPXL11,0.00,,0.00,8.74,,,1.92,,,38445152.79,28.00,,4397344.00,Logística
